{
"type": "FeatureCollection",
"name": "buildings",
"crs": { "type": "name", "properties": { "name": "urn:ogc:def:crs:OGC:1.3:CRS84" } },
"features": [
{ "type": "Feature", "properties": { "full_id": "w1037696063", "osm_id": "1037696063", "osm_type": "way", "building": "apartments", "addr:city": null, "roof:shape": null, "addr:street": null, "addr:housenumber": null, "layer": null, "building:levels": null }, "geometry": { "type": "MultiPolygon", "coordinates": [ [ [ [ 92.3900145, 26.3972951 ], [ 92.3900149, 26.3971754 ], [ 92.3900974, 26.3971755 ], [ 92.390097, 26.3972952 ], [ 92.3900145, 26.3972951 ] ] ] ] } },
{ "type": "Feature", "properties": { "full_id": "w1037696064", "osm_id": "1037696064", "osm_type": "way", "building": "apartments", "addr:city": null, "roof:shape": null, "addr:street": null, "addr:housenumber": null, "layer": null, "building:levels": null }, "geometry": { "type": "MultiPolygon", "coordinates": [ [ [ [ 92.3896018, 26.397074 ], [ 92.3896012, 26.39703 ], [ 92.389627, 26.3970296 ], [ 92.3896276, 26.3970737 ], [ 92.3896018, 26.397074 ] ] ] ] } },
{ "type": "Feature", "properties": { "full_id": "w1037696071", "osm_id": "1037696071", "osm_type": "way", "building": "apartments", "addr:city": null, "roof:shape": null, "addr:street": null, "addr:housenumber": null, "layer": null, "building:levels": null }, "geometry": { "type": "MultiPolygon", "coordinates": [ [ [ [ 92.3909556, 26.3984105 ], [ 92.3909567, 26.3983623 ], [ 92.3910212, 26.3983635 ], [ 92.3910201, 26.3984116 ], [ 92.3909556, 26.3984105 ] ] ] ] } },
{ "type": "Feature", "properties": { "full_id": "w1037696072", "osm_id": "1037696072", "osm_type": "way", "building": "apartments", "addr:city": null, "roof:shape": null, "addr:street": null, "addr:housenumber": null, "layer": null, "building:levels": null }, "geometry": { "type": "MultiPolygon", "coordinates": [ [ [ [ 92.3911139, 26.3984032 ], [ 92.3911148, 26.3983812 ], [ 92.391153, 26.3983825 ], [ 92.391152, 26.3984045 ], [ 92.3911139, 26.3984032 ] ] ] ] } },
{ "type": "Feature", "properties": { "full_id": "w1037696074", "osm_id": "1037696074", "osm_type": "way", "building": "apartments", "addr:city": null, "roof:shape": null, "addr:street": null, "addr:housenumber": null, "layer": null, "building:levels": null }, "geometry": { "type": "MultiPolygon", "coordinates": [ [ [ [ 92.3896805, 26.3989337 ], [ 92.3896805, 26.3988386 ], [ 92.3897546, 26.3988386 ], [ 92.3897545, 26.3989338 ], [ 92.3896805, 26.3989337 ] ] ] ] } },
{ "type": "Feature", "properties": { "full_id": "w1037696075", "osm_id": "1037696075", "osm_type": "way", "building": "apartments", "addr:city": null, "roof:shape": null, "addr:street": null, "addr:housenumber": null, "layer": null, "building:levels": null }, "geometry": { "type": "MultiPolygon", "coordinates": [ [ [ [ 92.3895871, 26.398903 ], [ 92.3895872, 26.3988414 ], [ 92.389658, 26.3988415 ], [ 92.3896579, 26.398903 ], [ 92.3895871, 26.398903 ] ] ] ] } },
{ "type": "Feature", "properties": { "full_id": "w1037696076", "osm_id": "1037696076", "osm_type": "way", "building": "apartments", "addr:city": null, "roof:shape": null, "addr:street": null, "addr:housenumber": null, "layer": null, "building:levels": null }, "geometry": { "type": "MultiPolygon", "coordinates": [ [ [ [ 92.3901887, 26.3991351 ], [ 92.3901893, 26.3990639 ], [ 92.3902414, 26.3990643 ], [ 92.3902408, 26.3991355 ], [ 92.3901887, 26.3991351 ] ] ] ] } },
{ "type": "Feature", "properties": { "full_id": "w1037696077", "osm_id": "1037696077", "osm_type": "way", "building": "apartments", "addr:city": null, "roof:shape": null, "addr:street": null, "addr:housenumber": null, "layer": null, "building:levels": null }, "geometry": { "type": "MultiPolygon", "coordinates": [ [ [ [ 92.3902777, 26.3992298 ], [ 92.3902785, 26.3991954 ], [ 92.3903822, 26.3991972 ], [ 92.3903815, 26.3992316 ], [ 92.3902777, 26.3992298 ] ] ] ] } },
{ "type": "Feature", "properties": { "full_id": "w1037696078", "osm_id": "1037696078", "osm_type": "way", "building": "apartments", "addr:city": null, "roof:shape": null, "addr:street": null, "addr:housenumber": null, "layer": null, "building:levels": null }, "geometry": { "type": "MultiPolygon", "coordinates": [ [ [ [ 92.3902545, 26.3990525 ], [ 92.3902566, 26.3990108 ], [ 92.3903476, 26.3990144 ], [ 92.3903456, 26.3990561 ], [ 92.3902545, 26.3990525 ] ] ] ] } },
{ "type": "Feature", "properties": { "full_id": "w1037696081", "osm_id": "1037696081", "osm_type": "way", "building": "apartments", "addr:city": null, "roof:shape": null, "addr:street": null, "addr:housenumber": null, "layer": null, "building:levels": null }, "geometry": { "type": "MultiPolygon", "coordinates": [ [ [ [ 92.3922275, 26.3985625 ], [ 92.3922263, 26.3984867 ], [ 92.3922808, 26.3984861 ], [ 92.392282, 26.3985618 ], [ 92.3922275, 26.3985625 ] ] ] ] } },
{ "type": "Feature", "properties": { "full_id": "w1037696082", "osm_id": "1037696082", "osm_type": "way", "building": "apartments", "addr:city": null, "roof:shape": null, "addr:street": null, "addr:housenumber": null, "layer": null, "building:levels": null }, "geometry": { "type": "MultiPolygon", "coordinates": [ [ [ [ 92.3922984, 26.3984695 ], [ 92.3922939, 26.3983512 ], [ 92.3923503, 26.3983495 ], [ 92.3923548, 26.3984678 ], [ 92.3922984, 26.3984695 ] ] ] ] } },
{ "type": "Feature", "properties": { "full_id": "w1037696086", "osm_id": "1037696086", "osm_type": "way", "building": "apartments", "addr:city": null, "roof:shape": null, "addr:street": null, "addr:housenumber": null, "layer": null, "building:levels": null }, "geometry": { "type": "MultiPolygon", "coordinates": [ [ [ [ 92.3917794, 26.3993781 ], [ 92.3918284, 26.3993789 ], [ 92.3918289, 26.3993532 ], [ 92.3917799, 26.3993524 ], [ 92.3917794, 26.3993781 ] ] ] ] } },
{ "type": "Feature", "properties": { "full_id": "w1037696087", "osm_id": "1037696087", "osm_type": "way", "building": "apartments", "addr:city": null, "roof:shape": null, "addr:street": null, "addr:housenumber": null, "layer": null, "building:levels": null }, "geometry": { "type": "MultiPolygon", "coordinates": [ [ [ [ 92.3917849, 26.3996946 ], [ 92.3917813, 26.39962 ], [ 92.3918485, 26.3996174 ], [ 92.3918521, 26.399692 ], [ 92.3917849, 26.3996946 ] ] ] ] } },
{ "type": "Feature", "properties": { "full_id": "w1037696088", "osm_id": "1037696088", "osm_type": "way", "building": "apartments", "addr:city": null, "roof:shape": null, "addr:street": null, "addr:housenumber": null, "layer": null, "building:levels": null }, "geometry": { "type": "MultiPolygon", "coordinates": [ [ [ [ 92.3910646, 26.3993762 ], [ 92.3910642, 26.3993447 ], [ 92.3911522, 26.3993436 ], [ 92.3911526, 26.3993752 ], [ 92.3910646, 26.3993762 ] ] ] ] } },
{ "type": "Feature", "properties": { "full_id": "w1037697463", "osm_id": "1037697463", "osm_type": "way", "building": "apartments", "addr:city": null, "roof:shape": null, "addr:street": null, "addr:housenumber": null, "layer": null, "building:levels": null }, "geometry": { "type": "MultiPolygon", "coordinates": [ [ [ [ 92.3909598, 26.3994912 ], [ 92.3909512, 26.3993905 ], [ 92.3910161, 26.3993861 ], [ 92.3910247, 26.3994868 ], [ 92.3909598, 26.3994912 ] ] ] ] } },
{ "type": "Feature", "properties": { "full_id": "w1037697468", "osm_id": "1037697468", "osm_type": "way", "building": "apartments", "addr:city": null, "roof:shape": null, "addr:street": null, "addr:housenumber": null, "layer": null, "building:levels": null }, "geometry": { "type": "MultiPolygon", "coordinates": [ [ [ [ 92.3906185, 26.4001078 ], [ 92.3906005, 26.400032 ], [ 92.3906534, 26.4000219 ], [ 92.3906714, 26.4000977 ], [ 92.3906185, 26.4001078 ] ] ] ] } },
{ "type": "Feature", "properties": { "full_id": "w1037697469", "osm_id": "1037697469", "osm_type": "way", "building": "apartments", "addr:city": null, "roof:shape": null, "addr:street": null, "addr:housenumber": null, "layer": null, "building:levels": null }, "geometry": { "type": "MultiPolygon", "coordinates": [ [ [ [ 92.3907156, 26.4003444 ], [ 92.39069, 26.4002667 ], [ 92.3907651, 26.4002469 ], [ 92.3907907, 26.4003245 ], [ 92.3907156, 26.4003444 ] ] ] ] } },
{ "type": "Feature", "properties": { "full_id": "w1037697470", "osm_id": "1037697470", "osm_type": "way", "building": "apartments", "addr:city": null, "roof:shape": null, "addr:street": null, "addr:housenumber": null, "layer": null, "building:levels": null }, "geometry": { "type": "MultiPolygon", "coordinates": [ [ [ [ 92.3907336, 26.4004373 ], [ 92.3907203, 26.4003584 ], [ 92.3907784, 26.4003506 ], [ 92.3907917, 26.4004294 ], [ 92.3907336, 26.4004373 ] ] ] ] } },
{ "type": "Feature", "properties": { "full_id": "w1037697471", "osm_id": "1037697471", "osm_type": "way", "building": "apartments", "addr:city": null, "roof:shape": null, "addr:street": null, "addr:housenumber": null, "layer": null, "building:levels": null }, "geometry": { "type": "MultiPolygon", "coordinates": [ [ [ [ 92.3903818, 26.3998335 ], [ 92.3903799, 26.399769 ], [ 92.3904277, 26.3997679 ], [ 92.3904297, 26.3998323 ], [ 92.3903818, 26.3998335 ] ] ] ] } },
{ "type": "Feature", "properties": { "full_id": "w1037697472", "osm_id": "1037697472", "osm_type": "way", "building": "apartments", "addr:city": null, "roof:shape": null, "addr:street": null, "addr:housenumber": null, "layer": null, "building:levels": null }, "geometry": { "type": "MultiPolygon", "coordinates": [ [ [ [ 92.3907529, 26.4005131 ], [ 92.3907448, 26.4004517 ], [ 92.3908211, 26.4004436 ], [ 92.3908292, 26.4005051 ], [ 92.3907529, 26.4005131 ] ] ] ] } },
{ "type": "Feature", "properties": { "full_id": "w1037699138", "osm_id": "1037699138", "osm_type": "way", "building": "apartments", "addr:city": null, "roof:shape": null, "addr:street": null, "addr:housenumber": null, "layer": null, "building:levels": null }, "geometry": { "type": "MultiPolygon", "coordinates": [ [ [ [ 92.3914859, 26.4000227 ], [ 92.3914743, 26.3999227 ], [ 92.3915441, 26.3999162 ], [ 92.3915557, 26.4000162 ], [ 92.3914859, 26.4000227 ] ] ] ] } },
{ "type": "Feature", "properties": { "full_id": "w1037699139", "osm_id": "1037699139", "osm_type": "way", "building": "apartments", "addr:city": null, "roof:shape": null, "addr:street": null, "addr:housenumber": null, "layer": null, "building:levels": null }, "geometry": { "type": "MultiPolygon", "coordinates": [ [ [ [ 92.3919927, 26.4000053 ], [ 92.3919891, 26.3999377 ], [ 92.3920368, 26.3999356 ], [ 92.3920405, 26.4000033 ], [ 92.3919927, 26.4000053 ] ] ] ] } },
{ "type": "Feature", "properties": { "full_id": "w1037699140", "osm_id": "1037699140", "osm_type": "way", "building": "apartments", "addr:city": null, "roof:shape": null, "addr:street": null, "addr:housenumber": null, "layer": null, "building:levels": null }, "geometry": { "type": "MultiPolygon", "coordinates": [ [ [ [ 92.3920781, 26.4006988 ], [ 92.3920737, 26.400597 ], [ 92.3921241, 26.4005953 ], [ 92.3921284, 26.4006971 ], [ 92.3920781, 26.4006988 ] ] ] ] } },
{ "type": "Feature", "properties": { "full_id": "w1037699141", "osm_id": "1037699141", "osm_type": "way", "building": "apartments", "addr:city": null, "roof:shape": null, "addr:street": null, "addr:housenumber": null, "layer": null, "building:levels": null }, "geometry": { "type": "MultiPolygon", "coordinates": [ [ [ [ 92.3922496, 26.4009529 ], [ 92.3922504, 26.4008443 ], [ 92.392312, 26.4008446 ], [ 92.3923111, 26.4009533 ], [ 92.3922496, 26.4009529 ] ] ] ] } },
{ "type": "Feature", "properties": { "full_id": "w1037699142", "osm_id": "1037699142", "osm_type": "way", "building": "apartments", "addr:city": null, "roof:shape": null, "addr:street": null, "addr:housenumber": null, "layer": null, "building:levels": null }, "geometry": { "type": "MultiPolygon", "coordinates": [ [ [ [ 92.3922461, 26.4006893 ], [ 92.3922453, 26.4006024 ], [ 92.3922975, 26.400602 ], [ 92.3922983, 26.4006889 ], [ 92.3922461, 26.4006893 ] ] ] ] } },
{ "type": "Feature", "properties": { "full_id": "w1037699145", "osm_id": "1037699145", "osm_type": "way", "building": "apartments", "addr:city": null, "roof:shape": null, "addr:street": null, "addr:housenumber": null, "layer": null, "building:levels": null }, "geometry": { "type": "MultiPolygon", "coordinates": [ [ [ [ 92.3930826, 26.4007106 ], [ 92.3930808, 26.4006797 ], [ 92.3931188, 26.400678 ], [ 92.3931205, 26.4007089 ], [ 92.3930826, 26.4007106 ] ] ] ] } },
{ "type": "Feature", "properties": { "full_id": "w1037699146", "osm_id": "1037699146", "osm_type": "way", "building": "apartments", "addr:city": null, "roof:shape": null, "addr:street": null, "addr:housenumber": null, "layer": null, "building:levels": null }, "geometry": { "type": "MultiPolygon", "coordinates": [ [ [ [ 92.3929064, 26.400971 ], [ 92.3929078, 26.4009369 ], [ 92.3929846, 26.4009394 ], [ 92.3929832, 26.4009735 ], [ 92.3929064, 26.400971 ] ] ] ] } },
{ "type": "Feature", "properties": { "full_id": "w1037699147", "osm_id": "1037699147", "osm_type": "way", "building": "apartments", "addr:city": null, "roof:shape": null, "addr:street": null, "addr:housenumber": null, "layer": null, "building:levels": null }, "geometry": { "type": "MultiPolygon", "coordinates": [ [ [ [ 92.3923236, 26.4015941 ], [ 92.3923236, 26.4015657 ], [ 92.392378, 26.4015657 ], [ 92.392378, 26.401594 ], [ 92.3923236, 26.4015941 ] ] ] ] } },
{ "type": "Feature", "properties": { "full_id": "w1037699148", "osm_id": "1037699148", "osm_type": "way", "building": "apartments", "addr:city": null, "roof:shape": null, "addr:street": null, "addr:housenumber": null, "layer": null, "building:levels": null }, "geometry": { "type": "MultiPolygon", "coordinates": [ [ [ [ 92.3924719, 26.4016875 ], [ 92.3924715, 26.4016594 ], [ 92.3925809, 26.4016582 ], [ 92.3925813, 26.4016863 ], [ 92.3924719, 26.4016875 ] ] ] ] } },
{ "type": "Feature", "properties": { "full_id": "w1037699286", "osm_id": "1037699286", "osm_type": "way", "building": "apartments", "addr:city": null, "roof:shape": null, "addr:street": null, "addr:housenumber": null, "layer": null, "building:levels": null }, "geometry": { "type": "MultiPolygon", "coordinates": [ [ [ [ 92.3935243, 26.4015762 ], [ 92.3935264, 26.4014923 ], [ 92.3935917, 26.4014937 ], [ 92.3935896, 26.4015776 ], [ 92.3935243, 26.4015762 ] ] ] ] } },
{ "type": "Feature", "properties": { "full_id": "w1037699287", "osm_id": "1037699287", "osm_type": "way", "building": "apartments", "addr:city": null, "roof:shape": null, "addr:street": null, "addr:housenumber": null, "layer": null, "building:levels": null }, "geometry": { "type": "MultiPolygon", "coordinates": [ [ [ [ 92.3936705, 26.401592 ], [ 92.393676, 26.4014982 ], [ 92.3937353, 26.401501 ], [ 92.3937297, 26.4015948 ], [ 92.3936705, 26.401592 ] ] ] ] } },
{ "type": "Feature", "properties": { "full_id": "w1037702758", "osm_id": "1037702758", "osm_type": "way", "building": "apartments", "addr:city": null, "roof:shape": null, "addr:street": null, "addr:housenumber": null, "layer": null, "building:levels": null }, "geometry": { "type": "MultiPolygon", "coordinates": [ [ [ [ 92.2800458, 26.3875808 ], [ 92.2800339, 26.3876418 ], [ 92.2801652, 26.3876624 ], [ 92.2801556, 26.3877114 ], [ 92.2799684, 26.387682 ], [ 92.2799899, 26.387572 ], [ 92.2800458, 26.3875808 ] ] ] ] } },
{ "type": "Feature", "properties": { "full_id": "w1037702760", "osm_id": "1037702760", "osm_type": "way", "building": "apartments", "addr:city": null, "roof:shape": null, "addr:street": null, "addr:housenumber": null, "layer": null, "building:levels": null }, "geometry": { "type": "MultiPolygon", "coordinates": [ [ [ [ 92.2805011, 26.3879447 ], [ 92.280536, 26.3879488 ], [ 92.2805429, 26.387901 ], [ 92.280508, 26.387897 ], [ 92.2805011, 26.3879447 ] ] ] ] } },
{ "type": "Feature", "properties": { "full_id": "w1035899797", "osm_id": "1035899797", "osm_type": "way", "building": "house", "addr:city": null, "roof:shape": null, "addr:street": null, "addr:housenumber": null, "layer": null, "building:levels": null }, "geometry": { "type": "MultiPolygon", "coordinates": [ [ [ [ 92.2433565, 26.3956538 ], [ 92.2433511, 26.3955769 ], [ 92.2434262, 26.3955481 ], [ 92.2434369, 26.3956586 ], [ 92.2433565, 26.3956538 ] ] ] ] } },
{ "type": "Feature", "properties": { "full_id": "w1035899798", "osm_id": "1035899798", "osm_type": "way", "building": "house", "addr:city": null, "roof:shape": null, "addr:street": null, "addr:housenumber": null, "layer": null, "building:levels": null }, "geometry": { "type": "MultiPolygon", "coordinates": [ [ [ [ 92.2427986, 26.3955433 ], [ 92.2427878, 26.395476 ], [ 92.2428576, 26.3954616 ], [ 92.2428737, 26.3955385 ], [ 92.2427986, 26.3955433 ] ] ] ] } },
{ "type": "Feature", "properties": { "full_id": "w1035899799", "osm_id": "1035899799", "osm_type": "way", "building": "house", "addr:city": null, "roof:shape": null, "addr:street": null, "addr:housenumber": null, "layer": null, "building:levels": null }, "geometry": { "type": "MultiPolygon", "coordinates": [ [ [ [ 92.2430346, 26.395894 ], [ 92.2430078, 26.3957931 ], [ 92.243056, 26.3957835 ], [ 92.2430687, 26.3958312 ], [ 92.2430829, 26.3958844 ], [ 92.2430346, 26.395894 ] ] ] ] } },
{ "type": "Feature", "properties": { "full_id": "w1035899800", "osm_id": "1035899800", "osm_type": "way", "building": "house", "addr:city": null, "roof:shape": null, "addr:street": null, "addr:housenumber": null, "layer": null, "building:levels": null }, "geometry": { "type": "MultiPolygon", "coordinates": [ [ [ [ 92.242997, 26.3961535 ], [ 92.2429702, 26.3960286 ], [ 92.2430721, 26.3959709 ], [ 92.243099, 26.396067 ], [ 92.2430507, 26.3960766 ], [ 92.2430721, 26.3961535 ], [ 92.242997, 26.3961535 ] ] ] ] } },
{ "type": "Feature", "properties": { "full_id": "w1035899802", "osm_id": "1035899802", "osm_type": "way", "building": "house", "addr:city": null, "roof:shape": null, "addr:street": null, "addr:housenumber": null, "layer": null, "building:levels": null }, "geometry": { "type": "MultiPolygon", "coordinates": [ [ [ [ 92.2431151, 26.3948657 ], [ 92.2431151, 26.3947937 ], [ 92.243276, 26.3947744 ], [ 92.2432706, 26.3948513 ], [ 92.2431151, 26.3948657 ] ] ] ] } },
{ "type": "Feature", "properties": { "full_id": "w1035970135", "osm_id": "1035970135", "osm_type": "way", "building": "house", "addr:city": null, "roof:shape": null, "addr:street": null, "addr:housenumber": null, "layer": null, "building:levels": "0" }, "geometry": { "type": "MultiPolygon", "coordinates": [ [ [ [ 92.3489092, 26.387501 ], [ 92.3487524, 26.3874941 ], [ 92.3487544, 26.3874574 ], [ 92.3487062, 26.3874553 ], [ 92.3487081, 26.3874212 ], [ 92.3487546, 26.3874232 ], [ 92.348756, 26.3873972 ], [ 92.3489145, 26.3874042 ], [ 92.3489092, 26.387501 ] ] ] ] } },
{ "type": "Feature", "properties": { "full_id": "w1035970159", "osm_id": "1035970159", "osm_type": "way", "building": "house", "addr:city": null, "roof:shape": null, "addr:street": null, "addr:housenumber": null, "layer": null, "building:levels": null }, "geometry": { "type": "MultiPolygon", "coordinates": [ [ [ [ 92.4393692, 26.4059703 ], [ 92.4393717, 26.4058819 ], [ 92.4395026, 26.4058849 ], [ 92.4395001, 26.4059734 ], [ 92.4393692, 26.4059703 ] ] ] ] } },
{ "type": "Feature", "properties": { "full_id": "w1035971644", "osm_id": "1035971644", "osm_type": "way", "building": "house", "addr:city": null, "roof:shape": null, "addr:street": null, "addr:housenumber": null, "layer": null, "building:levels": null }, "geometry": { "type": "MultiPolygon", "coordinates": [ [ [ [ 92.4423541, 26.404544 ], [ 92.4423434, 26.4044782 ], [ 92.4424883, 26.4044689 ], [ 92.4424955, 26.4045251 ], [ 92.4423541, 26.404544 ] ] ] ] } },
{ "type": "Feature", "properties": { "full_id": "w1035971696", "osm_id": "1035971696", "osm_type": "way", "building": "house", "addr:city": null, "roof:shape": null, "addr:street": null, "addr:housenumber": null, "layer": null, "building:levels": null }, "geometry": { "type": "MultiPolygon", "coordinates": [ [ [ [ 92.4413918, 26.4035008 ], [ 92.4413946, 26.4033862 ], [ 92.4415409, 26.4033891 ], [ 92.441538, 26.4035037 ], [ 92.4413918, 26.4035008 ] ] ] ] } },
{ "type": "Feature", "properties": { "full_id": "w1035971974", "osm_id": "1035971974", "osm_type": "way", "building": "house", "addr:city": null, "roof:shape": null, "addr:street": null, "addr:housenumber": null, "layer": null, "building:levels": null }, "geometry": { "type": "MultiPolygon", "coordinates": [ [ [ [ 92.4441247, 26.4064308 ], [ 92.4441232, 26.4062532 ], [ 92.4442869, 26.4062521 ], [ 92.4442884, 26.4064297 ], [ 92.4441247, 26.4064308 ] ] ] ] } },
{ "type": "Feature", "properties": { "full_id": "w1035972265", "osm_id": "1035972265", "osm_type": "way", "building": "house", "addr:city": null, "roof:shape": null, "addr:street": null, "addr:housenumber": null, "layer": null, "building:levels": null }, "geometry": { "type": "MultiPolygon", "coordinates": [ [ [ [ 92.4439362, 26.4057645 ], [ 92.4439304, 26.4056808 ], [ 92.4440945, 26.4056717 ], [ 92.4441004, 26.4057553 ], [ 92.4439362, 26.4057645 ] ] ] ] } },
{ "type": "Feature", "properties": { "full_id": "w1035972634", "osm_id": "1035972634", "osm_type": "way", "building": "house", "addr:city": null, "roof:shape": null, "addr:street": null, "addr:housenumber": null, "layer": null, "building:levels": null }, "geometry": { "type": "MultiPolygon", "coordinates": [ [ [ [ 92.4433906, 26.4057671 ], [ 92.4433876, 26.4056591 ], [ 92.4435915, 26.4056546 ], [ 92.4435945, 26.4057626 ], [ 92.4433906, 26.4057671 ] ] ] ] } },
{ "type": "Feature", "properties": { "full_id": "w1035972637", "osm_id": "1035972637", "osm_type": "way", "building": "house", "addr:city": null, "roof:shape": null, "addr:street": null, "addr:housenumber": null, "layer": null, "building:levels": null }, "geometry": { "type": "MultiPolygon", "coordinates": [ [ [ [ 92.4437136, 26.4057264 ], [ 92.4437136, 26.4056472 ], [ 92.4438021, 26.4056472 ], [ 92.4438021, 26.4057264 ], [ 92.4437136, 26.4057264 ] ] ] ] } },
{ "type": "Feature", "properties": { "full_id": "w1035972715", "osm_id": "1035972715", "osm_type": "way", "building": "house", "addr:city": null, "roof:shape": null, "addr:street": null, "addr:housenumber": null, "layer": null, "building:levels": null }, "geometry": { "type": "MultiPolygon", "coordinates": [ [ [ [ 92.4429546, 26.4046526 ], [ 92.4429546, 26.4045229 ], [ 92.4430726, 26.4045277 ], [ 92.4430672, 26.4046526 ], [ 92.4429546, 26.4046526 ] ] ] ] } },
{ "type": "Feature", "properties": { "full_id": "w1035972799", "osm_id": "1035972799", "osm_type": "way", "building": "house", "addr:city": null, "roof:shape": null, "addr:street": null, "addr:housenumber": null, "layer": null, "building:levels": null }, "geometry": { "type": "MultiPolygon", "coordinates": [ [ [ [ 92.4406509, 26.4033304 ], [ 92.4406391, 26.4031246 ], [ 92.4408277, 26.4031159 ], [ 92.4408395, 26.4033217 ], [ 92.4406509, 26.4033304 ] ] ] ] } },
{ "type": "Feature", "properties": { "full_id": "w1035972994", "osm_id": "1035972994", "osm_type": "way", "building": "house", "addr:city": null, "roof:shape": null, "addr:street": null, "addr:housenumber": null, "layer": null, "building:levels": null }, "geometry": { "type": "MultiPolygon", "coordinates": [ [ [ [ 92.4870326, 26.4588898 ], [ 92.487024, 26.4585429 ], [ 92.4872134, 26.4585506 ], [ 92.4872306, 26.4588975 ], [ 92.4870326, 26.4588898 ] ] ] ] } },
{ "type": "Feature", "properties": { "full_id": "w1035972995", "osm_id": "1035972995", "osm_type": "way", "building": "house", "addr:city": null, "roof:shape": null, "addr:street": null, "addr:housenumber": null, "layer": null, "building:levels": null }, "geometry": { "type": "MultiPolygon", "coordinates": [ [ [ [ 92.4864592, 26.4581084 ], [ 92.4864941, 26.4579746 ], [ 92.4868695, 26.4580331 ], [ 92.4868577, 26.4581842 ], [ 92.4864592, 26.4581084 ] ] ] ] } },
{ "type": "Feature", "properties": { "full_id": "w1035972996", "osm_id": "1035972996", "osm_type": "way", "building": "house", "addr:city": null, "roof:shape": null, "addr:street": null, "addr:housenumber": null, "layer": null, "building:levels": null }, "geometry": { "type": "MultiPolygon", "coordinates": [ [ [ [ 92.4857664, 26.4577706 ], [ 92.4857931, 26.457635 ], [ 92.4860962, 26.4576829 ], [ 92.486065, 26.4578185 ], [ 92.4857664, 26.4577706 ] ] ] ] } },
{ "type": "Feature", "properties": { "full_id": "w1035973142", "osm_id": "1035973142", "osm_type": "way", "building": "house", "addr:city": null, "roof:shape": null, "addr:street": null, "addr:housenumber": null, "layer": null, "building:levels": null }, "geometry": { "type": "MultiPolygon", "coordinates": [ [ [ [ 92.4393508, 26.4045493 ], [ 92.4393466, 26.4044961 ], [ 92.4394359, 26.4044905 ], [ 92.43944, 26.4045437 ], [ 92.4393508, 26.4045493 ] ] ] ] } },
{ "type": "Feature", "properties": { "full_id": "w1035973403", "osm_id": "1035973403", "osm_type": "way", "building": "house", "addr:city": null, "roof:shape": null, "addr:street": null, "addr:housenumber": null, "layer": null, "building:levels": null }, "geometry": { "type": "MultiPolygon", "coordinates": [ [ [ [ 92.4391025, 26.404455 ], [ 92.4391043, 26.4043783 ], [ 92.4392066, 26.4043802 ], [ 92.4392049, 26.4044568 ], [ 92.4391025, 26.404455 ] ] ] ] } },
{ "type": "Feature", "properties": { "full_id": "w1035974083", "osm_id": "1035974083", "osm_type": "way", "building": "house", "addr:city": null, "roof:shape": null, "addr:street": null, "addr:housenumber": null, "layer": null, "building:levels": null }, "geometry": { "type": "MultiPolygon", "coordinates": [ [ [ [ 92.5180718, 26.4397064 ], [ 92.5180698, 26.4396676 ], [ 92.5181898, 26.4396456 ], [ 92.5181928, 26.4396956 ], [ 92.5180718, 26.4397064 ] ] ] ] } },
{ "type": "Feature", "properties": { "full_id": "w1035974819", "osm_id": "1035974819", "osm_type": "way", "building": "house", "addr:city": null, "roof:shape": null, "addr:street": null, "addr:housenumber": null, "layer": null, "building:levels": null }, "geometry": { "type": "MultiPolygon", "coordinates": [ [ [ [ 92.5179318, 26.439992 ], [ 92.5179745, 26.4399954 ], [ 92.517954, 26.4398852 ], [ 92.5179068, 26.4398799 ], [ 92.5179318, 26.439992 ] ] ] ] } },
{ "type": "Feature", "properties": { "full_id": "w1035974820", "osm_id": "1035974820", "osm_type": "way", "building": "house", "addr:city": null, "roof:shape": null, "addr:street": null, "addr:housenumber": null, "layer": null, "building:levels": null }, "geometry": { "type": "MultiPolygon", "coordinates": [ [ [ [ 92.5182042, 26.4394429 ], [ 92.5182657, 26.4394276 ], [ 92.5182554, 26.4393573 ], [ 92.5181837, 26.4393573 ], [ 92.5182042, 26.4394429 ] ] ] ] } },
{ "type": "Feature", "properties": { "full_id": "w1035974821", "osm_id": "1035974821", "osm_type": "way", "building": "house", "addr:city": null, "roof:shape": null, "addr:street": null, "addr:housenumber": null, "layer": null, "building:levels": null }, "geometry": { "type": "MultiPolygon", "coordinates": [ [ [ [ 92.518153, 26.4391401 ], [ 92.5182042, 26.4391432 ], [ 92.5181803, 26.43903 ], [ 92.5181359, 26.43903 ], [ 92.518153, 26.4391401 ] ] ] ] } },
{ "type": "Feature", "properties": { "full_id": "w1035974822", "osm_id": "1035974822", "osm_type": "way", "building": "house", "addr:city": null, "roof:shape": null, "addr:street": null, "addr:housenumber": null, "layer": null, "building:levels": null }, "geometry": { "type": "MultiPolygon", "coordinates": [ [ [ [ 92.518416, 26.440388 ], [ 92.5185014, 26.4403696 ], [ 92.5184843, 26.4403329 ], [ 92.5184057, 26.4403513 ], [ 92.518416, 26.440388 ] ] ] ] } },
{ "type": "Feature", "properties": { "full_id": "w1035975173", "osm_id": "1035975173", "osm_type": "way", "building": "house", "addr:city": null, "roof:shape": null, "addr:street": null, "addr:housenumber": null, "layer": null, "building:levels": null }, "geometry": { "type": "MultiPolygon", "coordinates": [ [ [ [ 92.518802, 26.440232 ], [ 92.5188293, 26.4402045 ], [ 92.5189007, 26.4402287 ], [ 92.5189283, 26.4402381 ], [ 92.5188942, 26.4402717 ], [ 92.518802, 26.440232 ] ] ] ] } },
{ "type": "Feature", "properties": { "full_id": "w1035975406", "osm_id": "1035975406", "osm_type": "way", "building": "house", "addr:city": null, "roof:shape": null, "addr:street": null, "addr:housenumber": null, "layer": null, "building:levels": null }, "geometry": { "type": "MultiPolygon", "coordinates": [ [ [ [ 92.4873272, 26.456212 ], [ 92.4873427, 26.4561328 ], [ 92.4874533, 26.4561566 ], [ 92.4874489, 26.4562477 ], [ 92.4873272, 26.456212 ] ] ] ] } },
{ "type": "Feature", "properties": { "full_id": "w1035975519", "osm_id": "1035975519", "osm_type": "way", "building": "house", "addr:city": null, "roof:shape": null, "addr:street": null, "addr:housenumber": null, "layer": null, "building:levels": null }, "geometry": { "type": "MultiPolygon", "coordinates": [ [ [ [ 92.5189695, 26.4401414 ], [ 92.5190174, 26.4401414 ], [ 92.5190174, 26.4401104 ], [ 92.5189695, 26.4401128 ], [ 92.5189695, 26.4401414 ] ] ] ] } },
{ "type": "Feature", "properties": { "full_id": "w1035975751", "osm_id": "1035975751", "osm_type": "way", "building": "house", "addr:city": null, "roof:shape": null, "addr:street": null, "addr:housenumber": null, "layer": null, "building:levels": null }, "geometry": { "type": "MultiPolygon", "coordinates": [ [ [ [ 92.5182219, 26.4397745 ], [ 92.518323, 26.4397674 ], [ 92.5183071, 26.4397174 ], [ 92.5181928, 26.4396956 ], [ 92.5182219, 26.4397745 ] ] ] ] } },
{ "type": "Feature", "properties": { "full_id": "w1035975997", "osm_id": "1035975997", "osm_type": "way", "building": "house", "addr:city": null, "roof:shape": null, "addr:street": null, "addr:housenumber": null, "layer": null, "building:levels": null }, "geometry": { "type": "MultiPolygon", "coordinates": [ [ [ [ 92.5180437, 26.4403962 ], [ 92.5181368, 26.440401 ], [ 92.5181342, 26.4403772 ], [ 92.5180517, 26.44037 ], [ 92.5180437, 26.4403962 ] ] ] ] } },
{ "type": "Feature", "properties": { "full_id": "w1035976388", "osm_id": "1035976388", "osm_type": "way", "building": "house", "addr:city": null, "roof:shape": null, "addr:street": null, "addr:housenumber": null, "layer": null, "building:levels": null }, "geometry": { "type": "MultiPolygon", "coordinates": [ [ [ [ 92.5177245, 26.4387121 ], [ 92.5177857, 26.438705 ], [ 92.5177883, 26.4387264 ], [ 92.5178841, 26.4387288 ], [ 92.5178974, 26.4387002 ], [ 92.5178602, 26.4386669 ], [ 92.5177883, 26.4386859 ], [ 92.5177697, 26.4385645 ], [ 92.5177325, 26.4385525 ], [ 92.5177325, 26.4385097 ], [ 92.5176447, 26.4385144 ], [ 92.5176553, 26.4385645 ], [ 92.5177032, 26.4385645 ], [ 92.5177245, 26.4387121 ] ] ] ] } },
{ "type": "Feature", "properties": { "full_id": "w1035976641", "osm_id": "1035976641", "osm_type": "way", "building": "house", "addr:city": null, "roof:shape": null, "addr:street": null, "addr:housenumber": null, "layer": null, "building:levels": null }, "geometry": { "type": "MultiPolygon", "coordinates": [ [ [ [ 92.5188471, 26.4407845 ], [ 92.5189402, 26.440775 ], [ 92.5189455, 26.4407393 ], [ 92.5188604, 26.4407393 ], [ 92.5188471, 26.4407845 ] ] ] ] } },
{ "type": "Feature", "properties": { "full_id": "w1035976795", "osm_id": "1035976795", "osm_type": "way", "building": "house", "addr:city": null, "roof:shape": null, "addr:street": null, "addr:housenumber": null, "layer": null, "building:levels": null }, "geometry": { "type": "MultiPolygon", "coordinates": [ [ [ [ 92.3473539, 26.3873751 ], [ 92.3472299, 26.3873447 ], [ 92.3472591, 26.3872494 ], [ 92.3473831, 26.3872798 ], [ 92.3473539, 26.3873751 ] ] ] ] } },
{ "type": "Feature", "properties": { "full_id": "w1035976796", "osm_id": "1035976796", "osm_type": "way", "building": "house", "addr:city": null, "roof:shape": null, "addr:street": null, "addr:housenumber": null, "layer": null, "building:levels": null }, "geometry": { "type": "MultiPolygon", "coordinates": [ [ [ [ 92.3474114, 26.3871346 ], [ 92.3473293, 26.3871169 ], [ 92.3473428, 26.3870665 ], [ 92.347425, 26.3870842 ], [ 92.3474114, 26.3871346 ] ] ] ] } },
{ "type": "Feature", "properties": { "full_id": "w1035976797", "osm_id": "1035976797", "osm_type": "way", "building": "house", "addr:city": null, "roof:shape": null, "addr:street": null, "addr:housenumber": null, "layer": null, "building:levels": null }, "geometry": { "type": "MultiPolygon", "coordinates": [ [ [ [ 92.3476112, 26.3873376 ], [ 92.3474923, 26.3873144 ], [ 92.3475053, 26.3872608 ], [ 92.3476242, 26.387284 ], [ 92.3476112, 26.3873376 ] ] ] ] } },
{ "type": "Feature", "properties": { "full_id": "w1035976798", "osm_id": "1035976798", "osm_type": "way", "building": "house", "addr:city": null, "roof:shape": null, "addr:street": null, "addr:housenumber": null, "layer": null, "building:levels": null }, "geometry": { "type": "MultiPolygon", "coordinates": [ [ [ [ 92.347935, 26.3875196 ], [ 92.3478095, 26.3874917 ], [ 92.34782, 26.3874537 ], [ 92.3479455, 26.3874816 ], [ 92.347935, 26.3875196 ] ] ] ] } },
{ "type": "Feature", "properties": { "full_id": "w1035976799", "osm_id": "1035976799", "osm_type": "way", "building": "house", "addr:city": null, "roof:shape": null, "addr:street": null, "addr:housenumber": null, "layer": null, "building:levels": null }, "geometry": { "type": "MultiPolygon", "coordinates": [ [ [ [ 92.3470752, 26.3871278 ], [ 92.3470553, 26.3871751 ], [ 92.3471985, 26.3872233 ], [ 92.3472472, 26.387107 ], [ 92.3471899, 26.3870877 ], [ 92.347161, 26.3871567 ], [ 92.3470752, 26.3871278 ] ] ] ] } },
{ "type": "Feature", "properties": { "full_id": "w1035976800", "osm_id": "1035976800", "osm_type": "way", "building": "house", "addr:city": null, "roof:shape": null, "addr:street": null, "addr:housenumber": null, "layer": null, "building:levels": null }, "geometry": { "type": "MultiPolygon", "coordinates": [ [ [ [ 92.3467893, 26.3870281 ], [ 92.3468632, 26.3870531 ], [ 92.3468848, 26.387002 ], [ 92.3468108, 26.386977 ], [ 92.3467893, 26.3870281 ] ] ] ] } },
{ "type": "Feature", "properties": { "full_id": "w1035976802", "osm_id": "1035976802", "osm_type": "way", "building": "house", "addr:city": null, "roof:shape": null, "addr:street": null, "addr:housenumber": null, "layer": null, "building:levels": null }, "geometry": { "type": "MultiPolygon", "coordinates": [ [ [ [ 92.3490285, 26.3878331 ], [ 92.3489244, 26.3878055 ], [ 92.3489536, 26.3877175 ], [ 92.3490576, 26.3877451 ], [ 92.3490285, 26.3878331 ] ] ] ] } },
{ "type": "Feature", "properties": { "full_id": "w1035976803", "osm_id": "1035976803", "osm_type": "way", "building": "house", "addr:city": null, "roof:shape": null, "addr:street": null, "addr:housenumber": null, "layer": null, "building:levels": null }, "geometry": { "type": "MultiPolygon", "coordinates": [ [ [ [ 92.3490961, 26.3879268 ], [ 92.3492199, 26.3879523 ], [ 92.3492319, 26.3879055 ], [ 92.3491656, 26.3878918 ], [ 92.3491801, 26.3878352 ], [ 92.3491227, 26.3878233 ], [ 92.3490961, 26.3879268 ] ] ] ] } },
{ "type": "Feature", "properties": { "full_id": "w1035976804", "osm_id": "1035976804", "osm_type": "way", "building": "house", "addr:city": null, "roof:shape": null, "addr:street": null, "addr:housenumber": null, "layer": null, "building:levels": null }, "geometry": { "type": "MultiPolygon", "coordinates": [ [ [ [ 92.3488082, 26.3878107 ], [ 92.3487441, 26.3877975 ], [ 92.3487583, 26.3877422 ], [ 92.3488224, 26.3877554 ], [ 92.3488082, 26.3878107 ] ] ] ] } },
{ "type": "Feature", "properties": { "full_id": "w1035976805", "osm_id": "1035976805", "osm_type": "way", "building": "house", "addr:city": null, "roof:shape": null, "addr:street": null, "addr:housenumber": null, "layer": null, "building:levels": null }, "geometry": { "type": "MultiPolygon", "coordinates": [ [ [ [ 92.3491615, 26.3875942 ], [ 92.3490652, 26.3875797 ], [ 92.3490777, 26.387513 ], [ 92.349174, 26.3875275 ], [ 92.3491615, 26.3875942 ] ] ] ] } },
{ "type": "Feature", "properties": { "full_id": "w1035976806", "osm_id": "1035976806", "osm_type": "way", "building": "house", "addr:city": null, "roof:shape": null, "addr:street": null, "addr:housenumber": null, "layer": null, "building:levels": null }, "geometry": { "type": "MultiPolygon", "coordinates": [ [ [ [ 92.3491205, 26.3872758 ], [ 92.3491436, 26.3871616 ], [ 92.3493138, 26.3871891 ], [ 92.3493035, 26.3872404 ], [ 92.3492149, 26.387226 ], [ 92.3492022, 26.387289 ], [ 92.3491205, 26.3872758 ] ] ] ] } },
{ "type": "Feature", "properties": { "full_id": "w1035976807", "osm_id": "1035976807", "osm_type": "way", "building": "house", "addr:city": null, "roof:shape": null, "addr:street": null, "addr:housenumber": null, "layer": null, "building:levels": null }, "geometry": { "type": "MultiPolygon", "coordinates": [ [ [ [ 92.3495062, 26.3872044 ], [ 92.3494126, 26.3871926 ], [ 92.349427, 26.3871009 ], [ 92.3495206, 26.3871127 ], [ 92.3495062, 26.3872044 ] ] ] ] } },
{ "type": "Feature", "properties": { "full_id": "w1035976808", "osm_id": "1035976808", "osm_type": "way", "building": "house", "addr:city": null, "roof:shape": null, "addr:street": null, "addr:housenumber": null, "layer": null, "building:levels": null }, "geometry": { "type": "MultiPolygon", "coordinates": [ [ [ [ 92.3494392, 26.3875361 ], [ 92.349362, 26.3875284 ], [ 92.3493697, 26.3874663 ], [ 92.3494469, 26.387474 ], [ 92.3494392, 26.3875361 ] ] ] ] } },
{ "type": "Feature", "properties": { "full_id": "w1035976809", "osm_id": "1035976809", "osm_type": "way", "building": "house", "addr:city": null, "roof:shape": null, "addr:street": null, "addr:housenumber": null, "layer": null, "building:levels": null }, "geometry": { "type": "MultiPolygon", "coordinates": [ [ [ [ 92.3500226, 26.3872994 ], [ 92.3499615, 26.3872924 ], [ 92.3499725, 26.3872153 ], [ 92.3500336, 26.3872223 ], [ 92.3500226, 26.3872994 ] ] ] ] } },
{ "type": "Feature", "properties": { "full_id": "w1035976810", "osm_id": "1035976810", "osm_type": "way", "building": "house", "addr:city": null, "roof:shape": null, "addr:street": null, "addr:housenumber": null, "layer": null, "building:levels": null }, "geometry": { "type": "MultiPolygon", "coordinates": [ [ [ [ 92.350376, 26.3872672 ], [ 92.3502519, 26.3872547 ], [ 92.3502612, 26.3871804 ], [ 92.3503111, 26.3871855 ], [ 92.3503169, 26.3871386 ], [ 92.3503509, 26.387142 ], [ 92.350345, 26.387189 ], [ 92.3503853, 26.3871931 ], [ 92.350376, 26.3872672 ] ] ] ] } },
{ "type": "Feature", "properties": { "full_id": "w1035976811", "osm_id": "1035976811", "osm_type": "way", "building": "house", "addr:city": null, "roof:shape": null, "addr:street": null, "addr:housenumber": null, "layer": null, "building:levels": null }, "geometry": { "type": "MultiPolygon", "coordinates": [ [ [ [ 92.3505785, 26.3872713 ], [ 92.3504716, 26.3872663 ], [ 92.350478, 26.3871564 ], [ 92.3505848, 26.3871613 ], [ 92.3505785, 26.3872713 ] ] ] ] } },
{ "type": "Feature", "properties": { "full_id": "w1035976812", "osm_id": "1035976812", "osm_type": "way", "building": "house", "addr:city": null, "roof:shape": null, "addr:street": null, "addr:housenumber": null, "layer": null, "building:levels": null }, "geometry": { "type": "MultiPolygon", "coordinates": [ [ [ [ 92.3507866, 26.3874536 ], [ 92.3509294, 26.3874553 ], [ 92.3509304, 26.3873864 ], [ 92.3507876, 26.3873847 ], [ 92.3507866, 26.3874536 ] ] ] ] } },
{ "type": "Feature", "properties": { "full_id": "w1035976813", "osm_id": "1035976813", "osm_type": "way", "building": "house", "addr:city": null, "roof:shape": null, "addr:street": null, "addr:housenumber": null, "layer": null, "building:levels": null }, "geometry": { "type": "MultiPolygon", "coordinates": [ [ [ [ 92.3505598, 26.387368 ], [ 92.3506362, 26.387368 ], [ 92.3506361, 26.3873125 ], [ 92.3505597, 26.3873125 ], [ 92.3505598, 26.387368 ] ] ] ] } },
{ "type": "Feature", "properties": { "full_id": "w1035976814", "osm_id": "1035976814", "osm_type": "way", "building": "house", "addr:city": null, "roof:shape": null, "addr:street": null, "addr:housenumber": null, "layer": null, "building:levels": null }, "geometry": { "type": "MultiPolygon", "coordinates": [ [ [ [ 92.3506556, 26.3874498 ], [ 92.3507484, 26.3874478 ], [ 92.3507468, 26.3873859 ], [ 92.3506539, 26.3873879 ], [ 92.3506556, 26.3874498 ] ] ] ] } },
{ "type": "Feature", "properties": { "full_id": "w1035976815", "osm_id": "1035976815", "osm_type": "way", "building": "house", "addr:city": null, "roof:shape": null, "addr:street": null, "addr:housenumber": null, "layer": null, "building:levels": null }, "geometry": { "type": "MultiPolygon", "coordinates": [ [ [ [ 92.3487644, 26.386909 ], [ 92.3488959, 26.3869374 ], [ 92.3488807, 26.3869937 ], [ 92.3487493, 26.3869653 ], [ 92.3487644, 26.386909 ] ] ] ] } },
{ "type": "Feature", "properties": { "full_id": "w1035976816", "osm_id": "1035976816", "osm_type": "way", "building": "house", "addr:city": null, "roof:shape": null, "addr:street": null, "addr:housenumber": null, "layer": null, "building:levels": null }, "geometry": { "type": "MultiPolygon", "coordinates": [ [ [ [ 92.349121, 26.3869871 ], [ 92.3491327, 26.3869226 ], [ 92.3492845, 26.3869448 ], [ 92.3492728, 26.3870093 ], [ 92.349121, 26.3869871 ] ] ] ] } },
{ "type": "Feature", "properties": { "full_id": "w1035976817", "osm_id": "1035976817", "osm_type": "way", "building": "house", "addr:city": null, "roof:shape": null, "addr:street": null, "addr:housenumber": null, "layer": null, "building:levels": null }, "geometry": { "type": "MultiPolygon", "coordinates": [ [ [ [ 92.3497027, 26.3877025 ], [ 92.3496318, 26.3876876 ], [ 92.3496602, 26.3875787 ], [ 92.3497311, 26.3875936 ], [ 92.3497027, 26.3877025 ] ] ] ] } },
{ "type": "Feature", "properties": { "full_id": "w1035976818", "osm_id": "1035976818", "osm_type": "way", "building": "house", "addr:city": null, "roof:shape": null, "addr:street": null, "addr:housenumber": null, "layer": null, "building:levels": null }, "geometry": { "type": "MultiPolygon", "coordinates": [ [ [ [ 92.3496563, 26.3884425 ], [ 92.3495745, 26.3884134 ], [ 92.3496036, 26.3883477 ], [ 92.3496854, 26.3883768 ], [ 92.3496563, 26.3884425 ] ] ] ] } },
{ "type": "Feature", "properties": { "full_id": "w1035976819", "osm_id": "1035976819", "osm_type": "way", "building": "house", "addr:city": null, "roof:shape": null, "addr:street": null, "addr:housenumber": null, "layer": null, "building:levels": null }, "geometry": { "type": "MultiPolygon", "coordinates": [ [ [ [ 92.3497273, 26.3882858 ], [ 92.3498122, 26.3883054 ], [ 92.3498323, 26.3882355 ], [ 92.3497474, 26.3882159 ], [ 92.3497273, 26.3882858 ] ] ] ] } },
{ "type": "Feature", "properties": { "full_id": "w1035976820", "osm_id": "1035976820", "osm_type": "way", "building": "house", "addr:city": null, "roof:shape": null, "addr:street": null, "addr:housenumber": null, "layer": null, "building:levels": null }, "geometry": { "type": "MultiPolygon", "coordinates": [ [ [ [ 92.3504921, 26.3877199 ], [ 92.3504414, 26.3877175 ], [ 92.3504459, 26.3876416 ], [ 92.3504966, 26.3876441 ], [ 92.3504921, 26.3877199 ] ] ] ] } },
{ "type": "Feature", "properties": { "full_id": "w1035976821", "osm_id": "1035976821", "osm_type": "way", "building": "house", "addr:city": null, "roof:shape": null, "addr:street": null, "addr:housenumber": null, "layer": null, "building:levels": null }, "geometry": { "type": "MultiPolygon", "coordinates": [ [ [ [ 92.3506149, 26.3877744 ], [ 92.3505048, 26.3877746 ], [ 92.3505047, 26.387739 ], [ 92.3506148, 26.3877387 ], [ 92.3506149, 26.3877744 ] ] ] ] } },
{ "type": "Feature", "properties": { "full_id": "w1035976822", "osm_id": "1035976822", "osm_type": "way", "building": "house", "addr:city": null, "roof:shape": null, "addr:street": null, "addr:housenumber": null, "layer": null, "building:levels": null }, "geometry": { "type": "MultiPolygon", "coordinates": [ [ [ [ 92.3509631, 26.3878087 ], [ 92.351043, 26.3878126 ], [ 92.3510465, 26.387756 ], [ 92.3509666, 26.3877521 ], [ 92.3509631, 26.3878087 ] ] ] ] } },
{ "type": "Feature", "properties": { "full_id": "w1035976823", "osm_id": "1035976823", "osm_type": "way", "building": "house", "addr:city": null, "roof:shape": null, "addr:street": null, "addr:housenumber": null, "layer": null, "building:levels": null }, "geometry": { "type": "MultiPolygon", "coordinates": [ [ [ [ 92.3507948, 26.3878208 ], [ 92.3508587, 26.3878284 ], [ 92.3508625, 26.3878024 ], [ 92.3509155, 26.3878087 ], [ 92.3509214, 26.3877686 ], [ 92.3508045, 26.3877547 ], [ 92.3507948, 26.3878208 ] ] ] ] } },
{ "type": "Feature", "properties": { "full_id": "w1035976824", "osm_id": "1035976824", "osm_type": "way", "building": "house", "addr:city": null, "roof:shape": null, "addr:street": null, "addr:housenumber": null, "layer": null, "building:levels": null }, "geometry": { "type": "MultiPolygon", "coordinates": [ [ [ [ 92.350795, 26.38788 ], [ 92.3507084, 26.3878699 ], [ 92.3507147, 26.3878269 ], [ 92.3508013, 26.387837 ], [ 92.350795, 26.38788 ] ] ] ] } },
{ "type": "Feature", "properties": { "full_id": "w1035976825", "osm_id": "1035976825", "osm_type": "way", "building": "house", "addr:city": null, "roof:shape": null, "addr:street": null, "addr:housenumber": null, "layer": null, "building:levels": null }, "geometry": { "type": "MultiPolygon", "coordinates": [ [ [ [ 92.3510157, 26.3887418 ], [ 92.3508724, 26.3887128 ], [ 92.3508863, 26.3886579 ], [ 92.3509388, 26.3886685 ], [ 92.3509736, 26.3885303 ], [ 92.3510643, 26.3885486 ], [ 92.3510157, 26.3887418 ] ] ] ] } },
{ "type": "Feature", "properties": { "full_id": "w1035976826", "osm_id": "1035976826", "osm_type": "way", "building": "house", "addr:city": null, "roof:shape": null, "addr:street": null, "addr:housenumber": null, "layer": null, "building:levels": null }, "geometry": { "type": "MultiPolygon", "coordinates": [ [ [ [ 92.3507608, 26.3886939 ], [ 92.3506644, 26.3886715 ], [ 92.3506821, 26.3886106 ], [ 92.3507784, 26.3886329 ], [ 92.3507608, 26.3886939 ] ] ] ] } },
{ "type": "Feature", "properties": { "full_id": "w1035976827", "osm_id": "1035976827", "osm_type": "way", "building": "house", "addr:city": null, "roof:shape": null, "addr:street": null, "addr:housenumber": null, "layer": null, "building:levels": null }, "geometry": { "type": "MultiPolygon", "coordinates": [ [ [ [ 92.3505775, 26.3885688 ], [ 92.3504736, 26.3885482 ], [ 92.3504839, 26.3885063 ], [ 92.3505878, 26.3885269 ], [ 92.3505775, 26.3885688 ] ] ] ] } },
{ "type": "Feature", "properties": { "full_id": "w1035976828", "osm_id": "1035976828", "osm_type": "way", "building": "house", "addr:city": null, "roof:shape": null, "addr:street": null, "addr:housenumber": null, "layer": null, "building:levels": null }, "geometry": { "type": "MultiPolygon", "coordinates": [ [ [ [ 92.3506181, 26.3884768 ], [ 92.3505796, 26.3884651 ], [ 92.3506114, 26.3883807 ], [ 92.35065, 26.3883924 ], [ 92.3506181, 26.3884768 ] ] ] ] } },
{ "type": "Feature", "properties": { "full_id": "w1035976829", "osm_id": "1035976829", "osm_type": "way", "building": "house", "addr:city": null, "roof:shape": null, "addr:street": null, "addr:housenumber": null, "layer": null, "building:levels": null }, "geometry": { "type": "MultiPolygon", "coordinates": [ [ [ [ 92.3508512, 26.3882847 ], [ 92.3507871, 26.3882731 ], [ 92.3508015, 26.3882094 ], [ 92.3508656, 26.3882211 ], [ 92.3508512, 26.3882847 ] ] ] ] } },
{ "type": "Feature", "properties": { "full_id": "w1035976830", "osm_id": "1035976830", "osm_type": "way", "building": "house", "addr:city": null, "roof:shape": null, "addr:street": null, "addr:housenumber": null, "layer": null, "building:levels": null }, "geometry": { "type": "MultiPolygon", "coordinates": [ [ [ [ 92.346583, 26.3875061 ], [ 92.3464724, 26.3874718 ], [ 92.3464861, 26.3874365 ], [ 92.3465966, 26.3874708 ], [ 92.346583, 26.3875061 ] ] ] ] } },
{ "type": "Feature", "properties": { "full_id": "w1035976831", "osm_id": "1035976831", "osm_type": "way", "building": "house", "addr:city": null, "roof:shape": null, "addr:street": null, "addr:housenumber": null, "layer": null, "building:levels": null }, "geometry": { "type": "MultiPolygon", "coordinates": [ [ [ [ 92.3463461, 26.3879388 ], [ 92.3462698, 26.3879271 ], [ 92.3462808, 26.3878693 ], [ 92.3462231, 26.3878605 ], [ 92.3462316, 26.387816 ], [ 92.3463657, 26.3878366 ], [ 92.3463461, 26.3879388 ] ] ] ] } },
{ "type": "Feature", "properties": { "full_id": "w1035976832", "osm_id": "1035976832", "osm_type": "way", "building": "house", "addr:city": null, "roof:shape": null, "addr:street": null, "addr:housenumber": null, "layer": null, "building:levels": null }, "geometry": { "type": "MultiPolygon", "coordinates": [ [ [ [ 92.3471512, 26.3870941 ], [ 92.3470501, 26.3870649 ], [ 92.3470739, 26.3869988 ], [ 92.347175, 26.3870279 ], [ 92.3471512, 26.3870941 ] ] ] ] } },
{ "type": "Feature", "properties": { "full_id": "w1035976921", "osm_id": "1035976921", "osm_type": "way", "building": "house", "addr:city": null, "roof:shape": null, "addr:street": null, "addr:housenumber": null, "layer": null, "building:levels": null }, "geometry": { "type": "MultiPolygon", "coordinates": [ [ [ [ 92.5185199, 26.4410656 ], [ 92.5185226, 26.4410418 ], [ 92.5185594, 26.4410403 ], [ 92.5185837, 26.4410394 ], [ 92.5185837, 26.4410608 ], [ 92.5185199, 26.4410656 ] ] ] ] } },
{ "type": "Feature", "properties": { "full_id": "w1035977262", "osm_id": "1035977262", "osm_type": "way", "building": "house", "addr:city": null, "roof:shape": null, "addr:street": null, "addr:housenumber": null, "layer": null, "building:levels": null }, "geometry": { "type": "MultiPolygon", "coordinates": [ [ [ [ 92.5196301, 26.4407524 ], [ 92.519692, 26.440749 ], [ 92.5196862, 26.4407126 ], [ 92.5196263, 26.4407144 ], [ 92.5196301, 26.4407524 ] ] ] ] } },
{ "type": "Feature", "properties": { "full_id": "w1035977664", "osm_id": "1035977664", "osm_type": "way", "building": "house", "addr:city": null, "roof:shape": null, "addr:street": null, "addr:housenumber": null, "layer": null, "building:levels": null }, "geometry": { "type": "MultiPolygon", "coordinates": [ [ [ [ 92.4506133, 26.2911615 ], [ 92.4507714, 26.2911575 ], [ 92.450771, 26.2910675 ], [ 92.4506097, 26.2910681 ], [ 92.4506133, 26.2911615 ] ] ] ] } },
{ "type": "Feature", "properties": { "full_id": "w1035977691", "osm_id": "1035977691", "osm_type": "way", "building": "house", "addr:city": null, "roof:shape": null, "addr:street": null, "addr:housenumber": null, "layer": null, "building:levels": null }, "geometry": { "type": "MultiPolygon", "coordinates": [ [ [ [ 92.4542443, 26.2886223 ], [ 92.4542443, 26.288531 ], [ 92.4545071, 26.2885285 ], [ 92.4545098, 26.2886175 ], [ 92.4542443, 26.2886223 ] ] ] ] } },
{ "type": "Feature", "properties": { "full_id": "w1035977728", "osm_id": "1035977728", "osm_type": "way", "building": "house", "addr:city": null, "roof:shape": null, "addr:street": null, "addr:housenumber": null, "layer": null, "building:levels": null }, "geometry": { "type": "MultiPolygon", "coordinates": [ [ [ [ 92.5197268, 26.4403043 ], [ 92.5197674, 26.4403043 ], [ 92.5197674, 26.4402524 ], [ 92.5197287, 26.4402627 ], [ 92.5197268, 26.4403043 ] ] ] ] } },
{ "type": "Feature", "properties": { "full_id": "w1037702756", "osm_id": "1037702756", "osm_type": "way", "building": "house", "addr:city": null, "roof:shape": null, "addr:street": null, "addr:housenumber": null, "layer": null, "building:levels": null }, "geometry": { "type": "MultiPolygon", "coordinates": [ [ [ [ 92.2799551, 26.3878059 ], [ 92.2800195, 26.3878139 ], [ 92.2800255, 26.3877748 ], [ 92.2799612, 26.3877668 ], [ 92.2799551, 26.3878059 ] ] ] ] } },
{ "type": "Feature", "properties": { "full_id": "w1037702757", "osm_id": "1037702757", "osm_type": "way", "building": "house", "addr:city": null, "roof:shape": null, "addr:street": null, "addr:housenumber": null, "layer": null, "building:levels": null }, "geometry": { "type": "MultiPolygon", "coordinates": [ [ [ [ 92.2801149, 26.3880689 ], [ 92.2801112, 26.3881324 ], [ 92.2801991, 26.3881365 ], [ 92.2802028, 26.388073 ], [ 92.2801149, 26.3880689 ] ] ] ] } },
{ "type": "Feature", "properties": { "full_id": "w1044795323", "osm_id": "1044795323", "osm_type": "way", "building": "house", "addr:city": null, "roof:shape": null, "addr:street": null, "addr:housenumber": null, "layer": null, "building:levels": null }, "geometry": { "type": "MultiPolygon", "coordinates": [ [ [ [ 92.3971402, 26.4146668 ], [ 92.3972359, 26.4146731 ], [ 92.3972429, 26.4145392 ], [ 92.3971542, 26.4145476 ], [ 92.3971402, 26.4146668 ] ] ] ] } },
{ "type": "Feature", "properties": { "full_id": "w1044795555", "osm_id": "1044795555", "osm_type": "way", "building": "house", "addr:city": null, "roof:shape": null, "addr:street": null, "addr:housenumber": null, "layer": null, "building:levels": null }, "geometry": { "type": "MultiPolygon", "coordinates": [ [ [ [ 92.3969447, 26.4150656 ], [ 92.3970158, 26.4150692 ], [ 92.397026, 26.4149545 ], [ 92.3969508, 26.4149509 ], [ 92.3969447, 26.4150656 ] ] ] ] } },
{ "type": "Feature", "properties": { "full_id": "w1044798305", "osm_id": "1044798305", "osm_type": "way", "building": "house", "addr:city": null, "roof:shape": null, "addr:street": null, "addr:housenumber": null, "layer": null, "building:levels": null }, "geometry": { "type": "MultiPolygon", "coordinates": [ [ [ [ 92.3982789, 26.4129751 ], [ 92.3983443, 26.4129793 ], [ 92.3983467, 26.4128768 ], [ 92.3982883, 26.412881 ], [ 92.3982789, 26.4129751 ] ] ] ] } },
{ "type": "Feature", "properties": { "full_id": "w1044798382", "osm_id": "1044798382", "osm_type": "way", "building": "house", "addr:city": null, "roof:shape": null, "addr:street": null, "addr:housenumber": null, "layer": null, "building:levels": null }, "geometry": { "type": "MultiPolygon", "coordinates": [ [ [ [ 92.3985008, 26.4129019 ], [ 92.3985451, 26.4129081 ], [ 92.3985521, 26.4127952 ], [ 92.3984961, 26.4127931 ], [ 92.3985008, 26.4129019 ] ] ] ] } },
{ "type": "Feature", "properties": { "full_id": "w1044798416", "osm_id": "1044798416", "osm_type": "way", "building": "house", "addr:city": null, "roof:shape": null, "addr:street": null, "addr:housenumber": null, "layer": null, "building:levels": null }, "geometry": { "type": "MultiPolygon", "coordinates": [ [ [ [ 92.3982976, 26.4127618 ], [ 92.398356, 26.4127639 ], [ 92.398363, 26.4126551 ], [ 92.3983023, 26.4126509 ], [ 92.3982976, 26.4127618 ] ] ] ] } },
{ "type": "Feature", "properties": { "full_id": "w1044798430", "osm_id": "1044798430", "osm_type": "way", "building": "house", "addr:city": null, "roof:shape": null, "addr:street": null, "addr:housenumber": null, "layer": null, "building:levels": null }, "geometry": { "type": "MultiPolygon", "coordinates": [ [ [ [ 92.3985848, 26.4128224 ], [ 92.3986525, 26.4128224 ], [ 92.3986595, 26.4127785 ], [ 92.3985872, 26.4127764 ], [ 92.3985848, 26.4128224 ] ] ] ] } },
{ "type": "Feature", "properties": { "full_id": "w1044798552", "osm_id": "1044798552", "osm_type": "way", "building": "house", "addr:city": null, "roof:shape": null, "addr:street": null, "addr:housenumber": null, "layer": null, "building:levels": null }, "geometry": { "type": "MultiPolygon", "coordinates": [ [ [ [ 92.3982095, 26.4125161 ], [ 92.3982465, 26.4125189 ], [ 92.3982542, 26.4124264 ], [ 92.398208, 26.4124264 ], [ 92.3981972, 26.4125161 ], [ 92.3982095, 26.4125161 ] ] ] ] } },
{ "type": "Feature", "properties": { "full_id": "w1044800150", "osm_id": "1044800150", "osm_type": "way", "building": "house", "addr:city": null, "roof:shape": null, "addr:street": null, "addr:housenumber": null, "layer": null, "building:levels": null }, "geometry": { "type": "MultiPolygon", "coordinates": [ [ [ [ 92.3227399, 26.3545385 ], [ 92.3228033, 26.3545312 ], [ 92.3227901, 26.354439 ], [ 92.3227268, 26.3544462 ], [ 92.3227399, 26.3545385 ] ] ] ] } },
{ "type": "Feature", "properties": { "full_id": "w1044800199", "osm_id": "1044800199", "osm_type": "way", "building": "house", "addr:city": null, "roof:shape": null, "addr:street": null, "addr:housenumber": null, "layer": null, "building:levels": null }, "geometry": { "type": "MultiPolygon", "coordinates": [ [ [ [ 92.3227725, 26.3546375 ], [ 92.3228095, 26.3546318 ], [ 92.3227947, 26.354554 ], [ 92.3227577, 26.3545597 ], [ 92.3227725, 26.3546375 ] ] ] ] } },
{ "type": "Feature", "properties": { "full_id": "w1044800246", "osm_id": "1044800246", "osm_type": "way", "building": "house", "addr:city": null, "roof:shape": null, "addr:street": null, "addr:housenumber": null, "layer": null, "building:levels": null }, "geometry": { "type": "MultiPolygon", "coordinates": [ [ [ [ 92.3225702, 26.3543673 ], [ 92.322798, 26.3543598 ], [ 92.3227947, 26.3542794 ], [ 92.3225669, 26.3542869 ], [ 92.3225702, 26.3543673 ] ] ] ] } },
{ "type": "Feature", "properties": { "full_id": "w1044800338", "osm_id": "1044800338", "osm_type": "way", "building": "house", "addr:city": null, "roof:shape": null, "addr:street": null, "addr:housenumber": null, "layer": null, "building:levels": null }, "geometry": { "type": "MultiPolygon", "coordinates": [ [ [ [ 92.3223429, 26.3542083 ], [ 92.3224157, 26.3542066 ], [ 92.3224121, 26.3540813 ], [ 92.3223254, 26.3540833 ], [ 92.322329, 26.3542086 ], [ 92.3223429, 26.3542083 ] ] ] ] } },
{ "type": "Feature", "properties": { "full_id": "w1044800447", "osm_id": "1044800447", "osm_type": "way", "building": "house", "addr:city": null, "roof:shape": null, "addr:street": null, "addr:housenumber": null, "layer": null, "building:levels": null }, "geometry": { "type": "MultiPolygon", "coordinates": [ [ [ [ 92.3223474, 26.3540179 ], [ 92.3224059, 26.3540147 ], [ 92.3224, 26.3539269 ], [ 92.3223415, 26.3539301 ], [ 92.3223474, 26.3540179 ] ] ] ] } },
{ "type": "Feature", "properties": { "full_id": "w1044800466", "osm_id": "1044800466", "osm_type": "way", "building": "house", "addr:city": null, "roof:shape": null, "addr:street": null, "addr:housenumber": null, "layer": null, "building:levels": null }, "geometry": { "type": "MultiPolygon", "coordinates": [ [ [ [ 92.3229654, 26.3537084 ], [ 92.3230571, 26.3536991 ], [ 92.3230487, 26.3536327 ], [ 92.322957, 26.353642 ], [ 92.3229654, 26.3537084 ] ] ] ] } },
{ "type": "Feature", "properties": { "full_id": "w1044800494", "osm_id": "1044800494", "osm_type": "way", "building": "house", "addr:city": null, "roof:shape": null, "addr:street": null, "addr:housenumber": null, "layer": null, "building:levels": null }, "geometry": { "type": "MultiPolygon", "coordinates": [ [ [ [ 92.3230284, 26.3538841 ], [ 92.3231149, 26.3538786 ], [ 92.3231106, 26.3538252 ], [ 92.3230242, 26.3538307 ], [ 92.3230284, 26.3538841 ] ] ] ] } },
{ "type": "Feature", "properties": { "full_id": "w1044800527", "osm_id": "1044800527", "osm_type": "way", "building": "house", "addr:city": null, "roof:shape": null, "addr:street": null, "addr:housenumber": null, "layer": null, "building:levels": null }, "geometry": { "type": "MultiPolygon", "coordinates": [ [ [ [ 92.3229238, 26.3539808 ], [ 92.3229947, 26.3539768 ], [ 92.3229899, 26.3539085 ], [ 92.322919, 26.3539125 ], [ 92.3229238, 26.3539808 ] ] ] ] } },
{ "type": "Feature", "properties": { "full_id": "w1044801220", "osm_id": "1044801220", "osm_type": "way", "building": "house", "addr:city": null, "roof:shape": null, "addr:street": null, "addr:housenumber": null, "layer": null, "building:levels": null }, "geometry": { "type": "MultiPolygon", "coordinates": [ [ [ [ 92.3230789, 26.3541663 ], [ 92.3231777, 26.3541614 ], [ 92.3231715, 26.3540617 ], [ 92.3230727, 26.3540667 ], [ 92.3230789, 26.3541663 ] ] ] ] } },
{ "type": "Feature", "properties": { "full_id": "w1044801253", "osm_id": "1044801253", "osm_type": "way", "building": "house", "addr:city": null, "roof:shape": null, "addr:street": null, "addr:housenumber": null, "layer": null, "building:levels": null }, "geometry": { "type": "MultiPolygon", "coordinates": [ [ [ [ 92.323167, 26.3543401 ], [ 92.3232333, 26.3543383 ], [ 92.3232314, 26.3542818 ], [ 92.3231392, 26.3542843 ], [ 92.3231411, 26.3543408 ], [ 92.323167, 26.3543401 ] ] ] ] } },
{ "type": "Feature", "properties": { "full_id": "w1044801330", "osm_id": "1044801330", "osm_type": "way", "building": "house", "addr:city": null, "roof:shape": null, "addr:street": null, "addr:housenumber": null, "layer": null, "building:levels": null }, "geometry": { "type": "MultiPolygon", "coordinates": [ [ [ [ 92.323276, 26.3544692 ], [ 92.3233585, 26.3544674 ], [ 92.3233559, 26.3543735 ], [ 92.3232522, 26.3543758 ], [ 92.3232547, 26.3544696 ], [ 92.323276, 26.3544692 ] ] ] ] } },
{ "type": "Feature", "properties": { "full_id": "w1044801545", "osm_id": "1044801545", "osm_type": "way", "building": "house", "addr:city": null, "roof:shape": null, "addr:street": null, "addr:housenumber": null, "layer": null, "building:levels": null }, "geometry": { "type": "MultiPolygon", "coordinates": [ [ [ [ 92.3232183, 26.354586 ], [ 92.3232855, 26.3545912 ], [ 92.3232928, 26.3545158 ], [ 92.3232256, 26.3545105 ], [ 92.3232183, 26.354586 ] ] ] ] } },
{ "type": "Feature", "properties": { "full_id": "w1044801579", "osm_id": "1044801579", "osm_type": "way", "building": "house", "addr:city": null, "roof:shape": null, "addr:street": null, "addr:housenumber": null, "layer": null, "building:levels": null }, "geometry": { "type": "MultiPolygon", "coordinates": [ [ [ [ 92.3233518, 26.3547741 ], [ 92.3234826, 26.3547569 ], [ 92.3234693, 26.3546756 ], [ 92.3233385, 26.3546928 ], [ 92.3233518, 26.3547741 ] ] ] ] } },
{ "type": "Feature", "properties": { "full_id": "w1044801591", "osm_id": "1044801591", "osm_type": "way", "building": "house", "addr:city": null, "roof:shape": null, "addr:street": null, "addr:housenumber": null, "layer": null, "building:levels": null }, "geometry": { "type": "MultiPolygon", "coordinates": [ [ [ [ 92.3231427, 26.3535312 ], [ 92.3232278, 26.3535281 ], [ 92.3232241, 26.3534468 ], [ 92.3231391, 26.3534499 ], [ 92.3231427, 26.3535312 ] ] ] ] } },
{ "type": "Feature", "properties": { "full_id": "w1044801627", "osm_id": "1044801627", "osm_type": "way", "building": "house", "addr:city": null, "roof:shape": null, "addr:street": null, "addr:housenumber": null, "layer": null, "building:levels": null }, "geometry": { "type": "MultiPolygon", "coordinates": [ [ [ [ 92.323069, 26.3532556 ], [ 92.3231329, 26.3532545 ], [ 92.3231311, 26.3531761 ], [ 92.3230672, 26.3531773 ], [ 92.323069, 26.3532556 ] ] ] ] } },
{ "type": "Feature", "properties": { "full_id": "w1044801794", "osm_id": "1044801794", "osm_type": "way", "building": "house", "addr:city": null, "roof:shape": null, "addr:street": null, "addr:housenumber": null, "layer": null, "building:levels": null }, "geometry": { "type": "MultiPolygon", "coordinates": [ [ [ [ 92.3225196, 26.3528711 ], [ 92.3225953, 26.3528777 ], [ 92.3226189, 26.3528797 ], [ 92.3226277, 26.3527973 ], [ 92.3225285, 26.3527888 ], [ 92.3225196, 26.3528711 ] ] ] ] } },
{ "type": "Feature", "properties": { "full_id": "w1044802008", "osm_id": "1044802008", "osm_type": "way", "building": "house", "addr:city": null, "roof:shape": null, "addr:street": null, "addr:housenumber": null, "layer": null, "building:levels": null }, "geometry": { "type": "MultiPolygon", "coordinates": [ [ [ [ 92.3230208, 26.3528076 ], [ 92.3230778, 26.3528049 ], [ 92.3230746, 26.352751 ], [ 92.3230176, 26.3527537 ], [ 92.3230208, 26.3528076 ] ] ] ] } },
{ "type": "Feature", "properties": { "full_id": "w1044802248", "osm_id": "1044802248", "osm_type": "way", "building": "house", "addr:city": null, "roof:shape": null, "addr:street": null, "addr:housenumber": null, "layer": null, "building:levels": null }, "geometry": { "type": "MultiPolygon", "coordinates": [ [ [ [ 92.3206088, 26.3537015 ], [ 92.3207143, 26.3536919 ], [ 92.320708, 26.3536369 ], [ 92.3207009, 26.3535737 ], [ 92.3205953, 26.3535834 ], [ 92.3206088, 26.3537015 ] ] ] ] } },
{ "type": "Feature", "properties": { "full_id": "w1044802287", "osm_id": "1044802287", "osm_type": "way", "building": "house", "addr:city": null, "roof:shape": null, "addr:street": null, "addr:housenumber": null, "layer": null, "building:levels": null }, "geometry": { "type": "MultiPolygon", "coordinates": [ [ [ [ 92.3207517, 26.3536928 ], [ 92.3208737, 26.3536943 ], [ 92.3208751, 26.3535993 ], [ 92.3207531, 26.3535979 ], [ 92.3207517, 26.3536928 ] ] ] ] } },
{ "type": "Feature", "properties": { "full_id": "w1044802381", "osm_id": "1044802381", "osm_type": "way", "building": "house", "addr:city": null, "roof:shape": null, "addr:street": null, "addr:housenumber": null, "layer": null, "building:levels": null }, "geometry": { "type": "MultiPolygon", "coordinates": [ [ [ [ 92.3210984, 26.3537377 ], [ 92.3212426, 26.3537482 ], [ 92.3212494, 26.3536732 ], [ 92.3211052, 26.3536627 ], [ 92.3210984, 26.3537377 ] ] ] ] } },
{ "type": "Feature", "properties": { "full_id": "w1044802651", "osm_id": "1044802651", "osm_type": "way", "building": "house", "addr:city": null, "roof:shape": null, "addr:street": null, "addr:housenumber": null, "layer": null, "building:levels": null }, "geometry": { "type": "MultiPolygon", "coordinates": [ [ [ [ 92.3213283, 26.3537899 ], [ 92.3214053, 26.3537912 ], [ 92.3214074, 26.3536854 ], [ 92.3213305, 26.3536842 ], [ 92.3213283, 26.3537899 ] ] ] ] } },
{ "type": "Feature", "properties": { "full_id": "w1044802721", "osm_id": "1044802721", "osm_type": "way", "building": "house", "addr:city": null, "roof:shape": null, "addr:street": null, "addr:housenumber": null, "layer": null, "building:levels": null }, "geometry": { "type": "MultiPolygon", "coordinates": [ [ [ [ 92.3210183, 26.3530784 ], [ 92.3211339, 26.3530747 ], [ 92.321131, 26.3530025 ], [ 92.3210154, 26.3530062 ], [ 92.3210183, 26.3530784 ] ] ] ] } },
{ "type": "Feature", "properties": { "full_id": "w1044803940", "osm_id": "1044803940", "osm_type": "way", "building": "house", "addr:city": null, "roof:shape": null, "addr:street": null, "addr:housenumber": null, "layer": null, "building:levels": null }, "geometry": { "type": "MultiPolygon", "coordinates": [ [ [ [ 92.3203509, 26.3532302 ], [ 92.3204201, 26.3532246 ], [ 92.3204141, 26.353165 ], [ 92.3203449, 26.3531706 ], [ 92.3203509, 26.3532302 ] ] ] ] } },
{ "type": "Feature", "properties": { "full_id": "w1044804085", "osm_id": "1044804085", "osm_type": "way", "building": "house", "addr:city": null, "roof:shape": null, "addr:street": null, "addr:housenumber": null, "layer": null, "building:levels": null }, "geometry": { "type": "MultiPolygon", "coordinates": [ [ [ [ 92.3207375, 26.35335 ], [ 92.3207999, 26.3533443 ], [ 92.3207907, 26.3532636 ], [ 92.3207119, 26.3532708 ], [ 92.3207212, 26.3533515 ], [ 92.3207375, 26.35335 ] ] ] ] } },
{ "type": "Feature", "properties": { "full_id": "w1044804403", "osm_id": "1044804403", "osm_type": "way", "building": "house", "addr:city": null, "roof:shape": null, "addr:street": null, "addr:housenumber": null, "layer": null, "building:levels": null }, "geometry": { "type": "MultiPolygon", "coordinates": [ [ [ [ 92.3222272, 26.354456 ], [ 92.3223102, 26.3544515 ], [ 92.3223045, 26.3543673 ], [ 92.3222215, 26.3543718 ], [ 92.3222272, 26.354456 ] ] ] ] } },
{ "type": "Feature", "properties": { "full_id": "w1044804407", "osm_id": "1044804407", "osm_type": "way", "building": "house", "addr:city": null, "roof:shape": null, "addr:street": null, "addr:housenumber": null, "layer": null, "building:levels": null }, "geometry": { "type": "MultiPolygon", "coordinates": [ [ [ [ 92.3222291, 26.3548498 ], [ 92.3223294, 26.3548462 ], [ 92.3223253, 26.3547535 ], [ 92.322225, 26.3547571 ], [ 92.3222291, 26.3548498 ] ] ] ] } },
{ "type": "Feature", "properties": { "full_id": "w1044806051", "osm_id": "1044806051", "osm_type": "way", "building": "house", "addr:city": null, "roof:shape": null, "addr:street": null, "addr:housenumber": null, "layer": null, "building:levels": null }, "geometry": { "type": "MultiPolygon", "coordinates": [ [ [ [ 92.3225841, 26.3555464 ], [ 92.3227329, 26.3555436 ], [ 92.3227306, 26.3554486 ], [ 92.3225818, 26.3554514 ], [ 92.3225841, 26.3555464 ] ] ] ] } },
{ "type": "Feature", "properties": { "full_id": "w1044806080", "osm_id": "1044806080", "osm_type": "way", "building": "house", "addr:city": null, "roof:shape": null, "addr:street": null, "addr:housenumber": null, "layer": null, "building:levels": null }, "geometry": { "type": "MultiPolygon", "coordinates": [ [ [ [ 92.3222198, 26.3559143 ], [ 92.3223525, 26.3559136 ], [ 92.322352, 26.355827 ], [ 92.3222192, 26.3558277 ], [ 92.3222198, 26.3559143 ] ] ] ] } },
{ "type": "Feature", "properties": { "full_id": "w1044806107", "osm_id": "1044806107", "osm_type": "way", "building": "house", "addr:city": null, "roof:shape": null, "addr:street": null, "addr:housenumber": null, "layer": null, "building:levels": null }, "geometry": { "type": "MultiPolygon", "coordinates": [ [ [ [ 92.3220663, 26.3558908 ], [ 92.3221629, 26.3558914 ], [ 92.3221635, 26.355806 ], [ 92.3220669, 26.3558054 ], [ 92.3220663, 26.3558908 ] ] ] ] } },
{ "type": "Feature", "properties": { "full_id": "w1044806155", "osm_id": "1044806155", "osm_type": "way", "building": "house", "addr:city": null, "roof:shape": null, "addr:street": null, "addr:housenumber": null, "layer": null, "building:levels": null }, "geometry": { "type": "MultiPolygon", "coordinates": [ [ [ [ 92.3227452, 26.3557648 ], [ 92.3228434, 26.3557621 ], [ 92.3228403, 26.355672 ], [ 92.3227195, 26.3556753 ], [ 92.3227226, 26.3557654 ], [ 92.3227452, 26.3557648 ] ] ] ] } },
{ "type": "Feature", "properties": { "full_id": "w1044806165", "osm_id": "1044806165", "osm_type": "way", "building": "house", "addr:city": null, "roof:shape": null, "addr:street": null, "addr:housenumber": null, "layer": null, "building:levels": null }, "geometry": { "type": "MultiPolygon", "coordinates": [ [ [ [ 92.3226786, 26.3560849 ], [ 92.3227413, 26.3560867 ], [ 92.3227434, 26.3560265 ], [ 92.3226807, 26.3560247 ], [ 92.3226786, 26.3560849 ] ] ] ] } },
{ "type": "Feature", "properties": { "full_id": "w1044806352", "osm_id": "1044806352", "osm_type": "way", "building": "house", "addr:city": null, "roof:shape": null, "addr:street": null, "addr:housenumber": null, "layer": null, "building:levels": null }, "geometry": { "type": "MultiPolygon", "coordinates": [ [ [ [ 92.3229783, 26.357007 ], [ 92.3230639, 26.3570043 ], [ 92.3230596, 26.356894 ], [ 92.3229375, 26.3568978 ], [ 92.3229419, 26.3570082 ], [ 92.3229783, 26.357007 ] ] ] ] } },
{ "type": "Feature", "properties": { "full_id": "w1044806505", "osm_id": "1044806505", "osm_type": "way", "building": "house", "addr:city": null, "roof:shape": null, "addr:street": null, "addr:housenumber": null, "layer": null, "building:levels": null }, "geometry": { "type": "MultiPolygon", "coordinates": [ [ [ [ 92.3227377, 26.357249 ], [ 92.3228579, 26.3572365 ], [ 92.3228444, 26.3571315 ], [ 92.3227087, 26.3571455 ], [ 92.3227223, 26.3572506 ], [ 92.3227377, 26.357249 ] ] ] ] } },
{ "type": "Feature", "properties": { "full_id": "w1046246222", "osm_id": "1046246222", "osm_type": "way", "building": "house", "addr:city": null, "roof:shape": null, "addr:street": null, "addr:housenumber": null, "layer": null, "building:levels": null }, "geometry": { "type": "MultiPolygon", "coordinates": [ [ [ [ 92.4090488, 26.4196665 ], [ 92.4090966, 26.4196609 ], [ 92.4090874, 26.4195975 ], [ 92.4090396, 26.4196031 ], [ 92.4090488, 26.4196665 ] ] ] ] } },
{ "type": "Feature", "properties": { "full_id": "w1046247895", "osm_id": "1046247895", "osm_type": "way", "building": "house", "addr:city": null, "roof:shape": null, "addr:street": null, "addr:housenumber": null, "layer": null, "building:levels": null }, "geometry": { "type": "MultiPolygon", "coordinates": [ [ [ [ 92.4091891, 26.4197274 ], [ 92.4092801, 26.4197045 ], [ 92.409257, 26.4196312 ], [ 92.4091661, 26.4196542 ], [ 92.4091891, 26.4197274 ] ] ] ] } },
{ "type": "Feature", "properties": { "full_id": "w1046291334", "osm_id": "1046291334", "osm_type": "way", "building": "house", "addr:city": null, "roof:shape": null, "addr:street": null, "addr:housenumber": null, "layer": null, "building:levels": null }, "geometry": { "type": "MultiPolygon", "coordinates": [ [ [ [ 92.4612975, 26.5145439 ], [ 92.4613666, 26.514547 ], [ 92.4613719, 26.5144964 ], [ 92.4612993, 26.5144932 ], [ 92.4612975, 26.5145439 ] ] ] ] } },
{ "type": "Feature", "properties": { "full_id": "w1046291462", "osm_id": "1046291462", "osm_type": "way", "building": "house", "addr:city": null, "roof:shape": null, "addr:street": null, "addr:housenumber": null, "layer": null, "building:levels": null }, "geometry": { "type": "MultiPolygon", "coordinates": [ [ [ [ 92.4613074, 26.5144552 ], [ 92.4613835, 26.51446 ], [ 92.4613888, 26.514414 ], [ 92.4613038, 26.5144077 ], [ 92.4613074, 26.5144552 ] ] ] ] } },
{ "type": "Feature", "properties": { "full_id": "w1046291916", "osm_id": "1046291916", "osm_type": "way", "building": "house", "addr:city": null, "roof:shape": null, "addr:street": null, "addr:housenumber": null, "layer": null, "building:levels": null }, "geometry": { "type": "MultiPolygon", "coordinates": [ [ [ [ 92.4610009, 26.5143007 ], [ 92.4610733, 26.5142994 ], [ 92.4610733, 26.514236 ], [ 92.4609963, 26.5142387 ], [ 92.4610009, 26.5143007 ] ] ] ] } },
{ "type": "Feature", "properties": { "full_id": "w1046292527", "osm_id": "1046292527", "osm_type": "way", "building": "house", "addr:city": null, "roof:shape": null, "addr:street": null, "addr:housenumber": null, "layer": null, "building:levels": null }, "geometry": { "type": "MultiPolygon", "coordinates": [ [ [ [ 92.4611928, 26.5141364 ], [ 92.4612266, 26.5141395 ], [ 92.4612278, 26.5140872 ], [ 92.4611928, 26.5140893 ], [ 92.4611928, 26.5141364 ] ] ] ] } },
{ "type": "Feature", "properties": { "full_id": "w1046293161", "osm_id": "1046293161", "osm_type": "way", "building": "house", "addr:city": null, "roof:shape": null, "addr:street": null, "addr:housenumber": null, "layer": null, "building:levels": null }, "geometry": { "type": "MultiPolygon", "coordinates": [ [ [ [ 92.4608969, 26.5134581 ], [ 92.4609393, 26.5134581 ], [ 92.4609394, 26.5133823 ], [ 92.460897, 26.5133823 ], [ 92.4608969, 26.5134581 ] ] ] ] } },
{ "type": "Feature", "properties": { "full_id": "w1046293649", "osm_id": "1046293649", "osm_type": "way", "building": "house", "addr:city": null, "roof:shape": null, "addr:street": null, "addr:housenumber": null, "layer": null, "building:levels": null }, "geometry": { "type": "MultiPolygon", "coordinates": [ [ [ [ 92.4609134, 26.5132491 ], [ 92.4609689, 26.5132516 ], [ 92.4609739, 26.5131621 ], [ 92.4609184, 26.5131596 ], [ 92.4609134, 26.5132491 ] ] ] ] } },
{ "type": "Feature", "properties": { "full_id": "w1046294858", "osm_id": "1046294858", "osm_type": "way", "building": "house", "addr:city": null, "roof:shape": null, "addr:street": null, "addr:housenumber": null, "layer": null, "building:levels": null }, "geometry": { "type": "MultiPolygon", "coordinates": [ [ [ [ 92.4610123, 26.5157152 ], [ 92.4611104, 26.5157184 ], [ 92.4611104, 26.5157445 ], [ 92.4610111, 26.5157424 ], [ 92.4610123, 26.5157152 ] ] ] ] } },
{ "type": "Feature", "properties": { "full_id": "w1046294906", "osm_id": "1046294906", "osm_type": "way", "building": "house", "addr:city": null, "roof:shape": null, "addr:street": null, "addr:housenumber": null, "layer": null, "building:levels": null }, "geometry": { "type": "MultiPolygon", "coordinates": [ [ [ [ 92.4610099, 26.515594 ], [ 92.4610998, 26.5155982 ], [ 92.4610998, 26.5155596 ], [ 92.4610076, 26.5155585 ], [ 92.4610099, 26.515594 ] ] ] ] } },
{ "type": "Feature", "properties": { "full_id": "w1046295021", "osm_id": "1046295021", "osm_type": "way", "building": "house", "addr:city": null, "roof:shape": null, "addr:street": null, "addr:housenumber": null, "layer": null, "building:levels": null }, "geometry": { "type": "MultiPolygon", "coordinates": [ [ [ [ 92.46108, 26.5157058 ], [ 92.4611185, 26.5157089 ], [ 92.461122, 26.5156149 ], [ 92.4610835, 26.5156139 ], [ 92.46108, 26.5157058 ] ] ] ] } },
{ "type": "Feature", "properties": { "full_id": "w1046295077", "osm_id": "1046295077", "osm_type": "way", "building": "house", "addr:city": null, "roof:shape": null, "addr:street": null, "addr:housenumber": null, "layer": null, "building:levels": null }, "geometry": { "type": "MultiPolygon", "coordinates": [ [ [ [ 92.4611606, 26.5154624 ], [ 92.4612189, 26.5154603 ], [ 92.4612084, 26.5153694 ], [ 92.4611571, 26.5153705 ], [ 92.4611606, 26.5154624 ] ] ] ] } },
{ "type": "Feature", "properties": { "full_id": "w1046306648", "osm_id": "1046306648", "osm_type": "way", "building": "house", "addr:city": null, "roof:shape": null, "addr:street": null, "addr:housenumber": null, "layer": null, "building:levels": null }, "geometry": { "type": "MultiPolygon", "coordinates": [ [ [ [ 92.4159055, 26.4243705 ], [ 92.4159677, 26.4243797 ], [ 92.4159836, 26.4242933 ], [ 92.4159214, 26.4242841 ], [ 92.4159055, 26.4243705 ] ] ] ] } },
{ "type": "Feature", "properties": { "full_id": "w1046306710", "osm_id": "1046306710", "osm_type": "way", "building": "house", "addr:city": null, "roof:shape": null, "addr:street": null, "addr:housenumber": null, "layer": null, "building:levels": null }, "geometry": { "type": "MultiPolygon", "coordinates": [ [ [ [ 92.4160151, 26.4244132 ], [ 92.4160781, 26.4244218 ], [ 92.4160942, 26.4243277 ], [ 92.4160312, 26.424319 ], [ 92.4160151, 26.4244132 ] ] ] ] } },
{ "type": "Feature", "properties": { "full_id": "w1046306796", "osm_id": "1046306796", "osm_type": "way", "building": "house", "addr:city": null, "roof:shape": null, "addr:street": null, "addr:housenumber": null, "layer": null, "building:levels": null }, "geometry": { "type": "MultiPolygon", "coordinates": [ [ [ [ 92.4161346, 26.4245666 ], [ 92.4162502, 26.4245849 ], [ 92.4162391, 26.4246413 ], [ 92.4161235, 26.424623 ], [ 92.4161346, 26.4245666 ] ] ] ] } },
{ "type": "Feature", "properties": { "full_id": "w1046306929", "osm_id": "1046306929", "osm_type": "way", "building": "house", "addr:city": null, "roof:shape": null, "addr:street": null, "addr:housenumber": null, "layer": null, "building:levels": null }, "geometry": { "type": "MultiPolygon", "coordinates": [ [ [ [ 92.4156948, 26.4247427 ], [ 92.4157585, 26.4247431 ], [ 92.415759, 26.4246774 ], [ 92.4156953, 26.424677 ], [ 92.4156948, 26.4247427 ] ] ] ] } },
{ "type": "Feature", "properties": { "full_id": "w1046307060", "osm_id": "1046307060", "osm_type": "way", "building": "house", "addr:city": null, "roof:shape": null, "addr:street": null, "addr:housenumber": null, "layer": null, "building:levels": null }, "geometry": { "type": "MultiPolygon", "coordinates": [ [ [ [ 92.4157671, 26.4246583 ], [ 92.4158209, 26.4246602 ], [ 92.4158194, 26.4246944 ], [ 92.4157656, 26.4246925 ], [ 92.4157671, 26.4246583 ] ] ] ] } },
{ "type": "Feature", "properties": { "full_id": "w1046307299", "osm_id": "1046307299", "osm_type": "way", "building": "house", "addr:city": null, "roof:shape": null, "addr:street": null, "addr:housenumber": null, "layer": null, "building:levels": null }, "geometry": { "type": "MultiPolygon", "coordinates": [ [ [ [ 92.4139293, 26.4246428 ], [ 92.4140199, 26.4246253 ], [ 92.4140112, 26.4245891 ], [ 92.4139206, 26.4246066 ], [ 92.4139293, 26.4246428 ] ] ] ] } },
{ "type": "Feature", "properties": { "full_id": "w1046307370", "osm_id": "1046307370", "osm_type": "way", "building": "house", "addr:city": null, "roof:shape": null, "addr:street": null, "addr:housenumber": null, "layer": null, "building:levels": null }, "geometry": { "type": "MultiPolygon", "coordinates": [ [ [ [ 92.4166164, 26.4228976 ], [ 92.4168067, 26.4229047 ], [ 92.4168105, 26.4228241 ], [ 92.4166201, 26.422817 ], [ 92.4166164, 26.4228976 ] ] ] ] } },
{ "type": "Feature", "properties": { "full_id": "w1046307389", "osm_id": "1046307389", "osm_type": "way", "building": "house", "addr:city": null, "roof:shape": null, "addr:street": null, "addr:housenumber": null, "layer": null, "building:levels": null }, "geometry": { "type": "MultiPolygon", "coordinates": [ [ [ [ 92.4121987, 26.4222372 ], [ 92.412175, 26.4221724 ], [ 92.4122296, 26.4221564 ], [ 92.4122534, 26.4222212 ], [ 92.4121987, 26.4222372 ] ] ] ] } },
{ "type": "Feature", "properties": { "full_id": "w1046307438", "osm_id": "1046307438", "osm_type": "way", "building": "house", "addr:city": null, "roof:shape": null, "addr:street": null, "addr:housenumber": null, "layer": null, "building:levels": null }, "geometry": { "type": "MultiPolygon", "coordinates": [ [ [ [ 92.4120446, 26.422207 ], [ 92.4121052, 26.4221914 ], [ 92.4121305, 26.42227 ], [ 92.4120699, 26.4222856 ], [ 92.4120446, 26.422207 ] ] ] ] } },
{ "type": "Feature", "properties": { "full_id": "w1046307507", "osm_id": "1046307507", "osm_type": "way", "building": "house", "addr:city": null, "roof:shape": null, "addr:street": null, "addr:housenumber": null, "layer": null, "building:levels": null }, "geometry": { "type": "MultiPolygon", "coordinates": [ [ [ [ 92.4133794, 26.4228643 ], [ 92.4134443, 26.4228396 ], [ 92.4134703, 26.4228945 ], [ 92.4134054, 26.4229191 ], [ 92.4133794, 26.4228643 ] ] ] ] } },
{ "type": "Feature", "properties": { "full_id": "w1046307732", "osm_id": "1046307732", "osm_type": "way", "building": "house", "addr:city": null, "roof:shape": null, "addr:street": null, "addr:housenumber": null, "layer": null, "building:levels": null }, "geometry": { "type": "MultiPolygon", "coordinates": [ [ [ [ 92.4130937, 26.4238838 ], [ 92.4131631, 26.4238607 ], [ 92.4131845, 26.4239122 ], [ 92.413115, 26.4239353 ], [ 92.4130937, 26.4238838 ] ] ] ] } },
{ "type": "Feature", "properties": { "full_id": "w1046307947", "osm_id": "1046307947", "osm_type": "way", "building": "house", "addr:city": null, "roof:shape": null, "addr:street": null, "addr:housenumber": null, "layer": null, "building:levels": null }, "geometry": { "type": "MultiPolygon", "coordinates": [ [ [ [ 92.4122015, 26.4261945 ], [ 92.4122113, 26.4261109 ], [ 92.4124285, 26.4261314 ], [ 92.4124187, 26.426215 ], [ 92.4122015, 26.4261945 ] ] ] ] } },
{ "type": "Feature", "properties": { "full_id": "w1046308042", "osm_id": "1046308042", "osm_type": "way", "building": "house", "addr:city": null, "roof:shape": null, "addr:street": null, "addr:housenumber": null, "layer": null, "building:levels": null }, "geometry": { "type": "MultiPolygon", "coordinates": [ [ [ [ 92.4116575, 26.4259149 ], [ 92.411662, 26.4258376 ], [ 92.4119282, 26.4258502 ], [ 92.4119236, 26.4259276 ], [ 92.4116575, 26.4259149 ] ] ] ] } },
{ "type": "Feature", "properties": { "full_id": "w1046308123", "osm_id": "1046308123", "osm_type": "way", "building": "house", "addr:city": null, "roof:shape": null, "addr:street": null, "addr:housenumber": null, "layer": null, "building:levels": null }, "geometry": { "type": "MultiPolygon", "coordinates": [ [ [ [ 92.4120337, 26.4259768 ], [ 92.4121375, 26.4259855 ], [ 92.4121471, 26.4258937 ], [ 92.4120433, 26.425885 ], [ 92.4120337, 26.4259768 ] ] ] ] } },
{ "type": "Feature", "properties": { "full_id": "w1046308208", "osm_id": "1046308208", "osm_type": "way", "building": "house", "addr:city": null, "roof:shape": null, "addr:street": null, "addr:housenumber": null, "layer": null, "building:levels": null }, "geometry": { "type": "MultiPolygon", "coordinates": [ [ [ [ 92.4119498, 26.426227 ], [ 92.4120047, 26.4261311 ], [ 92.4121287, 26.426188 ], [ 92.4120738, 26.426284 ], [ 92.4119498, 26.426227 ] ] ] ] } },
{ "type": "Feature", "properties": { "full_id": "w1046332049", "osm_id": "1046332049", "osm_type": "way", "building": "house", "addr:city": null, "roof:shape": null, "addr:street": null, "addr:housenumber": null, "layer": null, "building:levels": null }, "geometry": { "type": "MultiPolygon", "coordinates": [ [ [ [ 92.3209728, 26.3561237 ], [ 92.3210908, 26.3561213 ], [ 92.3210854, 26.3560564 ], [ 92.3209781, 26.3560492 ], [ 92.3209728, 26.3561237 ] ] ] ] } },
{ "type": "Feature", "properties": { "full_id": "w1046332075", "osm_id": "1046332075", "osm_type": "way", "building": "house", "addr:city": null, "roof:shape": null, "addr:street": null, "addr:housenumber": null, "layer": null, "building:levels": null }, "geometry": { "type": "MultiPolygon", "coordinates": [ [ [ [ 92.3204122, 26.3560396 ], [ 92.3204819, 26.3560396 ], [ 92.3204739, 26.355941 ], [ 92.3203988, 26.355953 ], [ 92.3204122, 26.3560396 ] ] ] ] } },
{ "type": "Feature", "properties": { "full_id": "w1046332080", "osm_id": "1046332080", "osm_type": "way", "building": "house", "addr:city": null, "roof:shape": null, "addr:street": null, "addr:housenumber": null, "layer": null, "building:levels": null }, "geometry": { "type": "MultiPolygon", "coordinates": [ [ [ [ 92.3200662, 26.3564457 ], [ 92.3201681, 26.3564457 ], [ 92.3201681, 26.3563953 ], [ 92.3201279, 26.3564001 ], [ 92.3201332, 26.3563039 ], [ 92.3200742, 26.356316 ], [ 92.3200662, 26.3564457 ] ] ] ] } },
{ "type": "Feature", "properties": { "full_id": "w1046332194", "osm_id": "1046332194", "osm_type": "way", "building": "house", "addr:city": null, "roof:shape": null, "addr:street": null, "addr:housenumber": null, "layer": null, "building:levels": null }, "geometry": { "type": "MultiPolygon", "coordinates": [ [ [ [ 92.3231363, 26.3526482 ], [ 92.3232122, 26.3526499 ], [ 92.323215, 26.3525463 ], [ 92.3231392, 26.3525447 ], [ 92.3231363, 26.3526482 ] ] ] ] } },
{ "type": "Feature", "properties": { "full_id": "w1046332242", "osm_id": "1046332242", "osm_type": "way", "building": "house", "addr:city": null, "roof:shape": null, "addr:street": null, "addr:housenumber": null, "layer": null, "building:levels": null }, "geometry": { "type": "MultiPolygon", "coordinates": [ [ [ [ 92.3230798, 26.357241 ], [ 92.3231752, 26.3572343 ], [ 92.32317, 26.3571744 ], [ 92.3230745, 26.3571811 ], [ 92.3230798, 26.357241 ] ] ] ] } },
{ "type": "Feature", "properties": { "full_id": "w1046332264", "osm_id": "1046332264", "osm_type": "way", "building": "house", "addr:city": null, "roof:shape": null, "addr:street": null, "addr:housenumber": null, "layer": null, "building:levels": null }, "geometry": { "type": "MultiPolygon", "coordinates": [ [ [ [ 92.3227208, 26.3569871 ], [ 92.3227955, 26.3569858 ], [ 92.3227935, 26.3568885 ], [ 92.3227187, 26.3568897 ], [ 92.3227208, 26.3569871 ] ] ] ] } },
{ "type": "Feature", "properties": { "full_id": "w1046333661", "osm_id": "1046333661", "osm_type": "way", "building": "house", "addr:city": null, "roof:shape": null, "addr:street": null, "addr:housenumber": null, "layer": null, "building:levels": null }, "geometry": { "type": "MultiPolygon", "coordinates": [ [ [ [ 92.322622, 26.3566637 ], [ 92.3227404, 26.3566698 ], [ 92.3227459, 26.356584 ], [ 92.3226276, 26.3565779 ], [ 92.322622, 26.3566637 ] ] ] ] } },
{ "type": "Feature", "properties": { "full_id": "w1046333667", "osm_id": "1046333667", "osm_type": "way", "building": "house", "addr:city": null, "roof:shape": null, "addr:street": null, "addr:housenumber": null, "layer": null, "building:levels": null }, "geometry": { "type": "MultiPolygon", "coordinates": [ [ [ [ 92.3225522, 26.3562159 ], [ 92.3226386, 26.3562159 ], [ 92.3226386, 26.3561494 ], [ 92.3225521, 26.3561494 ], [ 92.3225522, 26.3562159 ] ] ] ] } },
{ "type": "Feature", "properties": { "full_id": "w1046334159", "osm_id": "1046334159", "osm_type": "way", "building": "house", "addr:city": null, "roof:shape": null, "addr:street": null, "addr:housenumber": null, "layer": null, "building:levels": null }, "geometry": { "type": "MultiPolygon", "coordinates": [ [ [ [ 92.3222521, 26.3563295 ], [ 92.3223303, 26.35633 ], [ 92.3223308, 26.3562553 ], [ 92.3222526, 26.3562548 ], [ 92.3222521, 26.3563295 ] ] ] ] } },
{ "type": "Feature", "properties": { "full_id": "w1046334244", "osm_id": "1046334244", "osm_type": "way", "building": "house", "addr:city": null, "roof:shape": null, "addr:street": null, "addr:housenumber": null, "layer": null, "building:levels": null }, "geometry": { "type": "MultiPolygon", "coordinates": [ [ [ [ 92.3211678, 26.3571292 ], [ 92.3212789, 26.3571317 ], [ 92.3212822, 26.3570132 ], [ 92.3211711, 26.3570107 ], [ 92.3211678, 26.3571292 ] ] ] ] } },
{ "type": "Feature", "properties": { "full_id": "w1046334279", "osm_id": "1046334279", "osm_type": "way", "building": "house", "addr:city": null, "roof:shape": null, "addr:street": null, "addr:housenumber": null, "layer": null, "building:levels": null }, "geometry": { "type": "MultiPolygon", "coordinates": [ [ [ [ 92.3212974, 26.3571527 ], [ 92.3214068, 26.3571527 ], [ 92.3214068, 26.3570602 ], [ 92.3212974, 26.3570602 ], [ 92.3212974, 26.3571527 ] ] ] ] } },
{ "type": "Feature", "properties": { "full_id": "w1046334331", "osm_id": "1046334331", "osm_type": "way", "building": "house", "addr:city": null, "roof:shape": null, "addr:street": null, "addr:housenumber": null, "layer": null, "building:levels": null }, "geometry": { "type": "MultiPolygon", "coordinates": [ [ [ [ 92.3214794, 26.3571417 ], [ 92.3215985, 26.3571494 ], [ 92.3216069, 26.3570449 ], [ 92.3214878, 26.3570372 ], [ 92.3214794, 26.3571417 ] ] ] ] } },
{ "type": "Feature", "properties": { "full_id": "w1046334333", "osm_id": "1046334333", "osm_type": "way", "building": "house", "addr:city": null, "roof:shape": null, "addr:street": null, "addr:housenumber": null, "layer": null, "building:levels": null }, "geometry": { "type": "MultiPolygon", "coordinates": [ [ [ [ 92.321569, 26.3567609 ], [ 92.3216429, 26.3567604 ], [ 92.321642, 26.3566624 ], [ 92.3215681, 26.3566629 ], [ 92.321569, 26.3567609 ] ] ] ] } },
{ "type": "Feature", "properties": { "full_id": "w1046334417", "osm_id": "1046334417", "osm_type": "way", "building": "house", "addr:city": null, "roof:shape": null, "addr:street": null, "addr:housenumber": null, "layer": null, "building:levels": null }, "geometry": { "type": "MultiPolygon", "coordinates": [ [ [ [ 92.3213026, 26.3567354 ], [ 92.3213811, 26.3567392 ], [ 92.3213862, 26.3566548 ], [ 92.3213077, 26.356651 ], [ 92.3213026, 26.3567354 ] ] ] ] } },
{ "type": "Feature", "properties": { "full_id": "w1046334490", "osm_id": "1046334490", "osm_type": "way", "building": "house", "addr:city": null, "roof:shape": null, "addr:street": null, "addr:housenumber": null, "layer": null, "building:levels": null }, "geometry": { "type": "MultiPolygon", "coordinates": [ [ [ [ 92.3222577, 26.3551767 ], [ 92.3223639, 26.3551831 ], [ 92.3223497, 26.3550943 ], [ 92.3222329, 26.3550879 ], [ 92.3222577, 26.3551767 ] ] ] ] } },
{ "type": "Feature", "properties": { "full_id": "w1046334512", "osm_id": "1046334512", "osm_type": "way", "building": "house", "addr:city": null, "roof:shape": null, "addr:street": null, "addr:housenumber": null, "layer": null, "building:levels": null }, "geometry": { "type": "MultiPolygon", "coordinates": [ [ [ [ 92.3222175, 26.3555586 ], [ 92.3223422, 26.3555608 ], [ 92.3223444, 26.3554615 ], [ 92.3222197, 26.3554593 ], [ 92.3222182, 26.3555294 ], [ 92.3222175, 26.3555586 ] ] ] ] } },
{ "type": "Feature", "properties": { "full_id": "w1046334551", "osm_id": "1046334551", "osm_type": "way", "building": "house", "addr:city": null, "roof:shape": null, "addr:street": null, "addr:housenumber": null, "layer": null, "building:levels": null }, "geometry": { "type": "MultiPolygon", "coordinates": [ [ [ [ 92.3208261, 26.3567012 ], [ 92.3209483, 26.3567054 ], [ 92.3209526, 26.356604 ], [ 92.3208304, 26.3565999 ], [ 92.3208261, 26.3567012 ] ] ] ] } },
{ "type": "Feature", "properties": { "full_id": "w1046334779", "osm_id": "1046334779", "osm_type": "way", "building": "house", "addr:city": null, "roof:shape": null, "addr:street": null, "addr:housenumber": null, "layer": null, "building:levels": null }, "geometry": { "type": "MultiPolygon", "coordinates": [ [ [ [ 92.3210113, 26.3567335 ], [ 92.3211024, 26.3567382 ], [ 92.3211078, 26.356654 ], [ 92.3210167, 26.3566493 ], [ 92.3210113, 26.3567335 ] ] ] ] } },
{ "type": "Feature", "properties": { "full_id": "w1046335005", "osm_id": "1046335005", "osm_type": "way", "building": "house", "addr:city": null, "roof:shape": null, "addr:street": null, "addr:housenumber": null, "layer": null, "building:levels": null }, "geometry": { "type": "MultiPolygon", "coordinates": [ [ [ [ 92.3209588, 26.3571446 ], [ 92.3210281, 26.3571414 ], [ 92.3210235, 26.3570615 ], [ 92.3209542, 26.3570646 ], [ 92.3209588, 26.3571446 ] ] ] ] } },
{ "type": "Feature", "properties": { "full_id": "w1046335075", "osm_id": "1046335075", "osm_type": "way", "building": "house", "addr:city": null, "roof:shape": null, "addr:street": null, "addr:housenumber": null, "layer": null, "building:levels": null }, "geometry": { "type": "MultiPolygon", "coordinates": [ [ [ [ 92.3204952, 26.357338 ], [ 92.3206233, 26.3573379 ], [ 92.3206232, 26.3572524 ], [ 92.3204952, 26.3572524 ], [ 92.3204952, 26.357338 ] ] ] ] } },
{ "type": "Feature", "properties": { "full_id": "w1046335129", "osm_id": "1046335129", "osm_type": "way", "building": "house", "addr:city": null, "roof:shape": null, "addr:street": null, "addr:housenumber": null, "layer": null, "building:levels": null }, "geometry": { "type": "MultiPolygon", "coordinates": [ [ [ [ 92.3201727, 26.3561888 ], [ 92.3202775, 26.3561999 ], [ 92.3203144, 26.3560674 ], [ 92.3201912, 26.3560674 ], [ 92.3201727, 26.3561888 ] ] ] ] } },
{ "type": "Feature", "properties": { "full_id": "w1046335235", "osm_id": "1046335235", "osm_type": "way", "building": "house", "addr:city": null, "roof:shape": null, "addr:street": null, "addr:housenumber": null, "layer": null, "building:levels": null }, "geometry": { "type": "MultiPolygon", "coordinates": [ [ [ [ 92.3218369, 26.3570794 ], [ 92.321935, 26.3570794 ], [ 92.321935, 26.3569832 ], [ 92.321837, 26.3569832 ], [ 92.3218369, 26.3570794 ] ] ] ] } },
{ "type": "Feature", "properties": { "full_id": "w1046335347", "osm_id": "1046335347", "osm_type": "way", "building": "house", "addr:city": null, "roof:shape": null, "addr:street": null, "addr:housenumber": null, "layer": null, "building:levels": null }, "geometry": { "type": "MultiPolygon", "coordinates": [ [ [ [ 92.322159, 26.3568061 ], [ 92.3222545, 26.3567906 ], [ 92.3222382, 26.3567096 ], [ 92.3221427, 26.3567251 ], [ 92.322159, 26.3568061 ] ] ] ] } },
{ "type": "Feature", "properties": { "full_id": "w1046336371", "osm_id": "1046336371", "osm_type": "way", "building": "house", "addr:city": null, "roof:shape": null, "addr:street": null, "addr:housenumber": null, "layer": null, "building:levels": null }, "geometry": { "type": "MultiPolygon", "coordinates": [ [ [ [ 92.337043, 26.3646466 ], [ 92.3372257, 26.3646645 ], [ 92.3372361, 26.3645787 ], [ 92.3370534, 26.3645608 ], [ 92.337043, 26.3646466 ] ] ] ] } },
{ "type": "Feature", "properties": { "full_id": "w1046336687", "osm_id": "1046336687", "osm_type": "way", "building": "house", "addr:city": null, "roof:shape": null, "addr:street": null, "addr:housenumber": null, "layer": null, "building:levels": null }, "geometry": { "type": "MultiPolygon", "coordinates": [ [ [ [ 92.3353868, 26.3625797 ], [ 92.335413, 26.3625847 ], [ 92.335421, 26.3625513 ], [ 92.3353948, 26.3625463 ], [ 92.3353868, 26.3625797 ] ] ] ] } },
{ "type": "Feature", "properties": { "full_id": "w1046336754", "osm_id": "1046336754", "osm_type": "way", "building": "house", "addr:city": null, "roof:shape": null, "addr:street": null, "addr:housenumber": null, "layer": null, "building:levels": null }, "geometry": { "type": "MultiPolygon", "coordinates": [ [ [ [ 92.3353373, 26.3624952 ], [ 92.3353545, 26.3624512 ], [ 92.3352524, 26.3624192 ], [ 92.3352352, 26.3624632 ], [ 92.3353373, 26.3624952 ] ] ] ] } },
{ "type": "Feature", "properties": { "full_id": "w1046336881", "osm_id": "1046336881", "osm_type": "way", "building": "house", "addr:city": null, "roof:shape": null, "addr:street": null, "addr:housenumber": null, "layer": null, "building:levels": null }, "geometry": { "type": "MultiPolygon", "coordinates": [ [ [ [ 92.3361528, 26.3624872 ], [ 92.336248, 26.3625079 ], [ 92.3362634, 26.3624511 ], [ 92.3361682, 26.3624304 ], [ 92.3361528, 26.3624872 ] ] ] ] } },
{ "type": "Feature", "properties": { "full_id": "w1046337012", "osm_id": "1046337012", "osm_type": "way", "building": "house", "addr:city": null, "roof:shape": null, "addr:street": null, "addr:housenumber": null, "layer": null, "building:levels": null }, "geometry": { "type": "MultiPolygon", "coordinates": [ [ [ [ 92.3359746, 26.3624672 ], [ 92.336018, 26.3624737 ], [ 92.3360137, 26.3624965 ], [ 92.3360959, 26.3625088 ], [ 92.3361098, 26.3624339 ], [ 92.3359843, 26.362415 ], [ 92.3359746, 26.3624672 ] ] ] ] } },
{ "type": "Feature", "properties": { "full_id": "w1046337486", "osm_id": "1046337486", "osm_type": "way", "building": "house", "addr:city": null, "roof:shape": null, "addr:street": null, "addr:housenumber": null, "layer": null, "building:levels": null }, "geometry": { "type": "MultiPolygon", "coordinates": [ [ [ [ 92.3363768, 26.3628394 ], [ 92.3363943, 26.3627983 ], [ 92.336245, 26.3627472 ], [ 92.3362275, 26.3627884 ], [ 92.3363768, 26.3628394 ] ] ] ] } },
{ "type": "Feature", "properties": { "full_id": "w1046338043", "osm_id": "1046338043", "osm_type": "way", "building": "house", "addr:city": null, "roof:shape": null, "addr:street": null, "addr:housenumber": null, "layer": null, "building:levels": null }, "geometry": { "type": "MultiPolygon", "coordinates": [ [ [ [ 92.3373434, 26.3630789 ], [ 92.3374126, 26.3630908 ], [ 92.3374395, 26.3629654 ], [ 92.3373702, 26.3629535 ], [ 92.3373434, 26.3630789 ] ] ] ] } },
{ "type": "Feature", "properties": { "full_id": "w1046338230", "osm_id": "1046338230", "osm_type": "way", "building": "house", "addr:city": null, "roof:shape": null, "addr:street": null, "addr:housenumber": null, "layer": null, "building:levels": null }, "geometry": { "type": "MultiPolygon", "coordinates": [ [ [ [ 92.3376318, 26.3631221 ], [ 92.3376817, 26.363129 ], [ 92.3377004, 26.3630198 ], [ 92.3375451, 26.3629983 ], [ 92.337529, 26.3630923 ], [ 92.3375702, 26.363098 ], [ 92.3375769, 26.3630594 ], [ 92.3376411, 26.3630683 ], [ 92.3376318, 26.3631221 ] ] ] ] } },
{ "type": "Feature", "properties": { "full_id": "w1046338319", "osm_id": "1046338319", "osm_type": "way", "building": "house", "addr:city": null, "roof:shape": null, "addr:street": null, "addr:housenumber": null, "layer": null, "building:levels": null }, "geometry": { "type": "MultiPolygon", "coordinates": [ [ [ [ 92.3377448, 26.3631452 ], [ 92.3378616, 26.3631741 ], [ 92.3378816, 26.3631094 ], [ 92.3377648, 26.3630804 ], [ 92.3377448, 26.3631452 ] ] ] ] } },
{ "type": "Feature", "properties": { "full_id": "w1046338449", "osm_id": "1046338449", "osm_type": "way", "building": "house", "addr:city": null, "roof:shape": null, "addr:street": null, "addr:housenumber": null, "layer": null, "building:levels": null }, "geometry": { "type": "MultiPolygon", "coordinates": [ [ [ [ 92.3386977, 26.363011 ], [ 92.3388263, 26.363025 ], [ 92.3388337, 26.3629704 ], [ 92.3387051, 26.3629564 ], [ 92.3386977, 26.363011 ] ] ] ] } },
{ "type": "Feature", "properties": { "full_id": "w1046338532", "osm_id": "1046338532", "osm_type": "way", "building": "house", "addr:city": null, "roof:shape": null, "addr:street": null, "addr:housenumber": null, "layer": null, "building:levels": null }, "geometry": { "type": "MultiPolygon", "coordinates": [ [ [ [ 92.338946, 26.3631382 ], [ 92.3390627, 26.3631282 ], [ 92.3390483, 26.3629932 ], [ 92.3389316, 26.3630032 ], [ 92.338946, 26.3631382 ] ] ] ] } },
{ "type": "Feature", "properties": { "full_id": "w1046338550", "osm_id": "1046338550", "osm_type": "way", "building": "house", "addr:city": null, "roof:shape": null, "addr:street": null, "addr:housenumber": null, "layer": null, "building:levels": null }, "geometry": { "type": "MultiPolygon", "coordinates": [ [ [ [ 92.3388612, 26.3629529 ], [ 92.3389086, 26.3629569 ], [ 92.3389192, 26.3628582 ], [ 92.3388718, 26.3628542 ], [ 92.3388612, 26.3629529 ] ] ] ] } },
{ "type": "Feature", "properties": { "full_id": "w1046338581", "osm_id": "1046338581", "osm_type": "way", "building": "house", "addr:city": null, "roof:shape": null, "addr:street": null, "addr:housenumber": null, "layer": null, "building:levels": null }, "geometry": { "type": "MultiPolygon", "coordinates": [ [ [ [ 92.4986535, 26.3294205 ], [ 92.4986531, 26.3293979 ], [ 92.4987029, 26.3293972 ], [ 92.4987033, 26.3294198 ], [ 92.4986535, 26.3294205 ] ] ] ] } },
{ "type": "Feature", "properties": { "full_id": "w1046338582", "osm_id": "1046338582", "osm_type": "way", "building": "house", "addr:city": null, "roof:shape": null, "addr:street": null, "addr:housenumber": null, "layer": null, "building:levels": null }, "geometry": { "type": "MultiPolygon", "coordinates": [ [ [ [ 92.4982888, 26.3291673 ], [ 92.4982801, 26.3290725 ], [ 92.4983672, 26.3290661 ], [ 92.498376, 26.3291608 ], [ 92.4982888, 26.3291673 ] ] ] ] } },
{ "type": "Feature", "properties": { "full_id": "w1046338642", "osm_id": "1046338642", "osm_type": "way", "building": "house", "addr:city": null, "roof:shape": null, "addr:street": null, "addr:housenumber": null, "layer": null, "building:levels": null }, "geometry": { "type": "MultiPolygon", "coordinates": [ [ [ [ 92.3394313, 26.3631134 ], [ 92.3395201, 26.3631146 ], [ 92.3395214, 26.3630425 ], [ 92.3394325, 26.3630412 ], [ 92.3394313, 26.3631134 ] ] ] ] } },
{ "type": "Feature", "properties": { "full_id": "w1046338655", "osm_id": "1046338655", "osm_type": "way", "building": "house", "addr:city": null, "roof:shape": null, "addr:street": null, "addr:housenumber": null, "layer": null, "building:levels": null }, "geometry": { "type": "MultiPolygon", "coordinates": [ [ [ [ 92.5333444, 26.4476784 ], [ 92.5334588, 26.44767 ], [ 92.5334518, 26.4475822 ], [ 92.5333281, 26.447601 ], [ 92.5333444, 26.4476784 ] ] ] ] } },
{ "type": "Feature", "properties": { "full_id": "w1046338863", "osm_id": "1046338863", "osm_type": "way", "building": "house", "addr:city": null, "roof:shape": null, "addr:street": null, "addr:housenumber": null, "layer": null, "building:levels": null }, "geometry": { "type": "MultiPolygon", "coordinates": [ [ [ [ 92.5339339, 26.4472806 ], [ 92.534025, 26.4472785 ], [ 92.5340273, 26.4471531 ], [ 92.5339292, 26.4471489 ], [ 92.5339339, 26.4472806 ] ] ] ] } },
{ "type": "Feature", "properties": { "full_id": "w1046339119", "osm_id": "1046339119", "osm_type": "way", "building": "house", "addr:city": null, "roof:shape": null, "addr:street": null, "addr:housenumber": null, "layer": null, "building:levels": null }, "geometry": { "type": "MultiPolygon", "coordinates": [ [ [ [ 92.5336517, 26.447642 ], [ 92.5338571, 26.4476232 ], [ 92.5338571, 26.4475479 ], [ 92.5336423, 26.4475667 ], [ 92.5336517, 26.447642 ] ] ] ] } },
{ "type": "Feature", "properties": { "full_id": "w1046339635", "osm_id": "1046339635", "osm_type": "way", "building": "house", "addr:city": null, "roof:shape": null, "addr:street": null, "addr:housenumber": null, "layer": null, "building:levels": null }, "geometry": { "type": "MultiPolygon", "coordinates": [ [ [ [ 92.3397058, 26.3630377 ], [ 92.3397619, 26.3630405 ], [ 92.3397669, 26.3629578 ], [ 92.3397109, 26.3629551 ], [ 92.3397058, 26.3630377 ] ] ] ] } },
{ "type": "Feature", "properties": { "full_id": "w1046339636", "osm_id": "1046339636", "osm_type": "way", "building": "house", "addr:city": null, "roof:shape": null, "addr:street": null, "addr:housenumber": null, "layer": null, "building:levels": null }, "geometry": { "type": "MultiPolygon", "coordinates": [ [ [ [ 92.5372445, 26.4482724 ], [ 92.537338, 26.4482669 ], [ 92.5373299, 26.448145 ], [ 92.5372344, 26.4481504 ], [ 92.5372445, 26.4482724 ] ] ] ] } },
{ "type": "Feature", "properties": { "full_id": "w1046339677", "osm_id": "1046339677", "osm_type": "way", "building": "house", "addr:city": null, "roof:shape": null, "addr:street": null, "addr:housenumber": null, "layer": null, "building:levels": null }, "geometry": { "type": "MultiPolygon", "coordinates": [ [ [ [ 92.3397898, 26.3630949 ], [ 92.339861, 26.363093 ], [ 92.3398583, 26.3630104 ], [ 92.3397872, 26.3630122 ], [ 92.3397898, 26.3630949 ] ] ] ] } },
{ "type": "Feature", "properties": { "full_id": "w1046339678", "osm_id": "1046339678", "osm_type": "way", "building": "house", "addr:city": null, "roof:shape": null, "addr:street": null, "addr:housenumber": null, "layer": null, "building:levels": null }, "geometry": { "type": "MultiPolygon", "coordinates": [ [ [ [ 92.5373645, 26.4483306 ], [ 92.5374295, 26.4483306 ], [ 92.5374173, 26.4481504 ], [ 92.5373604, 26.4481504 ], [ 92.5373645, 26.4483306 ] ] ] ] } },
{ "type": "Feature", "properties": { "full_id": "w1046339686", "osm_id": "1046339686", "osm_type": "way", "building": "house", "addr:city": null, "roof:shape": null, "addr:street": null, "addr:housenumber": null, "layer": null, "building:levels": null }, "geometry": { "type": "MultiPolygon", "coordinates": [ [ [ [ 92.33977, 26.3633546 ], [ 92.3398304, 26.3633541 ], [ 92.339831, 26.3634226 ], [ 92.3399027, 26.3634221 ], [ 92.3399021, 26.363361 ], [ 92.3399016, 26.3633053 ], [ 92.3398515, 26.3633057 ], [ 92.3397695, 26.3633063 ], [ 92.33977, 26.3633546 ] ] ] ] } },
{ "type": "Feature", "properties": { "full_id": "w1046340090", "osm_id": "1046340090", "osm_type": "way", "building": "house", "addr:city": null, "roof:shape": null, "addr:street": null, "addr:housenumber": null, "layer": null, "building:levels": null }, "geometry": { "type": "MultiPolygon", "coordinates": [ [ [ [ 92.5340022, 26.4475626 ], [ 92.5342195, 26.4475458 ], [ 92.534198, 26.4474954 ], [ 92.5339888, 26.4475098 ], [ 92.5340022, 26.4475626 ] ] ] ] } },
{ "type": "Feature", "properties": { "full_id": "w1046340297", "osm_id": "1046340297", "osm_type": "way", "building": "house", "addr:city": null, "roof:shape": null, "addr:street": null, "addr:housenumber": null, "layer": null, "building:levels": null }, "geometry": { "type": "MultiPolygon", "coordinates": [ [ [ [ 92.5376691, 26.4478534 ], [ 92.5377118, 26.447857 ], [ 92.5377138, 26.4477569 ], [ 92.5376732, 26.4477533 ], [ 92.5376691, 26.4478534 ] ] ] ] } },
{ "type": "Feature", "properties": { "full_id": "w1046340396", "osm_id": "1046340396", "osm_type": "way", "building": "house", "addr:city": null, "roof:shape": null, "addr:street": null, "addr:housenumber": null, "layer": null, "building:levels": null }, "geometry": { "type": "MultiPolygon", "coordinates": [ [ [ [ 92.5374008, 26.4489654 ], [ 92.537474, 26.448969 ], [ 92.5374638, 26.448838 ], [ 92.5373906, 26.4488398 ], [ 92.5374008, 26.4489654 ] ] ] ] } },
{ "type": "Feature", "properties": { "full_id": "w1046341430", "osm_id": "1046341430", "osm_type": "way", "building": "house", "addr:city": null, "roof:shape": null, "addr:street": null, "addr:housenumber": null, "layer": null, "building:levels": null }, "geometry": { "type": "MultiPolygon", "coordinates": [ [ [ [ 92.5374308, 26.4493911 ], [ 92.5374817, 26.4493887 ], [ 92.537471, 26.4492614 ], [ 92.5374227, 26.4492614 ], [ 92.5374308, 26.4493911 ] ] ] ] } },
{ "type": "Feature", "properties": { "full_id": "w1046341699", "osm_id": "1046341699", "osm_type": "way", "building": "house", "addr:city": null, "roof:shape": null, "addr:street": null, "addr:housenumber": null, "layer": null, "building:levels": null }, "geometry": { "type": "MultiPolygon", "coordinates": [ [ [ [ 92.5375716, 26.4495511 ], [ 92.5376393, 26.4495469 ], [ 92.537616, 26.4494089 ], [ 92.5375669, 26.4494152 ], [ 92.5375716, 26.4495511 ] ] ] ] } },
{ "type": "Feature", "properties": { "full_id": "w1046345636", "osm_id": "1046345636", "osm_type": "way", "building": "house", "addr:city": null, "roof:shape": null, "addr:street": null, "addr:housenumber": null, "layer": null, "building:levels": null }, "geometry": { "type": "MultiPolygon", "coordinates": [ [ [ [ 92.3630819, 26.4401616 ], [ 92.3631159, 26.4401195 ], [ 92.3630751, 26.440093 ], [ 92.3630181, 26.4401635 ], [ 92.363059, 26.44019 ], [ 92.3630819, 26.4401616 ] ] ] ] } },
{ "type": "Feature", "properties": { "full_id": "w1046345637", "osm_id": "1046345637", "osm_type": "way", "building": "house", "addr:city": null, "roof:shape": null, "addr:street": null, "addr:housenumber": null, "layer": null, "building:levels": null }, "geometry": { "type": "MultiPolygon", "coordinates": [ [ [ [ 92.3639769, 26.4400051 ], [ 92.3640148, 26.4400113 ], [ 92.3640293, 26.4399394 ], [ 92.3639914, 26.4399333 ], [ 92.3639769, 26.4400051 ] ] ] ] } },
{ "type": "Feature", "properties": { "full_id": "w1046345638", "osm_id": "1046345638", "osm_type": "way", "building": "house", "addr:city": null, "roof:shape": null, "addr:street": null, "addr:housenumber": null, "layer": null, "building:levels": null }, "geometry": { "type": "MultiPolygon", "coordinates": [ [ [ [ 92.3649213, 26.4395774 ], [ 92.3649527, 26.4395778 ], [ 92.364954, 26.4394877 ], [ 92.3649226, 26.4394873 ], [ 92.3649213, 26.4395774 ] ] ] ] } },
{ "type": "Feature", "properties": { "full_id": "w1046345639", "osm_id": "1046345639", "osm_type": "way", "building": "house", "addr:city": null, "roof:shape": null, "addr:street": null, "addr:housenumber": null, "layer": null, "building:levels": null }, "geometry": { "type": "MultiPolygon", "coordinates": [ [ [ [ 92.3654299, 26.4396887 ], [ 92.3654737, 26.4396169 ], [ 92.365566, 26.439662 ], [ 92.3655549, 26.4396803 ], [ 92.3655061, 26.4396564 ], [ 92.3654734, 26.43971 ], [ 92.3654299, 26.4396887 ] ] ] ] } },
{ "type": "Feature", "properties": { "full_id": "w1046345640", "osm_id": "1046345640", "osm_type": "way", "building": "house", "addr:city": null, "roof:shape": null, "addr:street": null, "addr:housenumber": null, "layer": null, "building:levels": null }, "geometry": { "type": "MultiPolygon", "coordinates": [ [ [ [ 92.3656133, 26.4392836 ], [ 92.3656156, 26.4392467 ], [ 92.365737, 26.4392527 ], [ 92.3657347, 26.4392896 ], [ 92.365646, 26.4392852 ], [ 92.3656133, 26.4392836 ] ] ] ] } },
{ "type": "Feature", "properties": { "full_id": "w1046345641", "osm_id": "1046345641", "osm_type": "way", "building": "house", "addr:city": null, "roof:shape": null, "addr:street": null, "addr:housenumber": null, "layer": null, "building:levels": null }, "geometry": { "type": "MultiPolygon", "coordinates": [ [ [ [ 92.3655212, 26.4388795 ], [ 92.3655318, 26.4387687 ], [ 92.3655939, 26.4387734 ], [ 92.3655833, 26.4388843 ], [ 92.3655212, 26.4388795 ] ] ] ] } },
{ "type": "Feature", "properties": { "full_id": "w1046345645", "osm_id": "1046345645", "osm_type": "way", "building": "house", "addr:city": null, "roof:shape": null, "addr:street": null, "addr:housenumber": null, "layer": null, "building:levels": null }, "geometry": { "type": "MultiPolygon", "coordinates": [ [ [ [ 92.3660397, 26.4365204 ], [ 92.3661089, 26.4365359 ], [ 92.3661155, 26.4365123 ], [ 92.3660464, 26.4364968 ], [ 92.3660397, 26.4365204 ] ] ] ] } },
{ "type": "Feature", "properties": { "full_id": "w1046345646", "osm_id": "1046345646", "osm_type": "way", "building": "house", "addr:city": null, "roof:shape": null, "addr:street": null, "addr:housenumber": null, "layer": null, "building:levels": null }, "geometry": { "type": "MultiPolygon", "coordinates": [ [ [ [ 92.3658996, 26.436656 ], [ 92.3659188, 26.4365903 ], [ 92.3659528, 26.4365983 ], [ 92.3659337, 26.4366639 ], [ 92.3658996, 26.436656 ] ] ] ] } },
{ "type": "Feature", "properties": { "full_id": "w1046345647", "osm_id": "1046345647", "osm_type": "way", "building": "house", "addr:city": null, "roof:shape": null, "addr:street": null, "addr:housenumber": null, "layer": null, "building:levels": null }, "geometry": { "type": "MultiPolygon", "coordinates": [ [ [ [ 92.3647185, 26.4373653 ], [ 92.3647431, 26.4373046 ], [ 92.364814, 26.437335 ], [ 92.3648078, 26.4373874 ], [ 92.3647185, 26.4373653 ] ] ] ] } },
{ "type": "Feature", "properties": { "full_id": "w1046345648", "osm_id": "1046345648", "osm_type": "way", "building": "house", "addr:city": null, "roof:shape": null, "addr:street": null, "addr:housenumber": null, "layer": null, "building:levels": null }, "geometry": { "type": "MultiPolygon", "coordinates": [ [ [ [ 92.3647407, 26.437692 ], [ 92.3647452, 26.4376466 ], [ 92.3647857, 26.4376498 ], [ 92.3647812, 26.4376952 ], [ 92.3647407, 26.437692 ] ] ] ] } },
{ "type": "Feature", "properties": { "full_id": "w1046345650", "osm_id": "1046345650", "osm_type": "way", "building": "house", "addr:city": null, "roof:shape": null, "addr:street": null, "addr:housenumber": null, "layer": null, "building:levels": null }, "geometry": { "type": "MultiPolygon", "coordinates": [ [ [ [ 92.3656657, 26.4383575 ], [ 92.3657228, 26.4383651 ], [ 92.3657374, 26.4382769 ], [ 92.3656803, 26.4382693 ], [ 92.3656657, 26.4383575 ] ] ] ] } },
{ "type": "Feature", "properties": { "full_id": "w1046345651", "osm_id": "1046345651", "osm_type": "way", "building": "house", "addr:city": null, "roof:shape": null, "addr:street": null, "addr:housenumber": null, "layer": null, "building:levels": null }, "geometry": { "type": "MultiPolygon", "coordinates": [ [ [ [ 92.3656543, 26.4382587 ], [ 92.3657513, 26.4382696 ], [ 92.3657582, 26.438221 ], [ 92.3656611, 26.43821 ], [ 92.3656543, 26.4382587 ] ] ] ] } },
{ "type": "Feature", "properties": { "full_id": "w1046345652", "osm_id": "1046345652", "osm_type": "way", "building": "house", "addr:city": null, "roof:shape": null, "addr:street": null, "addr:housenumber": null, "layer": null, "building:levels": null }, "geometry": { "type": "MultiPolygon", "coordinates": [ [ [ [ 92.3669515, 26.4366753 ], [ 92.3669598, 26.4366304 ], [ 92.3670785, 26.4366479 ], [ 92.3670743, 26.4366708 ], [ 92.3670702, 26.4366929 ], [ 92.3669515, 26.4366753 ] ] ] ] } },
{ "type": "Feature", "properties": { "full_id": "w1046345654", "osm_id": "1046345654", "osm_type": "way", "building": "house", "addr:city": null, "roof:shape": null, "addr:street": null, "addr:housenumber": null, "layer": null, "building:levels": null }, "geometry": { "type": "MultiPolygon", "coordinates": [ [ [ [ 92.3663843, 26.4375265 ], [ 92.3663854, 26.4374745 ], [ 92.3665106, 26.4374767 ], [ 92.3665095, 26.4375287 ], [ 92.3663843, 26.4375265 ] ] ] ] } },
{ "type": "Feature", "properties": { "full_id": "w1046345655", "osm_id": "1046345655", "osm_type": "way", "building": "house", "addr:city": null, "roof:shape": null, "addr:street": null, "addr:housenumber": null, "layer": null, "building:levels": null }, "geometry": { "type": "MultiPolygon", "coordinates": [ [ [ [ 92.366318, 26.4375877 ], [ 92.3663692, 26.4375958 ], [ 92.3663814, 26.437534 ], [ 92.3663302, 26.4375259 ], [ 92.366324, 26.4375571 ], [ 92.366318, 26.4375877 ] ] ] ] } },
{ "type": "Feature", "properties": { "full_id": "w1046345967", "osm_id": "1046345967", "osm_type": "way", "building": "house", "addr:city": null, "roof:shape": null, "addr:street": null, "addr:housenumber": null, "layer": null, "building:levels": null }, "geometry": { "type": "MultiPolygon", "coordinates": [ [ [ [ 92.4580739, 26.4285773 ], [ 92.4580349, 26.4285858 ], [ 92.4580346, 26.4286982 ], [ 92.4581177, 26.428691 ], [ 92.458123, 26.4286655 ], [ 92.4580698, 26.4286632 ], [ 92.4580739, 26.4285773 ] ] ] ] } },
{ "type": "Feature", "properties": { "full_id": "w1046348582", "osm_id": "1046348582", "osm_type": "way", "building": "house", "addr:city": null, "roof:shape": null, "addr:street": null, "addr:housenumber": null, "layer": null, "building:levels": null }, "geometry": { "type": "MultiPolygon", "coordinates": [ [ [ [ 92.4580528, 26.4295962 ], [ 92.4581046, 26.4295965 ], [ 92.4581058, 26.42943 ], [ 92.4580548, 26.42943 ], [ 92.4580528, 26.4295962 ] ] ] ] } },
{ "type": "Feature", "properties": { "full_id": "w1046349353", "osm_id": "1046349353", "osm_type": "way", "building": "house", "addr:city": null, "roof:shape": null, "addr:street": null, "addr:housenumber": null, "layer": null, "building:levels": null }, "geometry": { "type": "MultiPolygon", "coordinates": [ [ [ [ 92.4809336, 26.4599697 ], [ 92.4809873, 26.4600273 ], [ 92.481057, 26.4600129 ], [ 92.4810087, 26.4599264 ], [ 92.4809336, 26.4599697 ] ] ] ] } },
{ "type": "Feature", "properties": { "full_id": "w1046351775", "osm_id": "1046351775", "osm_type": "way", "building": "house", "addr:city": null, "roof:shape": null, "addr:street": null, "addr:housenumber": null, "layer": null, "building:levels": null }, "geometry": { "type": "MultiPolygon", "coordinates": [ [ [ [ 92.5153008, 26.4436857 ], [ 92.5153812, 26.4436713 ], [ 92.5153866, 26.4436041 ], [ 92.5152954, 26.4436041 ], [ 92.5153008, 26.4436857 ] ] ] ] } },
{ "type": "Feature", "properties": { "full_id": "w1046690615", "osm_id": "1046690615", "osm_type": "way", "building": "house", "addr:city": null, "roof:shape": null, "addr:street": null, "addr:housenumber": null, "layer": null, "building:levels": null }, "geometry": { "type": "MultiPolygon", "coordinates": [ [ [ [ 92.3421296, 26.3992058 ], [ 92.3422067, 26.3992055 ], [ 92.3422071, 26.3993028 ], [ 92.34213, 26.3993031 ], [ 92.3421296, 26.3992058 ] ] ] ] } },
{ "type": "Feature", "properties": { "full_id": "w1046690616", "osm_id": "1046690616", "osm_type": "way", "building": "house", "addr:city": null, "roof:shape": null, "addr:street": null, "addr:housenumber": null, "layer": null, "building:levels": null }, "geometry": { "type": "MultiPolygon", "coordinates": [ [ [ [ 92.3426617, 26.3975078 ], [ 92.3426618, 26.3975512 ], [ 92.3428064, 26.3975509 ], [ 92.3428062, 26.3975074 ], [ 92.3426617, 26.3975078 ] ] ] ] } },
{ "type": "Feature", "properties": { "full_id": "w1046690617", "osm_id": "1046690617", "osm_type": "way", "building": "house", "addr:city": null, "roof:shape": null, "addr:street": null, "addr:housenumber": null, "layer": null, "building:levels": null }, "geometry": { "type": "MultiPolygon", "coordinates": [ [ [ [ 92.3425964, 26.397516 ], [ 92.3426461, 26.3975167 ], [ 92.3426445, 26.3976035 ], [ 92.3425948, 26.3976027 ], [ 92.3425964, 26.397516 ] ] ] ] } },
{ "type": "Feature", "properties": { "full_id": "w1046690618", "osm_id": "1046690618", "osm_type": "way", "building": "house", "addr:city": null, "roof:shape": null, "addr:street": null, "addr:housenumber": null, "layer": null, "building:levels": null }, "geometry": { "type": "MultiPolygon", "coordinates": [ [ [ [ 92.3424432, 26.3976138 ], [ 92.3424771, 26.3976142 ], [ 92.3424777, 26.3975703 ], [ 92.3424438, 26.39757 ], [ 92.3424432, 26.3976138 ] ] ] ] } },
{ "type": "Feature", "properties": { "full_id": "w1046690619", "osm_id": "1046690619", "osm_type": "way", "building": "house", "addr:city": null, "roof:shape": null, "addr:street": null, "addr:housenumber": null, "layer": null, "building:levels": null }, "geometry": { "type": "MultiPolygon", "coordinates": [ [ [ [ 92.3425734, 26.3976124 ], [ 92.3426286, 26.3976134 ], [ 92.3426265, 26.3977084 ], [ 92.3424572, 26.3977054 ], [ 92.342458, 26.3976685 ], [ 92.3425252, 26.3976697 ], [ 92.3425255, 26.3976555 ], [ 92.3425725, 26.3976563 ], [ 92.3425734, 26.3976124 ] ] ] ] } },
{ "type": "Feature", "properties": { "full_id": "w1046690620", "osm_id": "1046690620", "osm_type": "way", "building": "house", "addr:city": null, "roof:shape": null, "addr:street": null, "addr:housenumber": null, "layer": null, "building:levels": null }, "geometry": { "type": "MultiPolygon", "coordinates": [ [ [ [ 92.342581, 26.3978327 ], [ 92.3425812, 26.3978774 ], [ 92.3424642, 26.3978778 ], [ 92.342464, 26.3978331 ], [ 92.342581, 26.3978327 ] ] ] ] } },
{ "type": "Feature", "properties": { "full_id": "w1046690621", "osm_id": "1046690621", "osm_type": "way", "building": "house", "addr:city": null, "roof:shape": null, "addr:street": null, "addr:housenumber": null, "layer": null, "building:levels": null }, "geometry": { "type": "MultiPolygon", "coordinates": [ [ [ [ 92.3422951, 26.3979215 ], [ 92.3422949, 26.3979424 ], [ 92.3423358, 26.3979428 ], [ 92.3423569, 26.397943 ], [ 92.3423572, 26.3979222 ], [ 92.3422951, 26.3979215 ] ] ] ] } },
{ "type": "Feature", "properties": { "full_id": "w1046690622", "osm_id": "1046690622", "osm_type": "way", "building": "house", "addr:city": null, "roof:shape": null, "addr:street": null, "addr:housenumber": null, "layer": null, "building:levels": null }, "geometry": { "type": "MultiPolygon", "coordinates": [ [ [ [ 92.3424994, 26.397932 ], [ 92.3424992, 26.3978925 ], [ 92.3426272, 26.397892 ], [ 92.3426274, 26.3979316 ], [ 92.3424994, 26.397932 ] ] ] ] } },
{ "type": "Feature", "properties": { "full_id": "w1046690623", "osm_id": "1046690623", "osm_type": "way", "building": "house", "addr:city": null, "roof:shape": null, "addr:street": null, "addr:housenumber": null, "layer": null, "building:levels": null }, "geometry": { "type": "MultiPolygon", "coordinates": [ [ [ [ 92.3424482, 26.3980295 ], [ 92.3424538, 26.397983 ], [ 92.3425608, 26.3979933 ], [ 92.3425657, 26.3979521 ], [ 92.342627, 26.397958 ], [ 92.3426165, 26.3980457 ], [ 92.3424482, 26.3980295 ] ] ] ] } },
{ "type": "Feature", "properties": { "full_id": "w1046690631", "osm_id": "1046690631", "osm_type": "way", "building": "house", "addr:city": null, "roof:shape": null, "addr:street": null, "addr:housenumber": null, "layer": null, "building:levels": null }, "geometry": { "type": "MultiPolygon", "coordinates": [ [ [ [ 92.3443168, 26.3982621 ], [ 92.3443731, 26.3982645 ], [ 92.3443757, 26.398214 ], [ 92.3443194, 26.3982116 ], [ 92.3443168, 26.3982621 ] ] ] ] } },
{ "type": "Feature", "properties": { "full_id": "w1046690632", "osm_id": "1046690632", "osm_type": "way", "building": "house", "addr:city": null, "roof:shape": null, "addr:street": null, "addr:housenumber": null, "layer": null, "building:levels": null }, "geometry": { "type": "MultiPolygon", "coordinates": [ [ [ [ 92.3447964, 26.3978362 ], [ 92.3448609, 26.3978333 ], [ 92.3448552, 26.3977303 ], [ 92.3447907, 26.3977331 ], [ 92.3447964, 26.3978362 ] ] ] ] } },
{ "type": "Feature", "properties": { "full_id": "w1046690633", "osm_id": "1046690633", "osm_type": "way", "building": "house", "addr:city": null, "roof:shape": null, "addr:street": null, "addr:housenumber": null, "layer": null, "building:levels": null }, "geometry": { "type": "MultiPolygon", "coordinates": [ [ [ [ 92.3454268, 26.3980735 ], [ 92.3454857, 26.3980672 ], [ 92.3454714, 26.3979611 ], [ 92.3454125, 26.3979674 ], [ 92.3454268, 26.3980735 ] ] ] ] } },
{ "type": "Feature", "properties": { "full_id": "w1046690634", "osm_id": "1046690634", "osm_type": "way", "building": "house", "addr:city": null, "roof:shape": null, "addr:street": null, "addr:housenumber": null, "layer": null, "building:levels": null }, "geometry": { "type": "MultiPolygon", "coordinates": [ [ [ [ 92.3454385, 26.3989235 ], [ 92.3454385, 26.3988758 ], [ 92.3455402, 26.3988758 ], [ 92.3455402, 26.3989235 ], [ 92.3454385, 26.3989235 ] ] ] ] } },
{ "type": "Feature", "properties": { "full_id": "w1046690635", "osm_id": "1046690635", "osm_type": "way", "building": "house", "addr:city": null, "roof:shape": null, "addr:street": null, "addr:housenumber": null, "layer": null, "building:levels": null }, "geometry": { "type": "MultiPolygon", "coordinates": [ [ [ [ 92.3438313, 26.3977349 ], [ 92.3438923, 26.3977332 ], [ 92.3438889, 26.3976351 ], [ 92.3438279, 26.3976368 ], [ 92.3438313, 26.3977349 ] ] ] ] } },
{ "type": "Feature", "properties": { "full_id": "w1046690656", "osm_id": "1046690656", "osm_type": "way", "building": "house", "addr:city": null, "roof:shape": null, "addr:street": null, "addr:housenumber": null, "layer": null, "building:levels": null }, "geometry": { "type": "MultiPolygon", "coordinates": [ [ [ [ 92.3417419, 26.3996457 ], [ 92.3417857, 26.3996446 ], [ 92.3417834, 26.3995724 ], [ 92.3417396, 26.3995735 ], [ 92.3417419, 26.3996457 ] ] ] ] } },
{ "type": "Feature", "properties": { "full_id": "w1046690660", "osm_id": "1046690660", "osm_type": "way", "building": "house", "addr:city": null, "roof:shape": null, "addr:street": null, "addr:housenumber": null, "layer": null, "building:levels": null }, "geometry": { "type": "MultiPolygon", "coordinates": [ [ [ [ 92.3409187, 26.3998421 ], [ 92.3409188, 26.3997841 ], [ 92.3410448, 26.3997845 ], [ 92.3410446, 26.3998424 ], [ 92.3409187, 26.3998421 ] ] ] ] } },
{ "type": "Feature", "properties": { "full_id": "w1050477708", "osm_id": "1050477708", "osm_type": "way", "building": "house", "addr:city": null, "roof:shape": null, "addr:street": null, "addr:housenumber": null, "layer": null, "building:levels": "0" }, "geometry": { "type": "MultiPolygon", "coordinates": [ [ [ [ 92.4636477, 26.4335549 ], [ 92.4636274, 26.4333913 ], [ 92.463843, 26.4333698 ], [ 92.4638633, 26.4335334 ], [ 92.4636477, 26.4335549 ] ] ] ] } },
{ "type": "Feature", "properties": { "full_id": "w1050477826", "osm_id": "1050477826", "osm_type": "way", "building": "house", "addr:city": null, "roof:shape": null, "addr:street": null, "addr:housenumber": null, "layer": null, "building:levels": null }, "geometry": { "type": "MultiPolygon", "coordinates": [ [ [ [ 92.4631111, 26.4329723 ], [ 92.4632856, 26.4329567 ], [ 92.4632709, 26.4328248 ], [ 92.4630964, 26.4328404 ], [ 92.4631111, 26.4329723 ] ] ] ] } },
{ "type": "Feature", "properties": { "full_id": "w1050478125", "osm_id": "1050478125", "osm_type": "way", "building": "house", "addr:city": null, "roof:shape": null, "addr:street": null, "addr:housenumber": null, "layer": null, "building:levels": null }, "geometry": { "type": "MultiPolygon", "coordinates": [ [ [ [ 92.232152, 26.4065713 ], [ 92.2321728, 26.4064343 ], [ 92.2323669, 26.406458 ], [ 92.2323461, 26.4065949 ], [ 92.232152, 26.4065713 ] ] ] ] } },
{ "type": "Feature", "properties": { "full_id": "w1050478310", "osm_id": "1050478310", "osm_type": "way", "building": "house", "addr:city": null, "roof:shape": null, "addr:street": null, "addr:housenumber": null, "layer": null, "building:levels": null }, "geometry": { "type": "MultiPolygon", "coordinates": [ [ [ [ 92.4626033, 26.4330241 ], [ 92.4626877, 26.4330275 ], [ 92.462692, 26.4329399 ], [ 92.4626076, 26.4329365 ], [ 92.4626033, 26.4330241 ] ] ] ] } },
{ "type": "Feature", "properties": { "full_id": "w1050478339", "osm_id": "1050478339", "osm_type": "way", "building": "house", "addr:city": null, "roof:shape": null, "addr:street": null, "addr:housenumber": null, "layer": null, "building:levels": null }, "geometry": { "type": "MultiPolygon", "coordinates": [ [ [ [ 92.4625903, 26.4331348 ], [ 92.4626761, 26.4331354 ], [ 92.4626768, 26.4330477 ], [ 92.462591, 26.4330471 ], [ 92.4625903, 26.4331348 ] ] ] ] } },
{ "type": "Feature", "properties": { "full_id": "w1050478382", "osm_id": "1050478382", "osm_type": "way", "building": "house", "addr:city": null, "roof:shape": null, "addr:street": null, "addr:housenumber": null, "layer": null, "building:levels": null }, "geometry": { "type": "MultiPolygon", "coordinates": [ [ [ [ 92.4624371, 26.4330071 ], [ 92.4625525, 26.4330132 ], [ 92.4625564, 26.4329533 ], [ 92.462441, 26.4329472 ], [ 92.4624371, 26.4330071 ] ] ] ] } },
{ "type": "Feature", "properties": { "full_id": "w1050482635", "osm_id": "1050482635", "osm_type": "way", "building": "house", "addr:city": null, "roof:shape": null, "addr:street": null, "addr:housenumber": null, "layer": null, "building:levels": null }, "geometry": { "type": "MultiPolygon", "coordinates": [ [ [ [ 92.4853585, 26.4149615 ], [ 92.4854525, 26.4149342 ], [ 92.4854174, 26.4148374 ], [ 92.4853234, 26.4148647 ], [ 92.4853585, 26.4149615 ] ] ] ] } },
{ "type": "Feature", "properties": { "full_id": "w1050482636", "osm_id": "1050482636", "osm_type": "way", "building": "house", "addr:city": null, "roof:shape": null, "addr:street": null, "addr:housenumber": null, "layer": null, "building:levels": null }, "geometry": { "type": "MultiPolygon", "coordinates": [ [ [ [ 92.4853652, 26.4150206 ], [ 92.485365, 26.4149743 ], [ 92.4854862, 26.4149739 ], [ 92.4854863, 26.4150202 ], [ 92.4853652, 26.4150206 ] ] ] ] } },
{ "type": "Feature", "properties": { "full_id": "w1050482637", "osm_id": "1050482637", "osm_type": "way", "building": "house", "addr:city": null, "roof:shape": null, "addr:street": null, "addr:housenumber": null, "layer": null, "building:levels": null }, "geometry": { "type": "MultiPolygon", "coordinates": [ [ [ [ 92.4839176, 26.4156965 ], [ 92.4839056, 26.4155728 ], [ 92.4840082, 26.4155648 ], [ 92.4840202, 26.4156885 ], [ 92.4839176, 26.4156965 ] ] ] ] } },
{ "type": "Feature", "properties": { "full_id": "w1050482639", "osm_id": "1050482639", "osm_type": "way", "building": "house", "addr:city": null, "roof:shape": null, "addr:street": null, "addr:housenumber": null, "layer": null, "building:levels": null }, "geometry": { "type": "MultiPolygon", "coordinates": [ [ [ [ 92.4843839, 26.4157066 ], [ 92.48438, 26.4155844 ], [ 92.484458, 26.4155824 ], [ 92.4844599, 26.4156431 ], [ 92.4844911, 26.4156423 ], [ 92.484493, 26.4157039 ], [ 92.4843839, 26.4157066 ] ] ] ] } },
{ "type": "Feature", "properties": { "full_id": "w1050482640", "osm_id": "1050482640", "osm_type": "way", "building": "house", "addr:city": null, "roof:shape": null, "addr:street": null, "addr:housenumber": null, "layer": null, "building:levels": null }, "geometry": { "type": "MultiPolygon", "coordinates": [ [ [ [ 92.4841794, 26.4155528 ], [ 92.484174, 26.4154652 ], [ 92.4842646, 26.4154607 ], [ 92.48427, 26.4155483 ], [ 92.4841794, 26.4155528 ] ] ] ] } },
{ "type": "Feature", "properties": { "full_id": "w1050482641", "osm_id": "1050482641", "osm_type": "way", "building": "house", "addr:city": null, "roof:shape": null, "addr:street": null, "addr:housenumber": null, "layer": null, "building:levels": null }, "geometry": { "type": "MultiPolygon", "coordinates": [ [ [ [ 92.4847247, 26.4157078 ], [ 92.4847139, 26.4156333 ], [ 92.4849008, 26.4156115 ], [ 92.4849116, 26.415686 ], [ 92.4847247, 26.4157078 ] ] ] ] } },
{ "type": "Feature", "properties": { "full_id": "w1050482642", "osm_id": "1050482642", "osm_type": "way", "building": "house", "addr:city": null, "roof:shape": null, "addr:street": null, "addr:housenumber": null, "layer": null, "building:levels": null }, "geometry": { "type": "MultiPolygon", "coordinates": [ [ [ [ 92.4837174, 26.4143495 ], [ 92.483703, 26.4142664 ], [ 92.4838605, 26.4142444 ], [ 92.4838749, 26.4143276 ], [ 92.4837174, 26.4143495 ] ] ] ] } },
{ "type": "Feature", "properties": { "full_id": "w1050482643", "osm_id": "1050482643", "osm_type": "way", "building": "house", "addr:city": null, "roof:shape": null, "addr:street": null, "addr:housenumber": null, "layer": null, "building:levels": null }, "geometry": { "type": "MultiPolygon", "coordinates": [ [ [ [ 92.483151, 26.4139085 ], [ 92.4831659, 26.4137866 ], [ 92.4831737, 26.4137221 ], [ 92.4832769, 26.4137322 ], [ 92.4832707, 26.4137836 ], [ 92.4832275, 26.4137794 ], [ 92.483211, 26.4139143 ], [ 92.483151, 26.4139085 ] ] ] ] } },
{ "type": "Feature", "properties": { "full_id": "w1050482644", "osm_id": "1050482644", "osm_type": "way", "building": "house", "addr:city": null, "roof:shape": null, "addr:street": null, "addr:housenumber": null, "layer": null, "building:levels": null }, "geometry": { "type": "MultiPolygon", "coordinates": [ [ [ [ 92.4837338, 26.4138889 ], [ 92.4837075, 26.4138042 ], [ 92.4838392, 26.4137714 ], [ 92.4838655, 26.4138561 ], [ 92.4837338, 26.4138889 ] ] ] ] } },
{ "type": "Feature", "properties": { "full_id": "w1050482645", "osm_id": "1050482645", "osm_type": "way", "building": "house", "addr:city": null, "roof:shape": null, "addr:street": null, "addr:housenumber": null, "layer": null, "building:levels": null }, "geometry": { "type": "MultiPolygon", "coordinates": [ [ [ [ 92.484192, 26.413836 ], [ 92.4841608, 26.4137326 ], [ 92.4843471, 26.4136875 ], [ 92.4843783, 26.4137909 ], [ 92.484192, 26.413836 ] ] ] ] } },
{ "type": "Feature", "properties": { "full_id": "w1050482646", "osm_id": "1050482646", "osm_type": "way", "building": "house", "addr:city": null, "roof:shape": null, "addr:street": null, "addr:housenumber": null, "layer": null, "building:levels": null }, "geometry": { "type": "MultiPolygon", "coordinates": [ [ [ [ 92.484045, 26.413598 ], [ 92.4840266, 26.4135528 ], [ 92.4842272, 26.4134871 ], [ 92.4842522, 26.4135482 ], [ 92.484155, 26.41358 ], [ 92.4841485, 26.4135641 ], [ 92.484045, 26.413598 ] ] ] ] } },
{ "type": "Feature", "properties": { "full_id": "w1050482647", "osm_id": "1050482647", "osm_type": "way", "building": "house", "addr:city": null, "roof:shape": null, "addr:street": null, "addr:housenumber": null, "layer": null, "building:levels": null }, "geometry": { "type": "MultiPolygon", "coordinates": [ [ [ [ 92.4838344, 26.4130999 ], [ 92.4837942, 26.4130125 ], [ 92.4839365, 26.41296 ], [ 92.4839767, 26.4130474 ], [ 92.4838344, 26.4130999 ] ] ] ] } },
{ "type": "Feature", "properties": { "full_id": "w1050500222", "osm_id": "1050500222", "osm_type": "way", "building": "house", "addr:city": null, "roof:shape": null, "addr:street": null, "addr:housenumber": null, "layer": null, "building:levels": null }, "geometry": { "type": "MultiPolygon", "coordinates": [ [ [ [ 92.391269, 26.4059696 ], [ 92.3912619, 26.4057128 ], [ 92.3913143, 26.4057117 ], [ 92.3913214, 26.4059684 ], [ 92.391269, 26.4059696 ] ] ] ] } },
{ "type": "Feature", "properties": { "full_id": "w1050500223", "osm_id": "1050500223", "osm_type": "way", "building": "house", "addr:city": null, "roof:shape": null, "addr:street": null, "addr:housenumber": null, "layer": null, "building:levels": null }, "geometry": { "type": "MultiPolygon", "coordinates": [ [ [ [ 92.3918456, 26.404635 ], [ 92.3918464, 26.4045957 ], [ 92.3919078, 26.4045966 ], [ 92.391907, 26.404636 ], [ 92.3918456, 26.404635 ] ] ] ] } },
{ "type": "Feature", "properties": { "full_id": "w1050500224", "osm_id": "1050500224", "osm_type": "way", "building": "house", "addr:city": null, "roof:shape": null, "addr:street": null, "addr:housenumber": null, "layer": null, "building:levels": null }, "geometry": { "type": "MultiPolygon", "coordinates": [ [ [ [ 92.3911805, 26.4044746 ], [ 92.3910822, 26.4044749 ], [ 92.3910824, 26.4045222 ], [ 92.3911807, 26.4045219 ], [ 92.3911805, 26.4044746 ] ] ] ] } },
{ "type": "Feature", "properties": { "full_id": "w1050500225", "osm_id": "1050500225", "osm_type": "way", "building": "house", "addr:city": null, "roof:shape": null, "addr:street": null, "addr:housenumber": null, "layer": null, "building:levels": null }, "geometry": { "type": "MultiPolygon", "coordinates": [ [ [ [ 92.3895378, 26.405615 ], [ 92.3897486, 26.4055975 ], [ 92.3897353, 26.4054693 ], [ 92.3896479, 26.4054765 ], [ 92.3896554, 26.4055493 ], [ 92.389532, 26.4055596 ], [ 92.3895378, 26.405615 ] ] ] ] } },
{ "type": "Feature", "properties": { "full_id": "w1050500226", "osm_id": "1050500226", "osm_type": "way", "building": "house", "addr:city": null, "roof:shape": null, "addr:street": null, "addr:housenumber": null, "layer": null, "building:levels": null }, "geometry": { "type": "MultiPolygon", "coordinates": [ [ [ [ 92.3905126, 26.4033135 ], [ 92.3905134, 26.4032663 ], [ 92.3905991, 26.4032675 ], [ 92.3905983, 26.4033147 ], [ 92.3905126, 26.4033135 ] ] ] ] } },
{ "type": "Feature", "properties": { "full_id": "w1050500227", "osm_id": "1050500227", "osm_type": "way", "building": "house", "addr:city": null, "roof:shape": null, "addr:street": null, "addr:housenumber": null, "layer": null, "building:levels": null }, "geometry": { "type": "MultiPolygon", "coordinates": [ [ [ [ 92.3911852, 26.4035001 ], [ 92.3912927, 26.4034985 ], [ 92.3912918, 26.4034505 ], [ 92.3911844, 26.4034521 ], [ 92.3911852, 26.4035001 ] ] ] ] } },
{ "type": "Feature", "properties": { "full_id": "w1050500228", "osm_id": "1050500228", "osm_type": "way", "building": "house", "addr:city": null, "roof:shape": null, "addr:street": null, "addr:housenumber": null, "layer": null, "building:levels": null }, "geometry": { "type": "MultiPolygon", "coordinates": [ [ [ [ 92.391493, 26.4031039 ], [ 92.3914932, 26.4030638 ], [ 92.3914409, 26.4030636 ], [ 92.3914415, 26.4029065 ], [ 92.391561, 26.4029069 ], [ 92.3915604, 26.4030445 ], [ 92.3915602, 26.4031042 ], [ 92.391493, 26.4031039 ] ] ] ] } },
{ "type": "Feature", "properties": { "full_id": "w1050500229", "osm_id": "1050500229", "osm_type": "way", "building": "house", "addr:city": null, "roof:shape": null, "addr:street": null, "addr:housenumber": null, "layer": null, "building:levels": null }, "geometry": { "type": "MultiPolygon", "coordinates": [ [ [ [ 92.3915508, 26.402621 ], [ 92.3915541, 26.4025809 ], [ 92.391656, 26.4025876 ], [ 92.3916527, 26.4026277 ], [ 92.3915508, 26.402621 ] ] ] ] } },
{ "type": "Feature", "properties": { "full_id": "w1050500230", "osm_id": "1050500230", "osm_type": "way", "building": "house", "addr:city": null, "roof:shape": null, "addr:street": null, "addr:housenumber": null, "layer": null, "building:levels": null }, "geometry": { "type": "MultiPolygon", "coordinates": [ [ [ [ 92.3919408, 26.4026693 ], [ 92.3919402, 26.4026314 ], [ 92.3918692, 26.4026324 ], [ 92.3918698, 26.4026703 ], [ 92.3919408, 26.4026693 ] ] ] ] } },
{ "type": "Feature", "properties": { "full_id": "w1050500231", "osm_id": "1050500231", "osm_type": "way", "building": "house", "addr:city": null, "roof:shape": null, "addr:street": null, "addr:housenumber": null, "layer": null, "building:levels": null }, "geometry": { "type": "MultiPolygon", "coordinates": [ [ [ [ 92.39205, 26.4024274 ], [ 92.392143, 26.4024307 ], [ 92.3921403, 26.4024899 ], [ 92.3920473, 26.4024865 ], [ 92.39205, 26.4024274 ] ] ] ] } },
{ "type": "Feature", "properties": { "full_id": "w1050500232", "osm_id": "1050500232", "osm_type": "way", "building": "house", "addr:city": null, "roof:shape": null, "addr:street": null, "addr:housenumber": null, "layer": null, "building:levels": null }, "geometry": { "type": "MultiPolygon", "coordinates": [ [ [ [ 92.3926685, 26.4025113 ], [ 92.3926681, 26.4024558 ], [ 92.3927639, 26.4024553 ], [ 92.3927638, 26.4024344 ], [ 92.3928059, 26.4024341 ], [ 92.3928064, 26.4025105 ], [ 92.3926685, 26.4025113 ] ] ] ] } },
{ "type": "Feature", "properties": { "full_id": "w1050500233", "osm_id": "1050500233", "osm_type": "way", "building": "house", "addr:city": null, "roof:shape": null, "addr:street": null, "addr:housenumber": null, "layer": null, "building:levels": null }, "geometry": { "type": "MultiPolygon", "coordinates": [ [ [ [ 92.3929092, 26.4027287 ], [ 92.3929088, 26.4026941 ], [ 92.3930157, 26.4026929 ], [ 92.3930162, 26.4027275 ], [ 92.3929092, 26.4027287 ] ] ] ] } },
{ "type": "Feature", "properties": { "full_id": "w1050500234", "osm_id": "1050500234", "osm_type": "way", "building": "house", "addr:city": null, "roof:shape": null, "addr:street": null, "addr:housenumber": null, "layer": null, "building:levels": null }, "geometry": { "type": "MultiPolygon", "coordinates": [ [ [ [ 92.3932182, 26.4027886 ], [ 92.3932169, 26.4027325 ], [ 92.3932639, 26.4027316 ], [ 92.393262, 26.402652 ], [ 92.3933113, 26.4026511 ], [ 92.393313, 26.4027238 ], [ 92.3933605, 26.4027229 ], [ 92.393362, 26.4027859 ], [ 92.3932182, 26.4027886 ] ] ] ] } },
{ "type": "Feature", "properties": { "full_id": "w1050500235", "osm_id": "1050500235", "osm_type": "way", "building": "house", "addr:city": null, "roof:shape": null, "addr:street": null, "addr:housenumber": null, "layer": null, "building:levels": null }, "geometry": { "type": "MultiPolygon", "coordinates": [ [ [ [ 92.3938042, 26.4024291 ], [ 92.3936963, 26.4024245 ], [ 92.393699, 26.4023743 ], [ 92.3937591, 26.4023768 ], [ 92.3937614, 26.4023342 ], [ 92.3938091, 26.4023362 ], [ 92.3938042, 26.4024291 ] ] ] ] } },
{ "type": "Feature", "properties": { "full_id": "w1050500236", "osm_id": "1050500236", "osm_type": "way", "building": "house", "addr:city": null, "roof:shape": null, "addr:street": null, "addr:housenumber": null, "layer": null, "building:levels": null }, "geometry": { "type": "MultiPolygon", "coordinates": [ [ [ [ 92.3927659, 26.4020387 ], [ 92.3927633, 26.401931 ], [ 92.392867, 26.401929 ], [ 92.3928696, 26.4020367 ], [ 92.3927659, 26.4020387 ] ] ] ] } },
{ "type": "Feature", "properties": { "full_id": "w1050500237", "osm_id": "1050500237", "osm_type": "way", "building": "house", "addr:city": null, "roof:shape": null, "addr:street": null, "addr:housenumber": null, "layer": null, "building:levels": null }, "geometry": { "type": "MultiPolygon", "coordinates": [ [ [ [ 92.3931504, 26.401871 ], [ 92.3931507, 26.4017976 ], [ 92.3932349, 26.4017979 ], [ 92.3932346, 26.4018713 ], [ 92.3931504, 26.401871 ] ] ] ] } },
{ "type": "Feature", "properties": { "full_id": "w1050500238", "osm_id": "1050500238", "osm_type": "way", "building": "house", "addr:city": null, "roof:shape": null, "addr:street": null, "addr:housenumber": null, "layer": null, "building:levels": null }, "geometry": { "type": "MultiPolygon", "coordinates": [ [ [ [ 92.3934319, 26.4018898 ], [ 92.3934857, 26.4018943 ], [ 92.3934975, 26.4017802 ], [ 92.3934438, 26.4017757 ], [ 92.3934319, 26.4018898 ] ] ] ] } },
{ "type": "Feature", "properties": { "full_id": "w1050500239", "osm_id": "1050500239", "osm_type": "way", "building": "house", "addr:city": null, "roof:shape": null, "addr:street": null, "addr:housenumber": null, "layer": null, "building:levels": null }, "geometry": { "type": "MultiPolygon", "coordinates": [ [ [ [ 92.3935405, 26.4020194 ], [ 92.3935467, 26.4019638 ], [ 92.3936671, 26.4019745 ], [ 92.3936608, 26.4020302 ], [ 92.3935405, 26.4020194 ] ] ] ] } },
{ "type": "Feature", "properties": { "full_id": "w1050500240", "osm_id": "1050500240", "osm_type": "way", "building": "house", "addr:city": null, "roof:shape": null, "addr:street": null, "addr:housenumber": null, "layer": null, "building:levels": null }, "geometry": { "type": "MultiPolygon", "coordinates": [ [ [ [ 92.3937927, 26.4021008 ], [ 92.3937992, 26.4020208 ], [ 92.393848, 26.4020239 ], [ 92.3938449, 26.4020615 ], [ 92.3939075, 26.4020656 ], [ 92.393904, 26.4021081 ], [ 92.3937927, 26.4021008 ] ] ] ] } },
{ "type": "Feature", "properties": { "full_id": "w1050500241", "osm_id": "1050500241", "osm_type": "way", "building": "house", "addr:city": null, "roof:shape": null, "addr:street": null, "addr:housenumber": null, "layer": null, "building:levels": null }, "geometry": { "type": "MultiPolygon", "coordinates": [ [ [ [ 92.3949426, 26.4031575 ], [ 92.3949858, 26.4031764 ], [ 92.3950258, 26.4031029 ], [ 92.3949504, 26.4030699 ], [ 92.3949413, 26.4030866 ], [ 92.3949735, 26.4031007 ], [ 92.3949426, 26.4031575 ] ] ] ] } },
{ "type": "Feature", "properties": { "full_id": "w1050500242", "osm_id": "1050500242", "osm_type": "way", "building": "house", "addr:city": null, "roof:shape": null, "addr:street": null, "addr:housenumber": null, "layer": null, "building:levels": null }, "geometry": { "type": "MultiPolygon", "coordinates": [ [ [ [ 92.3938188, 26.4031477 ], [ 92.3938195, 26.403117 ], [ 92.3938749, 26.4031179 ], [ 92.3938743, 26.4031487 ], [ 92.3938188, 26.4031477 ] ] ] ] } },
{ "type": "Feature", "properties": { "full_id": "w1050500243", "osm_id": "1050500243", "osm_type": "way", "building": "house", "addr:city": null, "roof:shape": null, "addr:street": null, "addr:housenumber": null, "layer": null, "building:levels": null }, "geometry": { "type": "MultiPolygon", "coordinates": [ [ [ [ 92.3929044, 26.4042374 ], [ 92.3929075, 26.4041904 ], [ 92.3930208, 26.4041964 ], [ 92.3930177, 26.4042433 ], [ 92.3929044, 26.4042374 ] ] ] ] } },
{ "type": "Feature", "properties": { "full_id": "w1050500244", "osm_id": "1050500244", "osm_type": "way", "building": "house", "addr:city": null, "roof:shape": null, "addr:street": null, "addr:housenumber": null, "layer": null, "building:levels": null }, "geometry": { "type": "MultiPolygon", "coordinates": [ [ [ [ 92.3915369, 26.4065765 ], [ 92.3915387, 26.4065329 ], [ 92.3916359, 26.4065361 ], [ 92.3916341, 26.4065798 ], [ 92.3915369, 26.4065765 ] ] ] ] } },
{ "type": "Feature", "properties": { "full_id": "w1050500245", "osm_id": "1050500245", "osm_type": "way", "building": "house", "addr:city": null, "roof:shape": null, "addr:street": null, "addr:housenumber": null, "layer": null, "building:levels": null }, "geometry": { "type": "MultiPolygon", "coordinates": [ [ [ [ 92.3914199, 26.4061818 ], [ 92.3914487, 26.4060051 ], [ 92.3915634, 26.4060201 ], [ 92.3915346, 26.4061968 ], [ 92.3914199, 26.4061818 ] ] ] ] } },
{ "type": "Feature", "properties": { "full_id": "w1050685227", "osm_id": "1050685227", "osm_type": "way", "building": "house", "addr:city": null, "roof:shape": null, "addr:street": null, "addr:housenumber": null, "layer": null, "building:levels": null }, "geometry": { "type": "MultiPolygon", "coordinates": [ [ [ [ 92.3100971, 26.4225506 ], [ 92.3100965, 26.4225151 ], [ 92.3101878, 26.4225138 ], [ 92.3101867, 26.4224509 ], [ 92.3100777, 26.4224524 ], [ 92.3100771, 26.4224163 ], [ 92.3102294, 26.4224143 ], [ 92.3102319, 26.4225629 ], [ 92.3101884, 26.4225635 ], [ 92.3101881, 26.4225494 ], [ 92.3100971, 26.4225506 ] ] ] ] } },
{ "type": "Feature", "properties": { "full_id": "w1050685229", "osm_id": "1050685229", "osm_type": "way", "building": "house", "addr:city": null, "roof:shape": null, "addr:street": null, "addr:housenumber": null, "layer": null, "building:levels": null }, "geometry": { "type": "MultiPolygon", "coordinates": [ [ [ [ 92.3103112, 26.4220203 ], [ 92.3102972, 26.4219314 ], [ 92.3103752, 26.4219216 ], [ 92.3103937, 26.4220399 ], [ 92.3103409, 26.4220465 ], [ 92.3103363, 26.4220171 ], [ 92.3103112, 26.4220203 ] ] ] ] } },
{ "type": "Feature", "properties": { "full_id": "w1050685231", "osm_id": "1050685231", "osm_type": "way", "building": "house", "addr:city": null, "roof:shape": null, "addr:street": null, "addr:housenumber": null, "layer": null, "building:levels": null }, "geometry": { "type": "MultiPolygon", "coordinates": [ [ [ [ 92.3101412, 26.4216892 ], [ 92.3101432, 26.4216176 ], [ 92.3102096, 26.4216191 ], [ 92.3102075, 26.4216908 ], [ 92.3101412, 26.4216892 ] ] ] ] } },
{ "type": "Feature", "properties": { "full_id": "w1050685232", "osm_id": "1050685232", "osm_type": "way", "building": "house", "addr:city": null, "roof:shape": null, "addr:street": null, "addr:housenumber": null, "layer": null, "building:levels": null }, "geometry": { "type": "MultiPolygon", "coordinates": [ [ [ [ 92.310198, 26.4214382 ], [ 92.3101984, 26.4214001 ], [ 92.3102847, 26.4214009 ], [ 92.3102843, 26.4214389 ], [ 92.310198, 26.4214382 ] ] ] ] } },
{ "type": "Feature", "properties": { "full_id": "w1050685233", "osm_id": "1050685233", "osm_type": "way", "building": "house", "addr:city": null, "roof:shape": null, "addr:street": null, "addr:housenumber": null, "layer": null, "building:levels": null }, "geometry": { "type": "MultiPolygon", "coordinates": [ [ [ [ 92.3103054, 26.4216182 ], [ 92.3103036, 26.4215441 ], [ 92.3103411, 26.4215434 ], [ 92.3103429, 26.4216175 ], [ 92.3103054, 26.4216182 ] ] ] ] } },
{ "type": "Feature", "properties": { "full_id": "w1050685236", "osm_id": "1050685236", "osm_type": "way", "building": "house", "addr:city": null, "roof:shape": null, "addr:street": null, "addr:housenumber": null, "layer": null, "building:levels": null }, "geometry": { "type": "MultiPolygon", "coordinates": [ [ [ [ 92.3104759, 26.4214288 ], [ 92.3104746, 26.4214066 ], [ 92.3105396, 26.4214034 ], [ 92.3105409, 26.4214257 ], [ 92.3104759, 26.4214288 ] ] ] ] } },
{ "type": "Feature", "properties": { "full_id": "w1050685244", "osm_id": "1050685244", "osm_type": "way", "building": "house", "addr:city": null, "roof:shape": null, "addr:street": null, "addr:housenumber": null, "layer": null, "building:levels": null }, "geometry": { "type": "MultiPolygon", "coordinates": [ [ [ [ 92.311104, 26.4211965 ], [ 92.3111091, 26.4211527 ], [ 92.3110455, 26.4211468 ], [ 92.3110509, 26.4210999 ], [ 92.3112667, 26.42112 ], [ 92.3112606, 26.4211723 ], [ 92.3112084, 26.4211674 ], [ 92.3112039, 26.4212059 ], [ 92.311104, 26.4211965 ] ] ] ] } },
{ "type": "Feature", "properties": { "full_id": "w1050685245", "osm_id": "1050685245", "osm_type": "way", "building": "house", "addr:city": null, "roof:shape": null, "addr:street": null, "addr:housenumber": null, "layer": null, "building:levels": null }, "geometry": { "type": "MultiPolygon", "coordinates": [ [ [ [ 92.3106293, 26.4209967 ], [ 92.3106312, 26.420893 ], [ 92.3107052, 26.4208941 ], [ 92.3107032, 26.4209978 ], [ 92.3106293, 26.4209967 ] ] ] ] } },
{ "type": "Feature", "properties": { "full_id": "w1050685246", "osm_id": "1050685246", "osm_type": "way", "building": "house", "addr:city": null, "roof:shape": null, "addr:street": null, "addr:housenumber": null, "layer": null, "building:levels": null }, "geometry": { "type": "MultiPolygon", "coordinates": [ [ [ [ 92.3105815, 26.4208543 ], [ 92.3105803, 26.4208259 ], [ 92.3105095, 26.4208283 ], [ 92.3105066, 26.4207593 ], [ 92.3105863, 26.4207565 ], [ 92.3105886, 26.420811 ], [ 92.3106571, 26.4208087 ], [ 92.310659, 26.4208516 ], [ 92.3105815, 26.4208543 ] ] ] ] } },
{ "type": "Feature", "properties": { "full_id": "w1050685247", "osm_id": "1050685247", "osm_type": "way", "building": "house", "addr:city": null, "roof:shape": null, "addr:street": null, "addr:housenumber": null, "layer": null, "building:levels": null }, "geometry": { "type": "MultiPolygon", "coordinates": [ [ [ [ 92.3108294, 26.4208234 ], [ 92.3108322, 26.4207833 ], [ 92.3109288, 26.4207885 ], [ 92.3109261, 26.4208287 ], [ 92.3108294, 26.4208234 ] ] ] ] } },
{ "type": "Feature", "properties": { "full_id": "w1050685248", "osm_id": "1050685248", "osm_type": "way", "building": "house", "addr:city": null, "roof:shape": null, "addr:street": null, "addr:housenumber": null, "layer": null, "building:levels": null }, "geometry": { "type": "MultiPolygon", "coordinates": [ [ [ [ 92.310455, 26.4206446 ], [ 92.3104421, 26.4205535 ], [ 92.3105514, 26.4205411 ], [ 92.3105643, 26.4206322 ], [ 92.310455, 26.4206446 ] ] ] ] } },
{ "type": "Feature", "properties": { "full_id": "w1050685249", "osm_id": "1050685249", "osm_type": "way", "building": "house", "addr:city": null, "roof:shape": null, "addr:street": null, "addr:housenumber": null, "layer": null, "building:levels": null }, "geometry": { "type": "MultiPolygon", "coordinates": [ [ [ [ 92.3104279, 26.420498 ], [ 92.3104306, 26.4204358 ], [ 92.3104606, 26.4204368 ], [ 92.3104622, 26.4203987 ], [ 92.3105203, 26.4204007 ], [ 92.3105161, 26.420501 ], [ 92.3104279, 26.420498 ] ] ] ] } },
{ "type": "Feature", "properties": { "full_id": "w1050685250", "osm_id": "1050685250", "osm_type": "way", "building": "house", "addr:city": null, "roof:shape": null, "addr:street": null, "addr:housenumber": null, "layer": null, "building:levels": null }, "geometry": { "type": "MultiPolygon", "coordinates": [ [ [ [ 92.3100665, 26.4205302 ], [ 92.310069, 26.4204464 ], [ 92.3101191, 26.4204476 ], [ 92.3101172, 26.4205095 ], [ 92.310185, 26.4205111 ], [ 92.3101863, 26.4204663 ], [ 92.3102499, 26.4204678 ], [ 92.3102479, 26.4205346 ], [ 92.3100665, 26.4205302 ] ] ] ] } },
{ "type": "Feature", "properties": { "full_id": "w1050685251", "osm_id": "1050685251", "osm_type": "way", "building": "house", "addr:city": null, "roof:shape": null, "addr:street": null, "addr:housenumber": null, "layer": null, "building:levels": null }, "geometry": { "type": "MultiPolygon", "coordinates": [ [ [ [ 92.310171, 26.4202648 ], [ 92.310174, 26.4202274 ], [ 92.3101975, 26.4202289 ], [ 92.3102042, 26.4201444 ], [ 92.3102713, 26.4201487 ], [ 92.3102646, 26.4202333 ], [ 92.3102251, 26.4202308 ], [ 92.3102221, 26.4202681 ], [ 92.310171, 26.4202648 ] ] ] ] } },
{ "type": "Feature", "properties": { "full_id": "w1050685252", "osm_id": "1050685252", "osm_type": "way", "building": "house", "addr:city": null, "roof:shape": null, "addr:street": null, "addr:housenumber": null, "layer": null, "building:levels": null }, "geometry": { "type": "MultiPolygon", "coordinates": [ [ [ [ 92.3101574, 26.4201017 ], [ 92.310156, 26.4200067 ], [ 92.3102085, 26.4200061 ], [ 92.31021, 26.4201011 ], [ 92.3101574, 26.4201017 ] ] ] ] } },
{ "type": "Feature", "properties": { "full_id": "w1050685253", "osm_id": "1050685253", "osm_type": "way", "building": "house", "addr:city": null, "roof:shape": null, "addr:street": null, "addr:housenumber": null, "layer": null, "building:levels": null }, "geometry": { "type": "MultiPolygon", "coordinates": [ [ [ [ 92.3097547, 26.4203089 ], [ 92.3097569, 26.4202764 ], [ 92.3097829, 26.4202778 ], [ 92.3097845, 26.4202542 ], [ 92.3098187, 26.420256 ], [ 92.3098167, 26.4202856 ], [ 92.3098148, 26.4203122 ], [ 92.3097547, 26.4203089 ] ] ] ] } },
{ "type": "Feature", "properties": { "full_id": "w1050685254", "osm_id": "1050685254", "osm_type": "way", "building": "house", "addr:city": null, "roof:shape": null, "addr:street": null, "addr:housenumber": null, "layer": null, "building:levels": null }, "geometry": { "type": "MultiPolygon", "coordinates": [ [ [ [ 92.309426, 26.4203488 ], [ 92.3094319, 26.4203079 ], [ 92.3095096, 26.420317 ], [ 92.3095036, 26.4203578 ], [ 92.309426, 26.4203488 ] ] ] ] } },
{ "type": "Feature", "properties": { "full_id": "w1050685255", "osm_id": "1050685255", "osm_type": "way", "building": "house", "addr:city": null, "roof:shape": null, "addr:street": null, "addr:housenumber": null, "layer": null, "building:levels": null }, "geometry": { "type": "MultiPolygon", "coordinates": [ [ [ [ 92.3093761, 26.4201838 ], [ 92.3093825, 26.4201206 ], [ 92.3094415, 26.4201254 ], [ 92.3094351, 26.4201886 ], [ 92.3093761, 26.4201838 ] ] ] ] } },
{ "type": "Feature", "properties": { "full_id": "w1050685256", "osm_id": "1050685256", "osm_type": "way", "building": "house", "addr:city": null, "roof:shape": null, "addr:street": null, "addr:housenumber": null, "layer": null, "building:levels": null }, "geometry": { "type": "MultiPolygon", "coordinates": [ [ [ [ 92.3095624, 26.4201635 ], [ 92.3095665, 26.4201245 ], [ 92.3096268, 26.4201295 ], [ 92.3096228, 26.4201686 ], [ 92.3095624, 26.4201635 ] ] ] ] } },
{ "type": "Feature", "properties": { "full_id": "w1050685257", "osm_id": "1050685257", "osm_type": "way", "building": "house", "addr:city": null, "roof:shape": null, "addr:street": null, "addr:housenumber": null, "layer": null, "building:levels": null }, "geometry": { "type": "MultiPolygon", "coordinates": [ [ [ [ 92.3098453, 26.4201651 ], [ 92.3098485, 26.4201165 ], [ 92.3099012, 26.4201193 ], [ 92.309898, 26.4201679 ], [ 92.3098453, 26.4201651 ] ] ] ] } },
{ "type": "Feature", "properties": { "full_id": "w1050685258", "osm_id": "1050685258", "osm_type": "way", "building": "house", "addr:city": null, "roof:shape": null, "addr:street": null, "addr:housenumber": null, "layer": null, "building:levels": null }, "geometry": { "type": "MultiPolygon", "coordinates": [ [ [ [ 92.3099368, 26.420409 ], [ 92.309939, 26.4203754 ], [ 92.3099961, 26.4203784 ], [ 92.3100002, 26.4203157 ], [ 92.3100325, 26.4203174 ], [ 92.3100261, 26.4204137 ], [ 92.3099368, 26.420409 ] ] ] ] } },
{ "type": "Feature", "properties": { "full_id": "w1050685259", "osm_id": "1050685259", "osm_type": "way", "building": "house", "addr:city": null, "roof:shape": null, "addr:street": null, "addr:housenumber": null, "layer": null, "building:levels": null }, "geometry": { "type": "MultiPolygon", "coordinates": [ [ [ [ 92.3091667, 26.4201194 ], [ 92.3091741, 26.4200843 ], [ 92.3092647, 26.4200998 ], [ 92.3092573, 26.4201348 ], [ 92.3091667, 26.4201194 ] ] ] ] } },
{ "type": "Feature", "properties": { "full_id": "w1050685260", "osm_id": "1050685260", "osm_type": "way", "building": "house", "addr:city": null, "roof:shape": null, "addr:street": null, "addr:housenumber": null, "layer": null, "building:levels": null }, "geometry": { "type": "MultiPolygon", "coordinates": [ [ [ [ 92.3092015, 26.4200374 ], [ 92.3092, 26.4200106 ], [ 92.3092578, 26.420008 ], [ 92.3092593, 26.4200349 ], [ 92.3092015, 26.4200374 ] ] ] ] } },
{ "type": "Feature", "properties": { "full_id": "w1050685261", "osm_id": "1050685261", "osm_type": "way", "building": "house", "addr:city": null, "roof:shape": null, "addr:street": null, "addr:housenumber": null, "layer": null, "building:levels": null }, "geometry": { "type": "MultiPolygon", "coordinates": [ [ [ [ 92.3093089, 26.4200375 ], [ 92.3093147, 26.4200017 ], [ 92.3093926, 26.4200118 ], [ 92.3093868, 26.4200476 ], [ 92.3093089, 26.4200375 ] ] ] ] } },
{ "type": "Feature", "properties": { "full_id": "w1050685263", "osm_id": "1050685263", "osm_type": "way", "building": "house", "addr:city": null, "roof:shape": null, "addr:street": null, "addr:housenumber": null, "layer": null, "building:levels": null }, "geometry": { "type": "MultiPolygon", "coordinates": [ [ [ [ 92.3102464, 26.423616 ], [ 92.3102461, 26.4235695 ], [ 92.3103329, 26.423569 ], [ 92.3103333, 26.4236155 ], [ 92.3102464, 26.423616 ] ] ] ] } },
{ "type": "Feature", "properties": { "full_id": "w1050685264", "osm_id": "1050685264", "osm_type": "way", "building": "house", "addr:city": null, "roof:shape": null, "addr:street": null, "addr:housenumber": null, "layer": null, "building:levels": null }, "geometry": { "type": "MultiPolygon", "coordinates": [ [ [ [ 92.3100717, 26.4236935 ], [ 92.3100718, 26.4236543 ], [ 92.3101659, 26.4236543 ], [ 92.3101659, 26.4236936 ], [ 92.3100717, 26.4236935 ] ] ] ] } },
{ "type": "Feature", "properties": { "full_id": "w1050685266", "osm_id": "1050685266", "osm_type": "way", "building": "house", "addr:city": null, "roof:shape": null, "addr:street": null, "addr:housenumber": null, "layer": null, "building:levels": null }, "geometry": { "type": "MultiPolygon", "coordinates": [ [ [ [ 92.3106916, 26.4227976 ], [ 92.3106904, 26.4227606 ], [ 92.3108195, 26.4227573 ], [ 92.3108207, 26.4227943 ], [ 92.3106916, 26.4227976 ] ] ] ] } },
{ "type": "Feature", "properties": { "full_id": "w1050685267", "osm_id": "1050685267", "osm_type": "way", "building": "house", "addr:city": null, "roof:shape": null, "addr:street": null, "addr:housenumber": null, "layer": null, "building:levels": null }, "geometry": { "type": "MultiPolygon", "coordinates": [ [ [ [ 92.3109658, 26.4228529 ], [ 92.3109665, 26.4228101 ], [ 92.3110355, 26.422811 ], [ 92.3110348, 26.4228538 ], [ 92.3109658, 26.4228529 ] ] ] ] } },
{ "type": "Feature", "properties": { "full_id": "w1050685268", "osm_id": "1050685268", "osm_type": "way", "building": "house", "addr:city": null, "roof:shape": null, "addr:street": null, "addr:housenumber": null, "layer": null, "building:levels": null }, "geometry": { "type": "MultiPolygon", "coordinates": [ [ [ [ 92.3110489, 26.4228996 ], [ 92.3110474, 26.4228183 ], [ 92.3111067, 26.4228174 ], [ 92.3111082, 26.4228987 ], [ 92.3110489, 26.4228996 ] ] ] ] } },
{ "type": "Feature", "properties": { "full_id": "w1050685269", "osm_id": "1050685269", "osm_type": "way", "building": "house", "addr:city": null, "roof:shape": null, "addr:street": null, "addr:housenumber": null, "layer": null, "building:levels": null }, "geometry": { "type": "MultiPolygon", "coordinates": [ [ [ [ 92.3113287, 26.4237408 ], [ 92.3112923, 26.4235796 ], [ 92.3113455, 26.4235699 ], [ 92.3113819, 26.4237311 ], [ 92.3113287, 26.4237408 ] ] ] ] } },
{ "type": "Feature", "properties": { "full_id": "w1053309259", "osm_id": "1053309259", "osm_type": "way", "building": "house", "addr:city": null, "roof:shape": null, "addr:street": null, "addr:housenumber": null, "layer": null, "building:levels": null }, "geometry": { "type": "MultiPolygon", "coordinates": [ [ [ [ 92.4706192, 26.4675943 ], [ 92.4706325, 26.4674878 ], [ 92.4707877, 26.4675034 ], [ 92.4707743, 26.4676099 ], [ 92.4706192, 26.4675943 ] ] ] ] } },
{ "type": "Feature", "properties": { "full_id": "w1053309260", "osm_id": "1053309260", "osm_type": "way", "building": "house", "addr:city": null, "roof:shape": null, "addr:street": null, "addr:housenumber": null, "layer": null, "building:levels": null }, "geometry": { "type": "MultiPolygon", "coordinates": [ [ [ [ 92.4705672, 26.4677408 ], [ 92.4705905, 26.4676494 ], [ 92.4707117, 26.4676741 ], [ 92.4706885, 26.4677655 ], [ 92.4705672, 26.4677408 ] ] ] ] } },
{ "type": "Feature", "properties": { "full_id": "w1053309261", "osm_id": "1053309261", "osm_type": "way", "building": "house", "addr:city": null, "roof:shape": null, "addr:street": null, "addr:housenumber": null, "layer": null, "building:levels": null }, "geometry": { "type": "MultiPolygon", "coordinates": [ [ [ [ 92.4704838, 26.4679386 ], [ 92.4705095, 26.4678537 ], [ 92.4706935, 26.4678984 ], [ 92.4706678, 26.4679832 ], [ 92.4705517, 26.467955 ], [ 92.4704838, 26.4679386 ] ] ] ] } },
{ "type": "Feature", "properties": { "full_id": "w1053309263", "osm_id": "1053309263", "osm_type": "way", "building": "house", "addr:city": null, "roof:shape": null, "addr:street": null, "addr:housenumber": null, "layer": null, "building:levels": null }, "geometry": { "type": "MultiPolygon", "coordinates": [ [ [ [ 92.4702194, 26.4674949 ], [ 92.4702425, 26.4674168 ], [ 92.470411, 26.4674567 ], [ 92.4703879, 26.4675348 ], [ 92.4702194, 26.4674949 ] ] ] ] } },
{ "type": "Feature", "properties": { "full_id": "w1053309264", "osm_id": "1053309264", "osm_type": "way", "building": "house", "addr:city": null, "roof:shape": null, "addr:street": null, "addr:housenumber": null, "layer": null, "building:levels": null }, "geometry": { "type": "MultiPolygon", "coordinates": [ [ [ [ 92.4701614, 26.4676537 ], [ 92.4701789, 26.467559 ], [ 92.4703427, 26.4675833 ], [ 92.4703252, 26.467678 ], [ 92.4701614, 26.4676537 ] ] ] ] } },
{ "type": "Feature", "properties": { "full_id": "w1053309265", "osm_id": "1053309265", "osm_type": "way", "building": "house", "addr:city": null, "roof:shape": null, "addr:street": null, "addr:housenumber": null, "layer": null, "building:levels": null }, "geometry": { "type": "MultiPolygon", "coordinates": [ [ [ [ 92.470057, 26.4680257 ], [ 92.4700908, 26.4679351 ], [ 92.4702252, 26.4679753 ], [ 92.4701915, 26.4680659 ], [ 92.470057, 26.4680257 ] ] ] ] } },
{ "type": "Feature", "properties": { "full_id": "w1053309266", "osm_id": "1053309266", "osm_type": "way", "building": "house", "addr:city": null, "roof:shape": null, "addr:street": null, "addr:housenumber": null, "layer": null, "building:levels": null }, "geometry": { "type": "MultiPolygon", "coordinates": [ [ [ [ 92.4698686, 26.4682323 ], [ 92.4698917, 26.4681258 ], [ 92.4700825, 26.468159 ], [ 92.4700593, 26.4682655 ], [ 92.4698686, 26.4682323 ] ] ] ] } },
{ "type": "Feature", "properties": { "full_id": "w1053309267", "osm_id": "1053309267", "osm_type": "way", "building": "house", "addr:city": null, "roof:shape": null, "addr:street": null, "addr:housenumber": null, "layer": null, "building:levels": null }, "geometry": { "type": "MultiPolygon", "coordinates": [ [ [ [ 92.4698435, 26.4684264 ], [ 92.4698612, 26.468279 ], [ 92.4700654, 26.4682986 ], [ 92.4700546, 26.4683887 ], [ 92.4699483, 26.4683785 ], [ 92.4699415, 26.4684358 ], [ 92.4698435, 26.4684264 ] ] ] ] } },
{ "type": "Feature", "properties": { "full_id": "w1053309268", "osm_id": "1053309268", "osm_type": "way", "building": "house", "addr:city": null, "roof:shape": null, "addr:street": null, "addr:housenumber": null, "layer": null, "building:levels": null }, "geometry": { "type": "MultiPolygon", "coordinates": [ [ [ [ 92.4698041, 26.4686882 ], [ 92.4698148, 26.4685864 ], [ 92.4699769, 26.4686001 ], [ 92.4699704, 26.4686619 ], [ 92.4700458, 26.4686683 ], [ 92.4700378, 26.4687449 ], [ 92.469949, 26.4687374 ], [ 92.4699528, 26.4687007 ], [ 92.4698041, 26.4686882 ] ] ] ] } },
{ "type": "Feature", "properties": { "full_id": "w1053309269", "osm_id": "1053309269", "osm_type": "way", "building": "house", "addr:city": null, "roof:shape": null, "addr:street": null, "addr:housenumber": null, "layer": null, "building:levels": null }, "geometry": { "type": "MultiPolygon", "coordinates": [ [ [ [ 92.4703749, 26.4685968 ], [ 92.4704113, 26.4684656 ], [ 92.4705559, 26.4684978 ], [ 92.4705195, 26.468629 ], [ 92.4703749, 26.4685968 ] ] ] ] } },
{ "type": "Feature", "properties": { "full_id": "w1053309271", "osm_id": "1053309271", "osm_type": "way", "building": "house", "addr:city": null, "roof:shape": null, "addr:street": null, "addr:housenumber": null, "layer": null, "building:levels": null }, "geometry": { "type": "MultiPolygon", "coordinates": [ [ [ [ 92.4715059, 26.467821 ], [ 92.471549, 26.4677193 ], [ 92.4716833, 26.4677649 ], [ 92.4716403, 26.4678666 ], [ 92.4715059, 26.467821 ] ] ] ] } },
{ "type": "Feature", "properties": { "full_id": "w1053309274", "osm_id": "1053309274", "osm_type": "way", "building": "house", "addr:city": null, "roof:shape": null, "addr:street": null, "addr:housenumber": null, "layer": null, "building:levels": null }, "geometry": { "type": "MultiPolygon", "coordinates": [ [ [ [ 92.4713076, 26.4685761 ], [ 92.4713426, 26.4685111 ], [ 92.4714364, 26.4685516 ], [ 92.4714014, 26.4686166 ], [ 92.4713076, 26.4685761 ] ] ] ] } },
{ "type": "Feature", "properties": { "full_id": "w1053309275", "osm_id": "1053309275", "osm_type": "way", "building": "house", "addr:city": null, "roof:shape": null, "addr:street": null, "addr:housenumber": null, "layer": null, "building:levels": null }, "geometry": { "type": "MultiPolygon", "coordinates": [ [ [ [ 92.4700713, 26.4689991 ], [ 92.4700764, 26.468913 ], [ 92.4702113, 26.4689194 ], [ 92.4702061, 26.4690055 ], [ 92.4700713, 26.4689991 ] ] ] ] } },
{ "type": "Feature", "properties": { "full_id": "w1053309276", "osm_id": "1053309276", "osm_type": "way", "building": "house", "addr:city": null, "roof:shape": null, "addr:street": null, "addr:housenumber": null, "layer": null, "building:levels": null }, "geometry": { "type": "MultiPolygon", "coordinates": [ [ [ [ 92.4697752, 26.4696044 ], [ 92.4697782, 26.4695084 ], [ 92.4698191, 26.4695094 ], [ 92.4698208, 26.469453 ], [ 92.4698808, 26.4694545 ], [ 92.4698762, 26.4696069 ], [ 92.4697752, 26.4696044 ] ] ] ] } },
{ "type": "Feature", "properties": { "full_id": "w1053309277", "osm_id": "1053309277", "osm_type": "way", "building": "house", "addr:city": null, "roof:shape": null, "addr:street": null, "addr:housenumber": null, "layer": null, "building:levels": null }, "geometry": { "type": "MultiPolygon", "coordinates": [ [ [ [ 92.4709458, 26.469377 ], [ 92.4710195, 26.4691686 ], [ 92.4710536, 26.4691782 ], [ 92.4710644, 26.4691476 ], [ 92.4711214, 26.4691637 ], [ 92.4711085, 26.4692001 ], [ 92.4711431, 26.4692099 ], [ 92.4710714, 26.4694126 ], [ 92.4709458, 26.469377 ] ] ] ] } },
{ "type": "Feature", "properties": { "full_id": "w1053309278", "osm_id": "1053309278", "osm_type": "way", "building": "house", "addr:city": null, "roof:shape": null, "addr:street": null, "addr:housenumber": null, "layer": null, "building:levels": null }, "geometry": { "type": "MultiPolygon", "coordinates": [ [ [ [ 92.4714675, 26.4689505 ], [ 92.4714785, 26.4688884 ], [ 92.4717477, 26.4689266 ], [ 92.4717367, 26.4689887 ], [ 92.4714675, 26.4689505 ] ] ] ] } },
{ "type": "Feature", "properties": { "full_id": "w1053309279", "osm_id": "1053309279", "osm_type": "way", "building": "house", "addr:city": null, "roof:shape": null, "addr:street": null, "addr:housenumber": null, "layer": null, "building:levels": null }, "geometry": { "type": "MultiPolygon", "coordinates": [ [ [ [ 92.4716, 26.4695559 ], [ 92.4716795, 26.4693665 ], [ 92.4717785, 26.4693998 ], [ 92.4716989, 26.4695892 ], [ 92.4716, 26.4695559 ] ] ] ] } },
{ "type": "Feature", "properties": { "full_id": "w1053309280", "osm_id": "1053309280", "osm_type": "way", "building": "house", "addr:city": null, "roof:shape": null, "addr:street": null, "addr:housenumber": null, "layer": null, "building:levels": null }, "geometry": { "type": "MultiPolygon", "coordinates": [ [ [ [ 92.471783, 26.4694973 ], [ 92.471822, 26.469394 ], [ 92.4720451, 26.4694615 ], [ 92.4720061, 26.4695648 ], [ 92.471783, 26.4694973 ] ] ] ] } },
{ "type": "Feature", "properties": { "full_id": "w1059500618", "osm_id": "1059500618", "osm_type": "way", "building": "house", "addr:city": null, "roof:shape": null, "addr:street": null, "addr:housenumber": null, "layer": null, "building:levels": null }, "geometry": { "type": "MultiPolygon", "coordinates": [ [ [ [ 92.0949256, 26.3665323 ], [ 92.0950405, 26.3666151 ], [ 92.0951306, 26.3665148 ], [ 92.0950157, 26.366432 ], [ 92.0949256, 26.3665323 ] ] ] ] } },
{ "type": "Feature", "properties": { "full_id": "w1059500619", "osm_id": "1059500619", "osm_type": "way", "building": "house", "addr:city": null, "roof:shape": null, "addr:street": null, "addr:housenumber": null, "layer": null, "building:levels": null }, "geometry": { "type": "MultiPolygon", "coordinates": [ [ [ [ 92.0951438, 26.366563 ], [ 92.0952064, 26.3666004 ], [ 92.0952298, 26.366569 ], [ 92.0951673, 26.3665315 ], [ 92.0951438, 26.366563 ] ] ] ] } },
{ "type": "Feature", "properties": { "full_id": "w1059500620", "osm_id": "1059500620", "osm_type": "way", "building": "house", "addr:city": null, "roof:shape": null, "addr:street": null, "addr:housenumber": null, "layer": null, "building:levels": null }, "geometry": { "type": "MultiPolygon", "coordinates": [ [ [ [ 92.09518, 26.3668303 ], [ 92.0951826, 26.3667383 ], [ 92.095241, 26.3667397 ], [ 92.0952384, 26.3668316 ], [ 92.09518, 26.3668303 ] ] ] ] } },
{ "type": "Feature", "properties": { "full_id": "w1059500621", "osm_id": "1059500621", "osm_type": "way", "building": "house", "addr:city": null, "roof:shape": null, "addr:street": null, "addr:housenumber": null, "layer": null, "building:levels": null }, "geometry": { "type": "MultiPolygon", "coordinates": [ [ [ [ 92.0950696, 26.3666451 ], [ 92.0951329, 26.3666901 ], [ 92.0951681, 26.3666504 ], [ 92.0951048, 26.3666054 ], [ 92.0950696, 26.3666451 ] ] ] ] } },
{ "type": "Feature", "properties": { "full_id": "w1059500622", "osm_id": "1059500622", "osm_type": "way", "building": "house", "addr:city": null, "roof:shape": null, "addr:street": null, "addr:housenumber": null, "layer": null, "building:levels": null }, "geometry": { "type": "MultiPolygon", "coordinates": [ [ [ [ 92.0953911, 26.3665284 ], [ 92.0954611, 26.3665827 ], [ 92.095489, 26.3665539 ], [ 92.095419, 26.3664996 ], [ 92.0953911, 26.3665284 ] ] ] ] } },
{ "type": "Feature", "properties": { "full_id": "w1059500623", "osm_id": "1059500623", "osm_type": "way", "building": "house", "addr:city": null, "roof:shape": null, "addr:street": null, "addr:housenumber": null, "layer": null, "building:levels": null }, "geometry": { "type": "MultiPolygon", "coordinates": [ [ [ [ 92.0950758, 26.366327 ], [ 92.095142, 26.3663766 ], [ 92.0951773, 26.3663388 ], [ 92.0951112, 26.3662892 ], [ 92.0950758, 26.366327 ] ] ] ] } },
{ "type": "Feature", "properties": { "full_id": "w1059500624", "osm_id": "1059500624", "osm_type": "way", "building": "house", "addr:city": null, "roof:shape": null, "addr:street": null, "addr:housenumber": null, "layer": null, "building:levels": null }, "geometry": { "type": "MultiPolygon", "coordinates": [ [ [ [ 92.095115, 26.3662732 ], [ 92.0951808, 26.36632 ], [ 92.0952117, 26.3662851 ], [ 92.0951458, 26.3662384 ], [ 92.095115, 26.3662732 ] ] ] ] } },
{ "type": "Feature", "properties": { "full_id": "w1067462239", "osm_id": "1067462239", "osm_type": "way", "building": "house", "addr:city": null, "roof:shape": null, "addr:street": null, "addr:housenumber": null, "layer": null, "building:levels": null }, "geometry": { "type": "MultiPolygon", "coordinates": [ [ [ [ 92.5196072, 26.453169 ], [ 92.5198482, 26.4531479 ], [ 92.5198386, 26.4530132 ], [ 92.519595, 26.453035 ], [ 92.5196072, 26.453169 ] ] ] ] } },
{ "type": "Feature", "properties": { "full_id": "w1079613529", "osm_id": "1079613529", "osm_type": "way", "building": "house", "addr:city": null, "roof:shape": null, "addr:street": null, "addr:housenumber": null, "layer": null, "building:levels": null }, "geometry": { "type": "MultiPolygon", "coordinates": [ [ [ [ 92.5005591, 26.2884446 ], [ 92.5006545, 26.2884692 ], [ 92.5006918, 26.2883531 ], [ 92.5005964, 26.2883285 ], [ 92.5005591, 26.2884446 ] ] ] ] } },
{ "type": "Feature", "properties": { "full_id": "w1096837199", "osm_id": "1096837199", "osm_type": "way", "building": "house", "addr:city": null, "roof:shape": null, "addr:street": null, "addr:housenumber": null, "layer": null, "building:levels": null }, "geometry": { "type": "MultiPolygon", "coordinates": [ [ [ [ 92.4107178, 26.4032014 ], [ 92.4107737, 26.4032063 ], [ 92.4107828, 26.4031236 ], [ 92.4107269, 26.4031187 ], [ 92.4107178, 26.4032014 ] ] ] ] } },
{ "type": "Feature", "properties": { "full_id": "w1096837200", "osm_id": "1096837200", "osm_type": "way", "building": "house", "addr:city": null, "roof:shape": null, "addr:street": null, "addr:housenumber": null, "layer": null, "building:levels": null }, "geometry": { "type": "MultiPolygon", "coordinates": [ [ [ [ 92.4107031, 26.4033992 ], [ 92.4107158, 26.4032369 ], [ 92.4107493, 26.403239 ], [ 92.4107832, 26.4032803 ], [ 92.4107786, 26.4033385 ], [ 92.410864, 26.4033439 ], [ 92.4108588, 26.403409 ], [ 92.4107031, 26.4033992 ] ] ] ] } },
{ "type": "Feature", "properties": { "full_id": "w1096837201", "osm_id": "1096837201", "osm_type": "way", "building": "house", "addr:city": null, "roof:shape": null, "addr:street": null, "addr:housenumber": null, "layer": null, "building:levels": null }, "geometry": { "type": "MultiPolygon", "coordinates": [ [ [ [ 92.4108413, 26.403329 ], [ 92.4108878, 26.4033311 ], [ 92.4108921, 26.4032569 ], [ 92.4108456, 26.4032548 ], [ 92.4108413, 26.403329 ] ] ] ] } },
{ "type": "Feature", "properties": { "full_id": "w1096837202", "osm_id": "1096837202", "osm_type": "way", "building": "house", "addr:city": null, "roof:shape": null, "addr:street": null, "addr:housenumber": null, "layer": null, "building:levels": null }, "geometry": { "type": "MultiPolygon", "coordinates": [ [ [ [ 92.4106804, 26.4036641 ], [ 92.410795, 26.4036977 ], [ 92.4108097, 26.4036574 ], [ 92.4106951, 26.4036238 ], [ 92.4106804, 26.4036641 ] ] ] ] } },
{ "type": "Feature", "properties": { "full_id": "w1096837203", "osm_id": "1096837203", "osm_type": "way", "building": "house", "addr:city": null, "roof:shape": null, "addr:street": null, "addr:housenumber": null, "layer": null, "building:levels": null }, "geometry": { "type": "MultiPolygon", "coordinates": [ [ [ [ 92.4107993, 26.4038327 ], [ 92.4108668, 26.4038536 ], [ 92.4108813, 26.4038161 ], [ 92.4108139, 26.4037952 ], [ 92.4107993, 26.4038327 ] ] ] ] } },
{ "type": "Feature", "properties": { "full_id": "w1096837204", "osm_id": "1096837204", "osm_type": "way", "building": "house", "addr:city": null, "roof:shape": null, "addr:street": null, "addr:housenumber": null, "layer": null, "building:levels": null }, "geometry": { "type": "MultiPolygon", "coordinates": [ [ [ [ 92.4103019, 26.4035868 ], [ 92.4103819, 26.403615 ], [ 92.4104317, 26.4035014 ], [ 92.4103517, 26.4034732 ], [ 92.4103019, 26.4035868 ] ] ] ] } },
{ "type": "Feature", "properties": { "full_id": "w1096837205", "osm_id": "1096837205", "osm_type": "way", "building": "house", "addr:city": null, "roof:shape": null, "addr:street": null, "addr:housenumber": null, "layer": null, "building:levels": null }, "geometry": { "type": "MultiPolygon", "coordinates": [ [ [ [ 92.4102512, 26.4037156 ], [ 92.4103018, 26.4037397 ], [ 92.410327, 26.4036973 ], [ 92.4102764, 26.4036731 ], [ 92.4102512, 26.4037156 ] ] ] ] } },
{ "type": "Feature", "properties": { "full_id": "w1096837206", "osm_id": "1096837206", "osm_type": "way", "building": "house", "addr:city": null, "roof:shape": null, "addr:street": null, "addr:housenumber": null, "layer": null, "building:levels": null }, "geometry": { "type": "MultiPolygon", "coordinates": [ [ [ [ 92.409776, 26.4034986 ], [ 92.4098291, 26.4033805 ], [ 92.4098981, 26.4034054 ], [ 92.4098449, 26.4035235 ], [ 92.409776, 26.4034986 ] ] ] ] } },
{ "type": "Feature", "properties": { "full_id": "w1096837520", "osm_id": "1096837520", "osm_type": "way", "building": "house", "addr:city": null, "roof:shape": null, "addr:street": null, "addr:housenumber": null, "layer": null, "building:levels": null }, "geometry": { "type": "MultiPolygon", "coordinates": [ [ [ [ 92.3179437, 26.4278573 ], [ 92.3179625, 26.4278567 ], [ 92.317962, 26.4278453 ], [ 92.3179433, 26.4278459 ], [ 92.3179437, 26.4278573 ] ] ] ] } },
{ "type": "Feature", "properties": { "full_id": "w1096837521", "osm_id": "1096837521", "osm_type": "way", "building": "house", "addr:city": null, "roof:shape": null, "addr:street": null, "addr:housenumber": null, "layer": null, "building:levels": null }, "geometry": { "type": "MultiPolygon", "coordinates": [ [ [ [ 92.3179453, 26.4278409 ], [ 92.3179616, 26.4278397 ], [ 92.3179606, 26.4278294 ], [ 92.3179444, 26.4278306 ], [ 92.3179453, 26.4278409 ] ] ] ] } },
{ "type": "Feature", "properties": { "full_id": "w1096837522", "osm_id": "1096837522", "osm_type": "way", "building": "house", "addr:city": null, "roof:shape": null, "addr:street": null, "addr:housenumber": null, "layer": null, "building:levels": null }, "geometry": { "type": "MultiPolygon", "coordinates": [ [ [ [ 92.3179592, 26.4278081 ], [ 92.3179587, 26.4277975 ], [ 92.317979, 26.4277967 ], [ 92.3179795, 26.4278074 ], [ 92.3179592, 26.4278081 ] ] ] ] } },
{ "type": "Feature", "properties": { "full_id": "w1096837523", "osm_id": "1096837523", "osm_type": "way", "building": "house", "addr:city": null, "roof:shape": null, "addr:street": null, "addr:housenumber": null, "layer": null, "building:levels": null }, "geometry": { "type": "MultiPolygon", "coordinates": [ [ [ [ 92.3177337, 26.427791 ], [ 92.3177334, 26.4277833 ], [ 92.3177467, 26.4277829 ], [ 92.317747, 26.4277906 ], [ 92.3177337, 26.427791 ] ] ] ] } },
{ "type": "Feature", "properties": { "full_id": "w1096837527", "osm_id": "1096837527", "osm_type": "way", "building": "house", "addr:city": null, "roof:shape": null, "addr:street": null, "addr:housenumber": null, "layer": null, "building:levels": null }, "geometry": { "type": "MultiPolygon", "coordinates": [ [ [ [ 92.3174857, 26.4279853 ], [ 92.3174713, 26.427986 ], [ 92.3174707, 26.4279758 ], [ 92.3174851, 26.4279751 ], [ 92.3174857, 26.4279853 ] ] ] ] } },
{ "type": "Feature", "properties": { "full_id": "w1096837639", "osm_id": "1096837639", "osm_type": "way", "building": "house", "addr:city": null, "roof:shape": null, "addr:street": null, "addr:housenumber": null, "layer": null, "building:levels": null }, "geometry": { "type": "MultiPolygon", "coordinates": [ [ [ [ 92.4183573, 26.3202728 ], [ 92.4184273, 26.3202778 ], [ 92.4184337, 26.3202058 ], [ 92.4183636, 26.3202009 ], [ 92.4183573, 26.3202728 ] ] ] ] } },
{ "type": "Feature", "properties": { "full_id": "w1096837640", "osm_id": "1096837640", "osm_type": "way", "building": "house", "addr:city": null, "roof:shape": null, "addr:street": null, "addr:housenumber": null, "layer": null, "building:levels": null }, "geometry": { "type": "MultiPolygon", "coordinates": [ [ [ [ 92.4182423, 26.320791 ], [ 92.4183339, 26.3207904 ], [ 92.4183332, 26.3207045 ], [ 92.4182416, 26.3207051 ], [ 92.4182423, 26.320791 ] ] ] ] } },
{ "type": "Feature", "properties": { "full_id": "w1096837641", "osm_id": "1096837641", "osm_type": "way", "building": "house", "addr:city": null, "roof:shape": null, "addr:street": null, "addr:housenumber": null, "layer": null, "building:levels": null }, "geometry": { "type": "MultiPolygon", "coordinates": [ [ [ [ 92.4177795, 26.320558 ], [ 92.4178201, 26.3205605 ], [ 92.4178292, 26.3204407 ], [ 92.4177886, 26.3204382 ], [ 92.4177795, 26.320558 ] ] ] ] } },
{ "type": "Feature", "properties": { "full_id": "w1096837642", "osm_id": "1096837642", "osm_type": "way", "building": "house", "addr:city": null, "roof:shape": null, "addr:street": null, "addr:housenumber": null, "layer": null, "building:levels": null }, "geometry": { "type": "MultiPolygon", "coordinates": [ [ [ [ 92.4175228, 26.320824 ], [ 92.4176957, 26.3208247 ], [ 92.4176963, 26.3206951 ], [ 92.417539, 26.3206945 ], [ 92.4175234, 26.3207008 ], [ 92.4175228, 26.320824 ] ] ] ] } },
{ "type": "Feature", "properties": { "full_id": "w1096837643", "osm_id": "1096837643", "osm_type": "way", "building": "house", "addr:city": null, "roof:shape": null, "addr:street": null, "addr:housenumber": null, "layer": null, "building:levels": null }, "geometry": { "type": "MultiPolygon", "coordinates": [ [ [ [ 92.4177838, 26.3200056 ], [ 92.4178698, 26.3200133 ], [ 92.4178783, 26.3199373 ], [ 92.4177923, 26.3199296 ], [ 92.4177838, 26.3200056 ] ] ] ] } },
{ "type": "Feature", "properties": { "full_id": "w1096837644", "osm_id": "1096837644", "osm_type": "way", "building": "house", "addr:city": null, "roof:shape": null, "addr:street": null, "addr:housenumber": null, "layer": null, "building:levels": null }, "geometry": { "type": "MultiPolygon", "coordinates": [ [ [ [ 92.4174123, 26.3203772 ], [ 92.4174896, 26.3203769 ], [ 92.4174891, 26.3202853 ], [ 92.4174119, 26.3202856 ], [ 92.4174123, 26.3203772 ] ] ] ] } },
{ "type": "Feature", "properties": { "full_id": "w1096837645", "osm_id": "1096837645", "osm_type": "way", "building": "house", "addr:city": null, "roof:shape": null, "addr:street": null, "addr:housenumber": null, "layer": null, "building:levels": null }, "geometry": { "type": "MultiPolygon", "coordinates": [ [ [ [ 92.4175393, 26.3200979 ], [ 92.4176649, 26.3201106 ], [ 92.4176767, 26.3200168 ], [ 92.417551, 26.3200041 ], [ 92.4175393, 26.3200979 ] ] ] ] } },
{ "type": "Feature", "properties": { "full_id": "w1096837646", "osm_id": "1096837646", "osm_type": "way", "building": "house", "addr:city": null, "roof:shape": null, "addr:street": null, "addr:housenumber": null, "layer": null, "building:levels": null }, "geometry": { "type": "MultiPolygon", "coordinates": [ [ [ [ 92.4177372, 26.3211563 ], [ 92.417894, 26.3211629 ], [ 92.4179011, 26.3210282 ], [ 92.4177633, 26.3210224 ], [ 92.4177442, 26.3210216 ], [ 92.4177372, 26.3211563 ] ] ] ] } },
{ "type": "Feature", "properties": { "full_id": "w1096837902", "osm_id": "1096837902", "osm_type": "way", "building": "house", "addr:city": null, "roof:shape": null, "addr:street": null, "addr:housenumber": null, "layer": null, "building:levels": null }, "geometry": { "type": "MultiPolygon", "coordinates": [ [ [ [ 92.4572834, 26.4035126 ], [ 92.4572826, 26.403557 ], [ 92.4573526, 26.403558 ], [ 92.4573535, 26.4035137 ], [ 92.4572834, 26.4035126 ] ] ] ] } },
{ "type": "Feature", "properties": { "full_id": "w1096837904", "osm_id": "1096837904", "osm_type": "way", "building": "house", "addr:city": null, "roof:shape": null, "addr:street": null, "addr:housenumber": null, "layer": null, "building:levels": null }, "geometry": { "type": "MultiPolygon", "coordinates": [ [ [ [ 92.4574383, 26.4031255 ], [ 92.4575229, 26.4031162 ], [ 92.4575059, 26.4029931 ], [ 92.4574213, 26.4030025 ], [ 92.4574383, 26.4031255 ] ] ] ] } },
{ "type": "Feature", "properties": { "full_id": "w1096837916", "osm_id": "1096837916", "osm_type": "way", "building": "house", "addr:city": null, "roof:shape": null, "addr:street": null, "addr:housenumber": null, "layer": null, "building:levels": null }, "geometry": { "type": "MultiPolygon", "coordinates": [ [ [ [ 92.4585859, 26.4017442 ], [ 92.4586391, 26.401748 ], [ 92.4586309, 26.4018389 ], [ 92.4585778, 26.4018351 ], [ 92.4585859, 26.4017442 ] ] ] ] } },
{ "type": "Feature", "properties": { "full_id": "w1096837919", "osm_id": "1096837919", "osm_type": "way", "building": "house", "addr:city": null, "roof:shape": null, "addr:street": null, "addr:housenumber": null, "layer": null, "building:levels": null }, "geometry": { "type": "MultiPolygon", "coordinates": [ [ [ [ 92.459151, 26.4017966 ], [ 92.4592198, 26.4018057 ], [ 92.4592147, 26.4018363 ], [ 92.4592419, 26.4018399 ], [ 92.4592319, 26.4019002 ], [ 92.4592077, 26.401897 ], [ 92.4592051, 26.4019131 ], [ 92.4591334, 26.4019037 ], [ 92.459151, 26.4017966 ] ] ] ] } },
{ "type": "Feature", "properties": { "full_id": "w1096837920", "osm_id": "1096837920", "osm_type": "way", "building": "house", "addr:city": null, "roof:shape": null, "addr:street": null, "addr:housenumber": null, "layer": null, "building:levels": null }, "geometry": { "type": "MultiPolygon", "coordinates": [ [ [ [ 92.4580216, 26.4018065 ], [ 92.4580231, 26.4018535 ], [ 92.4580728, 26.4018523 ], [ 92.4580714, 26.4018053 ], [ 92.4580216, 26.4018065 ] ] ] ] } },
{ "type": "Feature", "properties": { "full_id": "w1096837921", "osm_id": "1096837921", "osm_type": "way", "building": "house", "addr:city": null, "roof:shape": null, "addr:street": null, "addr:housenumber": null, "layer": null, "building:levels": null }, "geometry": { "type": "MultiPolygon", "coordinates": [ [ [ [ 92.4596609, 26.4018663 ], [ 92.4597263, 26.4018756 ], [ 92.4597139, 26.4019453 ], [ 92.4596485, 26.401936 ], [ 92.4596609, 26.4018663 ] ] ] ] } },
{ "type": "Feature", "properties": { "full_id": "w1096837922", "osm_id": "1096837922", "osm_type": "way", "building": "house", "addr:city": null, "roof:shape": null, "addr:street": null, "addr:housenumber": null, "layer": null, "building:levels": null }, "geometry": { "type": "MultiPolygon", "coordinates": [ [ [ [ 92.4576228, 26.4022331 ], [ 92.4576463, 26.4022354 ], [ 92.4576411, 26.4022792 ], [ 92.4575562, 26.402271 ], [ 92.4575608, 26.4022325 ], [ 92.4575822, 26.4022346 ], [ 92.4575866, 26.4021972 ], [ 92.4576267, 26.4022011 ], [ 92.4576228, 26.4022331 ] ] ] ] } },
{ "type": "Feature", "properties": { "full_id": "w1096837925", "osm_id": "1096837925", "osm_type": "way", "building": "house", "addr:city": null, "roof:shape": null, "addr:street": null, "addr:housenumber": null, "layer": null, "building:levels": null }, "geometry": { "type": "MultiPolygon", "coordinates": [ [ [ [ 92.4561402, 26.4034817 ], [ 92.4562778, 26.4034737 ], [ 92.4562846, 26.4035675 ], [ 92.456147, 26.4035755 ], [ 92.4561402, 26.4034817 ] ] ] ] } },
{ "type": "Feature", "properties": { "full_id": "w1096837930", "osm_id": "1096837930", "osm_type": "way", "building": "house", "addr:city": null, "roof:shape": null, "addr:street": null, "addr:housenumber": null, "layer": null, "building:levels": null }, "geometry": { "type": "MultiPolygon", "coordinates": [ [ [ [ 92.4567535, 26.4056823 ], [ 92.4568134, 26.4056773 ], [ 92.4568151, 26.4056933 ], [ 92.456839, 26.4056912 ], [ 92.4568417, 26.4057171 ], [ 92.4567578, 26.4057242 ], [ 92.4567535, 26.4056823 ] ] ] ] } },
{ "type": "Feature", "properties": { "full_id": "w1096837940", "osm_id": "1096837940", "osm_type": "way", "building": "house", "addr:city": null, "roof:shape": null, "addr:street": null, "addr:housenumber": null, "layer": null, "building:levels": null }, "geometry": { "type": "MultiPolygon", "coordinates": [ [ [ [ 92.4559459, 26.4018757 ], [ 92.456084, 26.4018703 ], [ 92.456087, 26.4019309 ], [ 92.4559489, 26.4019364 ], [ 92.4559459, 26.4018757 ] ] ] ] } },
{ "type": "Feature", "properties": { "full_id": "w1096837949", "osm_id": "1096837949", "osm_type": "way", "building": "house", "addr:city": null, "roof:shape": null, "addr:street": null, "addr:housenumber": null, "layer": null, "building:levels": null }, "geometry": { "type": "MultiPolygon", "coordinates": [ [ [ [ 92.458382, 26.4057648 ], [ 92.4584315, 26.4057676 ], [ 92.4584384, 26.4056722 ], [ 92.4583889, 26.4056693 ], [ 92.458382, 26.4057648 ] ] ] ] } },
{ "type": "Feature", "properties": { "full_id": "w1096837956", "osm_id": "1096837956", "osm_type": "way", "building": "house", "addr:city": null, "roof:shape": null, "addr:street": null, "addr:housenumber": null, "layer": null, "building:levels": null }, "geometry": { "type": "MultiPolygon", "coordinates": [ [ [ [ 92.481294, 26.4296654 ], [ 92.4813096, 26.4295649 ], [ 92.4811683, 26.4295581 ], [ 92.4811427, 26.4296582 ], [ 92.481294, 26.4296654 ] ] ] ] } },
{ "type": "Feature", "properties": { "full_id": "w1096837957", "osm_id": "1096837957", "osm_type": "way", "building": "house", "addr:city": null, "roof:shape": null, "addr:street": null, "addr:housenumber": null, "layer": null, "building:levels": null }, "geometry": { "type": "MultiPolygon", "coordinates": [ [ [ [ 92.4813302, 26.4295227 ], [ 92.4813458, 26.4294284 ], [ 92.4812092, 26.4294191 ], [ 92.4811818, 26.4295076 ], [ 92.4813302, 26.4295227 ] ] ] ] } },
{ "type": "Feature", "properties": { "full_id": "w1096837960", "osm_id": "1096837960", "osm_type": "way", "building": "house", "addr:city": null, "roof:shape": null, "addr:street": null, "addr:housenumber": null, "layer": null, "building:levels": null }, "geometry": { "type": "MultiPolygon", "coordinates": [ [ [ [ 92.4812593, 26.4300857 ], [ 92.4812606, 26.4299993 ], [ 92.4811062, 26.4299914 ], [ 92.4811058, 26.4300945 ], [ 92.4812593, 26.4300857 ] ] ] ] } },
{ "type": "Feature", "properties": { "full_id": "w1096837965", "osm_id": "1096837965", "osm_type": "way", "building": "house", "addr:city": null, "roof:shape": null, "addr:street": null, "addr:housenumber": null, "layer": null, "building:levels": null }, "geometry": { "type": "MultiPolygon", "coordinates": [ [ [ [ 92.481258, 26.4291909 ], [ 92.481417, 26.4292088 ], [ 92.4814131, 26.4291239 ], [ 92.4812653, 26.4291101 ], [ 92.4812128, 26.4291089 ], [ 92.481258, 26.4291909 ] ] ] ] } },
{ "type": "Feature", "properties": { "full_id": "w1096837972", "osm_id": "1096837972", "osm_type": "way", "building": "house", "addr:city": null, "roof:shape": null, "addr:street": null, "addr:housenumber": null, "layer": null, "building:levels": null }, "geometry": { "type": "MultiPolygon", "coordinates": [ [ [ [ 92.4812895, 26.4269119 ], [ 92.4813181, 26.4268252 ], [ 92.4812474, 26.4268146 ], [ 92.4812104, 26.4268861 ], [ 92.4812895, 26.4269119 ] ] ] ] } },
{ "type": "Feature", "properties": { "full_id": "w1096837973", "osm_id": "1096837973", "osm_type": "way", "building": "house", "addr:city": null, "roof:shape": null, "addr:street": null, "addr:housenumber": null, "layer": null, "building:levels": null }, "geometry": { "type": "MultiPolygon", "coordinates": [ [ [ [ 92.4809033, 26.4268884 ], [ 92.4809371, 26.4268088 ], [ 92.4810507, 26.4268325 ], [ 92.4809719, 26.4269107 ], [ 92.4809033, 26.4268884 ] ] ] ] } },
{ "type": "Feature", "properties": { "full_id": "w1096837974", "osm_id": "1096837974", "osm_type": "way", "building": "house", "addr:city": null, "roof:shape": null, "addr:street": null, "addr:housenumber": null, "layer": null, "building:levels": null }, "geometry": { "type": "MultiPolygon", "coordinates": [ [ [ [ 92.4813793, 26.4268532 ], [ 92.4813454, 26.4268422 ], [ 92.4813863, 26.4267287 ], [ 92.4814399, 26.426739 ], [ 92.4813793, 26.4268532 ] ] ] ] } },
{ "type": "Feature", "properties": { "full_id": "w1096837975", "osm_id": "1096837975", "osm_type": "way", "building": "house", "addr:city": null, "roof:shape": null, "addr:street": null, "addr:housenumber": null, "layer": null, "building:levels": null }, "geometry": { "type": "MultiPolygon", "coordinates": [ [ [ [ 92.4811538, 26.4267075 ], [ 92.4811926, 26.4266319 ], [ 92.4810684, 26.4266129 ], [ 92.4810491, 26.4266832 ], [ 92.4811538, 26.4267075 ] ] ] ] } },
{ "type": "Feature", "properties": { "full_id": "w1096838507", "osm_id": "1096838507", "osm_type": "way", "building": "house", "addr:city": null, "roof:shape": null, "addr:street": null, "addr:housenumber": null, "layer": null, "building:levels": null }, "geometry": { "type": "MultiPolygon", "coordinates": [ [ [ [ 92.4017104, 26.3600979 ], [ 92.401704, 26.3600128 ], [ 92.4018118, 26.3600063 ], [ 92.4018182, 26.3600913 ], [ 92.4017104, 26.3600979 ] ] ] ] } },
{ "type": "Feature", "properties": { "full_id": "w1096838508", "osm_id": "1096838508", "osm_type": "way", "building": "house", "addr:city": null, "roof:shape": null, "addr:street": null, "addr:housenumber": null, "layer": null, "building:levels": null }, "geometry": { "type": "MultiPolygon", "coordinates": [ [ [ [ 92.4014844, 26.3600797 ], [ 92.4014105, 26.3600797 ], [ 92.4014104, 26.3600474 ], [ 92.4013611, 26.3600475 ], [ 92.401361, 26.3599913 ], [ 92.4014518, 26.3599913 ], [ 92.4014518, 26.360034 ], [ 92.4014869, 26.360034 ], [ 92.4015768, 26.3600339 ], [ 92.4015768, 26.3600797 ], [ 92.4014844, 26.3600797 ] ] ] ] } },
{ "type": "Feature", "properties": { "full_id": "w1096838509", "osm_id": "1096838509", "osm_type": "way", "building": "house", "addr:city": null, "roof:shape": null, "addr:street": null, "addr:housenumber": null, "layer": null, "building:levels": null }, "geometry": { "type": "MultiPolygon", "coordinates": [ [ [ [ 92.4034694, 26.3597044 ], [ 92.4034701, 26.3596074 ], [ 92.4035537, 26.3596078 ], [ 92.403553, 26.3597049 ], [ 92.4034694, 26.3597044 ] ] ] ] } },
{ "type": "Feature", "properties": { "full_id": "w1096838510", "osm_id": "1096838510", "osm_type": "way", "building": "house", "addr:city": null, "roof:shape": null, "addr:street": null, "addr:housenumber": null, "layer": null, "building:levels": null }, "geometry": { "type": "MultiPolygon", "coordinates": [ [ [ [ 92.4033491, 26.3597214 ], [ 92.4033469, 26.3596617 ], [ 92.403439, 26.359659 ], [ 92.4034412, 26.3597187 ], [ 92.4033491, 26.3597214 ] ] ] ] } },
{ "type": "Feature", "properties": { "full_id": "w1096838511", "osm_id": "1096838511", "osm_type": "way", "building": "house", "addr:city": null, "roof:shape": null, "addr:street": null, "addr:housenumber": null, "layer": null, "building:levels": null }, "geometry": { "type": "MultiPolygon", "coordinates": [ [ [ [ 92.4040628, 26.3590103 ], [ 92.4040939, 26.3590086 ], [ 92.4040881, 26.3589263 ], [ 92.4040647, 26.3589276 ], [ 92.4039961, 26.3589315 ], [ 92.4039985, 26.3589651 ], [ 92.4040594, 26.3589616 ], [ 92.4040628, 26.3590103 ] ] ] ] } },
{ "type": "Feature", "properties": { "full_id": "w1096838512", "osm_id": "1096838512", "osm_type": "way", "building": "house", "addr:city": null, "roof:shape": null, "addr:street": null, "addr:housenumber": null, "layer": null, "building:levels": null }, "geometry": { "type": "MultiPolygon", "coordinates": [ [ [ [ 92.403807, 26.3579534 ], [ 92.4038092, 26.3579254 ], [ 92.4037731, 26.3579231 ], [ 92.403775, 26.3578988 ], [ 92.4039107, 26.3579072 ], [ 92.4039067, 26.3579595 ], [ 92.403807, 26.3579534 ] ] ] ] } },
{ "type": "Feature", "properties": { "full_id": "w1096838513", "osm_id": "1096838513", "osm_type": "way", "building": "house", "addr:city": null, "roof:shape": null, "addr:street": null, "addr:housenumber": null, "layer": null, "building:levels": null }, "geometry": { "type": "MultiPolygon", "coordinates": [ [ [ [ 92.4041982, 26.357914 ], [ 92.4041987, 26.3578641 ], [ 92.4042735, 26.3578648 ], [ 92.4042733, 26.3578882 ], [ 92.4042436, 26.357888 ], [ 92.4042433, 26.3579144 ], [ 92.4041982, 26.357914 ] ] ] ] } },
{ "type": "Feature", "properties": { "full_id": "w1096838514", "osm_id": "1096838514", "osm_type": "way", "building": "house", "addr:city": null, "roof:shape": null, "addr:street": null, "addr:housenumber": null, "layer": null, "building:levels": null }, "geometry": { "type": "MultiPolygon", "coordinates": [ [ [ [ 92.4040522, 26.358049 ], [ 92.4040523, 26.3580715 ], [ 92.404077, 26.3580714 ], [ 92.4040767, 26.3580249 ], [ 92.4040191, 26.3580252 ], [ 92.4040192, 26.3580492 ], [ 92.4040522, 26.358049 ] ] ] ] } },
{ "type": "Feature", "properties": { "full_id": "w1096838515", "osm_id": "1096838515", "osm_type": "way", "building": "house", "addr:city": null, "roof:shape": null, "addr:street": null, "addr:housenumber": null, "layer": null, "building:levels": null }, "geometry": { "type": "MultiPolygon", "coordinates": [ [ [ [ 92.4019032, 26.3579888 ], [ 92.4019016, 26.3579384 ], [ 92.4019585, 26.357937 ], [ 92.40196, 26.3579874 ], [ 92.4019032, 26.3579888 ] ] ] ] } },
{ "type": "Feature", "properties": { "full_id": "w1096838516", "osm_id": "1096838516", "osm_type": "way", "building": "house", "addr:city": null, "roof:shape": null, "addr:street": null, "addr:housenumber": null, "layer": null, "building:levels": null }, "geometry": { "type": "MultiPolygon", "coordinates": [ [ [ [ 92.4016845, 26.3580334 ], [ 92.4016783, 26.3579688 ], [ 92.4017302, 26.3579648 ], [ 92.4017364, 26.3580294 ], [ 92.4016845, 26.3580334 ] ] ] ] } },
{ "type": "Feature", "properties": { "full_id": "w1096838518", "osm_id": "1096838518", "osm_type": "way", "building": "house", "addr:city": null, "roof:shape": null, "addr:street": null, "addr:housenumber": null, "layer": null, "building:levels": null }, "geometry": { "type": "MultiPolygon", "coordinates": [ [ [ [ 92.4039675, 26.3601463 ], [ 92.403875, 26.3601541 ], [ 92.4038819, 26.3602197 ], [ 92.4039744, 26.3602119 ], [ 92.4039675, 26.3601463 ] ] ] ] } },
{ "type": "Feature", "properties": { "full_id": "w1096838519", "osm_id": "1096838519", "osm_type": "way", "building": "house", "addr:city": null, "roof:shape": null, "addr:street": null, "addr:housenumber": null, "layer": null, "building:levels": null }, "geometry": { "type": "MultiPolygon", "coordinates": [ [ [ [ 92.4038167, 26.3603151 ], [ 92.4038157, 26.3602798 ], [ 92.4039043, 26.3602777 ], [ 92.4039053, 26.360313 ], [ 92.4038167, 26.3603151 ] ] ] ] } },
{ "type": "Feature", "properties": { "full_id": "w1096838524", "osm_id": "1096838524", "osm_type": "way", "building": "house", "addr:city": null, "roof:shape": null, "addr:street": null, "addr:housenumber": null, "layer": null, "building:levels": null }, "geometry": { "type": "MultiPolygon", "coordinates": [ [ [ [ 92.4058439, 26.3583584 ], [ 92.4058189, 26.3583605 ], [ 92.40581, 26.358274 ], [ 92.4059005, 26.3582665 ], [ 92.4059053, 26.3583126 ], [ 92.4058397, 26.358318 ], [ 92.4058439, 26.3583584 ] ] ] ] } },
{ "type": "Feature", "properties": { "full_id": "w1096838525", "osm_id": "1096838525", "osm_type": "way", "building": "house", "addr:city": null, "roof:shape": null, "addr:street": null, "addr:housenumber": null, "layer": null, "building:levels": null }, "geometry": { "type": "MultiPolygon", "coordinates": [ [ [ [ 92.4059108, 26.3586682 ], [ 92.4058648, 26.358668 ], [ 92.4058652, 26.358606 ], [ 92.4058142, 26.3586058 ], [ 92.4058144, 26.3585794 ], [ 92.4058293, 26.3585795 ], [ 92.4058294, 26.3585579 ], [ 92.4058642, 26.358558 ], [ 92.4058644, 26.3585287 ], [ 92.4059116, 26.358529 ], [ 92.4059108, 26.3586682 ] ] ] ] } },
{ "type": "Feature", "properties": { "full_id": "w1096838526", "osm_id": "1096838526", "osm_type": "way", "building": "house", "addr:city": null, "roof:shape": null, "addr:street": null, "addr:housenumber": null, "layer": null, "building:levels": null }, "geometry": { "type": "MultiPolygon", "coordinates": [ [ [ [ 92.4054799, 26.3581817 ], [ 92.405486, 26.3580931 ], [ 92.4055402, 26.3580962 ], [ 92.4055341, 26.3581847 ], [ 92.4054799, 26.3581817 ] ] ] ] } },
{ "type": "Feature", "properties": { "full_id": "w1096838527", "osm_id": "1096838527", "osm_type": "way", "building": "house", "addr:city": null, "roof:shape": null, "addr:street": null, "addr:housenumber": null, "layer": null, "building:levels": null }, "geometry": { "type": "MultiPolygon", "coordinates": [ [ [ [ 92.4052269, 26.3583589 ], [ 92.4052265, 26.3582944 ], [ 92.405314, 26.358294 ], [ 92.4053143, 26.3583584 ], [ 92.4052269, 26.3583589 ] ] ] ] } },
{ "type": "Feature", "properties": { "full_id": "w1096838528", "osm_id": "1096838528", "osm_type": "way", "building": "house", "addr:city": null, "roof:shape": null, "addr:street": null, "addr:housenumber": null, "layer": null, "building:levels": null }, "geometry": { "type": "MultiPolygon", "coordinates": [ [ [ [ 92.4046366, 26.3586394 ], [ 92.4046391, 26.3585581 ], [ 92.4047155, 26.35856 ], [ 92.404713, 26.3586413 ], [ 92.4046366, 26.3586394 ] ] ] ] } },
{ "type": "Feature", "properties": { "full_id": "w1096838529", "osm_id": "1096838529", "osm_type": "way", "building": "house", "addr:city": null, "roof:shape": null, "addr:street": null, "addr:housenumber": null, "layer": null, "building:levels": null }, "geometry": { "type": "MultiPolygon", "coordinates": [ [ [ [ 92.4047102, 26.3585182 ], [ 92.4046484, 26.3585153 ], [ 92.4046528, 26.3584393 ], [ 92.4047146, 26.3584422 ], [ 92.4047102, 26.3585182 ] ] ] ] } },
{ "type": "Feature", "properties": { "full_id": "w1096838530", "osm_id": "1096838530", "osm_type": "way", "building": "house", "addr:city": null, "roof:shape": null, "addr:street": null, "addr:housenumber": null, "layer": null, "building:levels": null }, "geometry": { "type": "MultiPolygon", "coordinates": [ [ [ [ 92.4046669, 26.3584164 ], [ 92.4046772, 26.3583396 ], [ 92.4047247, 26.3583447 ], [ 92.4047144, 26.3584215 ], [ 92.4046669, 26.3584164 ] ] ] ] } },
{ "type": "Feature", "properties": { "full_id": "w1096838531", "osm_id": "1096838531", "osm_type": "way", "building": "house", "addr:city": null, "roof:shape": null, "addr:street": null, "addr:housenumber": null, "layer": null, "building:levels": null }, "geometry": { "type": "MultiPolygon", "coordinates": [ [ [ [ 92.4051153, 26.3584666 ], [ 92.4050356, 26.3584683 ], [ 92.4050334, 26.3583873 ], [ 92.4051131, 26.3583856 ], [ 92.4051153, 26.3584666 ] ] ] ] } },
{ "type": "Feature", "properties": { "full_id": "w1096838532", "osm_id": "1096838532", "osm_type": "way", "building": "house", "addr:city": null, "roof:shape": null, "addr:street": null, "addr:housenumber": null, "layer": null, "building:levels": null }, "geometry": { "type": "MultiPolygon", "coordinates": [ [ [ [ 92.4050422, 26.3585474 ], [ 92.4050419, 26.3584984 ], [ 92.4051295, 26.3584979 ], [ 92.4051298, 26.3585469 ], [ 92.4050422, 26.3585474 ] ] ] ] } },
{ "type": "Feature", "properties": { "full_id": "w1096838533", "osm_id": "1096838533", "osm_type": "way", "building": "house", "addr:city": null, "roof:shape": null, "addr:street": null, "addr:housenumber": null, "layer": null, "building:levels": null }, "geometry": { "type": "MultiPolygon", "coordinates": [ [ [ [ 92.4057212, 26.3584435 ], [ 92.4056558, 26.3584524 ], [ 92.4056488, 26.3584114 ], [ 92.4057142, 26.3584025 ], [ 92.4057212, 26.3584435 ] ] ] ] } },
{ "type": "Feature", "properties": { "full_id": "w1096838534", "osm_id": "1096838534", "osm_type": "way", "building": "house", "addr:city": null, "roof:shape": null, "addr:street": null, "addr:housenumber": null, "layer": null, "building:levels": null }, "geometry": { "type": "MultiPolygon", "coordinates": [ [ [ [ 92.4052333, 26.3578956 ], [ 92.4052412, 26.3579755 ], [ 92.4053096, 26.3579701 ], [ 92.4053166, 26.3580406 ], [ 92.4053512, 26.3580379 ], [ 92.4053363, 26.3578874 ], [ 92.4052333, 26.3578956 ] ] ] ] } },
{ "type": "Feature", "properties": { "full_id": "w1096838536", "osm_id": "1096838536", "osm_type": "way", "building": "house", "addr:city": null, "roof:shape": null, "addr:street": null, "addr:housenumber": null, "layer": null, "building:levels": null }, "geometry": { "type": "MultiPolygon", "coordinates": [ [ [ [ 92.4056976, 26.3591794 ], [ 92.4056896, 26.3591269 ], [ 92.4057736, 26.3591166 ], [ 92.4057816, 26.3591691 ], [ 92.4056976, 26.3591794 ] ] ] ] } },
{ "type": "Feature", "properties": { "full_id": "w1096838537", "osm_id": "1096838537", "osm_type": "way", "building": "house", "addr:city": null, "roof:shape": null, "addr:street": null, "addr:housenumber": null, "layer": null, "building:levels": null }, "geometry": { "type": "MultiPolygon", "coordinates": [ [ [ [ 92.4054597, 26.3591933 ], [ 92.4054587, 26.3591523 ], [ 92.4053791, 26.3591538 ], [ 92.4053798, 26.3591862 ], [ 92.4054211, 26.3591855 ], [ 92.4054216, 26.3592088 ], [ 92.4054489, 26.3592083 ], [ 92.4054506, 26.3592829 ], [ 92.4055373, 26.3592814 ], [ 92.4055353, 26.359192 ], [ 92.4054597, 26.3591933 ] ] ] ] } },
{ "type": "Feature", "properties": { "full_id": "w1096839581", "osm_id": "1096839581", "osm_type": "way", "building": "house", "addr:city": null, "roof:shape": null, "addr:street": null, "addr:housenumber": null, "layer": null, "building:levels": null }, "geometry": { "type": "MultiPolygon", "coordinates": [ [ [ [ 92.2401652, 26.3342035 ], [ 92.240166, 26.3341573 ], [ 92.2401962, 26.3341577 ], [ 92.2401953, 26.3342039 ], [ 92.2401652, 26.3342035 ] ] ] ] } },
{ "type": "Feature", "properties": { "full_id": "w1096839582", "osm_id": "1096839582", "osm_type": "way", "building": "house", "addr:city": null, "roof:shape": null, "addr:street": null, "addr:housenumber": null, "layer": null, "building:levels": null }, "geometry": { "type": "MultiPolygon", "coordinates": [ [ [ [ 92.2395374, 26.3337247 ], [ 92.239542, 26.3336333 ], [ 92.2396187, 26.3336365 ], [ 92.239614, 26.3337279 ], [ 92.2395731, 26.3337262 ], [ 92.2395374, 26.3337247 ] ] ] ] } },
{ "type": "Feature", "properties": { "full_id": "w1096839583", "osm_id": "1096839583", "osm_type": "way", "building": "house", "addr:city": null, "roof:shape": null, "addr:street": null, "addr:housenumber": null, "layer": null, "building:levels": null }, "geometry": { "type": "MultiPolygon", "coordinates": [ [ [ [ 92.2397109, 26.3341357 ], [ 92.2397151, 26.3340752 ], [ 92.2398309, 26.3340816 ], [ 92.2398267, 26.3341421 ], [ 92.2397109, 26.3341357 ] ] ] ] } },
{ "type": "Feature", "properties": { "full_id": "w1096839584", "osm_id": "1096839584", "osm_type": "way", "building": "house", "addr:city": null, "roof:shape": null, "addr:street": null, "addr:housenumber": null, "layer": null, "building:levels": null }, "geometry": { "type": "MultiPolygon", "coordinates": [ [ [ [ 92.2396856, 26.3337734 ], [ 92.2396912, 26.3336751 ], [ 92.2397683, 26.3336787 ], [ 92.2397627, 26.3337769 ], [ 92.2396856, 26.3337734 ] ] ] ] } },
{ "type": "Feature", "properties": { "full_id": "w1096839588", "osm_id": "1096839588", "osm_type": "way", "building": "house", "addr:city": null, "roof:shape": null, "addr:street": null, "addr:housenumber": null, "layer": null, "building:levels": null }, "geometry": { "type": "MultiPolygon", "coordinates": [ [ [ [ 92.2404641, 26.3342338 ], [ 92.2403917, 26.3342215 ], [ 92.240372, 26.3343147 ], [ 92.2404444, 26.334327 ], [ 92.2404641, 26.3342338 ] ] ] ] } },
{ "type": "Feature", "properties": { "full_id": "w1096839589", "osm_id": "1096839589", "osm_type": "way", "building": "house", "addr:city": null, "roof:shape": null, "addr:street": null, "addr:housenumber": null, "layer": null, "building:levels": null }, "geometry": { "type": "MultiPolygon", "coordinates": [ [ [ [ 92.2397784, 26.3336601 ], [ 92.2397872, 26.3336051 ], [ 92.2398735, 26.3336163 ], [ 92.2398646, 26.3336713 ], [ 92.2397784, 26.3336601 ] ] ] ] } },
{ "type": "Feature", "properties": { "full_id": "w1096839590", "osm_id": "1096839590", "osm_type": "way", "building": "house", "addr:city": null, "roof:shape": null, "addr:street": null, "addr:housenumber": null, "layer": null, "building:levels": null }, "geometry": { "type": "MultiPolygon", "coordinates": [ [ [ [ 92.2398232, 26.3340044 ], [ 92.2397657, 26.3339936 ], [ 92.239789, 26.3338941 ], [ 92.2398465, 26.3339049 ], [ 92.2398232, 26.3340044 ] ] ] ] } },
{ "type": "Feature", "properties": { "full_id": "w1096839591", "osm_id": "1096839591", "osm_type": "way", "building": "house", "addr:city": null, "roof:shape": null, "addr:street": null, "addr:housenumber": null, "layer": null, "building:levels": null }, "geometry": { "type": "MultiPolygon", "coordinates": [ [ [ [ 92.239842, 26.33402 ], [ 92.239896, 26.334021 ], [ 92.2398973, 26.3339624 ], [ 92.2398433, 26.3339614 ], [ 92.239842, 26.33402 ] ] ] ] } },
{ "type": "Feature", "properties": { "full_id": "w1096839592", "osm_id": "1096839592", "osm_type": "way", "building": "house", "addr:city": null, "roof:shape": null, "addr:street": null, "addr:housenumber": null, "layer": null, "building:levels": null }, "geometry": { "type": "MultiPolygon", "coordinates": [ [ [ [ 92.2398499, 26.333822 ], [ 92.2398622, 26.3337209 ], [ 92.239959, 26.3337303 ], [ 92.2399467, 26.3338314 ], [ 92.2398499, 26.333822 ] ] ] ] } },
{ "type": "Feature", "properties": { "full_id": "w1096839715", "osm_id": "1096839715", "osm_type": "way", "building": "house", "addr:city": null, "roof:shape": null, "addr:street": null, "addr:housenumber": null, "layer": null, "building:levels": null }, "geometry": { "type": "MultiPolygon", "coordinates": [ [ [ [ 92.4098599, 26.4035353 ], [ 92.4099275, 26.4035489 ], [ 92.409937, 26.4035107 ], [ 92.4099033, 26.4035039 ], [ 92.4098926, 26.4035194 ], [ 92.4098652, 26.4035139 ], [ 92.4098599, 26.4035353 ] ] ] ] } },
{ "type": "Feature", "properties": { "full_id": "w1096839716", "osm_id": "1096839716", "osm_type": "way", "building": "house", "addr:city": null, "roof:shape": null, "addr:street": null, "addr:housenumber": null, "layer": null, "building:levels": null }, "geometry": { "type": "MultiPolygon", "coordinates": [ [ [ [ 92.4099454, 26.4035587 ], [ 92.4099933, 26.4035755 ], [ 92.4100008, 26.4035582 ], [ 92.409953, 26.4035415 ], [ 92.4099454, 26.4035587 ] ] ] ] } },
{ "type": "Feature", "properties": { "full_id": "w1096839717", "osm_id": "1096839717", "osm_type": "way", "building": "house", "addr:city": null, "roof:shape": null, "addr:street": null, "addr:housenumber": null, "layer": null, "building:levels": null }, "geometry": { "type": "MultiPolygon", "coordinates": [ [ [ [ 92.4099585, 26.40352 ], [ 92.4100229, 26.4035409 ], [ 92.4100449, 26.4034861 ], [ 92.4099805, 26.4034653 ], [ 92.4099585, 26.40352 ] ] ] ] } },
{ "type": "Feature", "properties": { "full_id": "w1096839719", "osm_id": "1096839719", "osm_type": "way", "building": "house", "addr:city": null, "roof:shape": null, "addr:street": null, "addr:housenumber": null, "layer": null, "building:levels": null }, "geometry": { "type": "MultiPolygon", "coordinates": [ [ [ [ 92.4098182, 26.4027055 ], [ 92.4098643, 26.4027149 ], [ 92.4098835, 26.4026393 ], [ 92.4098374, 26.4026299 ], [ 92.4098182, 26.4027055 ] ] ] ] } },
{ "type": "Feature", "properties": { "full_id": "w1096839720", "osm_id": "1096839720", "osm_type": "way", "building": "house", "addr:city": null, "roof:shape": null, "addr:street": null, "addr:housenumber": null, "layer": null, "building:levels": null }, "geometry": { "type": "MultiPolygon", "coordinates": [ [ [ [ 92.4098828, 26.4027624 ], [ 92.409868, 26.402867 ], [ 92.4098301, 26.402845 ], [ 92.4098467, 26.4027676 ], [ 92.4098828, 26.4027624 ] ] ] ] } },
{ "type": "Feature", "properties": { "full_id": "w1096839722", "osm_id": "1096839722", "osm_type": "way", "building": "house", "addr:city": null, "roof:shape": null, "addr:street": null, "addr:housenumber": null, "layer": null, "building:levels": null }, "geometry": { "type": "MultiPolygon", "coordinates": [ [ [ [ 92.4068391, 26.4023647 ], [ 92.4069328, 26.4023679 ], [ 92.4069356, 26.402302 ], [ 92.4068419, 26.4022987 ], [ 92.4068391, 26.4023647 ] ] ] ] } },
{ "type": "Feature", "properties": { "full_id": "w1096839723", "osm_id": "1096839723", "osm_type": "way", "building": "house", "addr:city": null, "roof:shape": null, "addr:street": null, "addr:housenumber": null, "layer": null, "building:levels": null }, "geometry": { "type": "MultiPolygon", "coordinates": [ [ [ [ 92.4066158, 26.4025191 ], [ 92.4066662, 26.4025228 ], [ 92.4066731, 26.4024483 ], [ 92.4066144, 26.402444 ], [ 92.4065797, 26.4024614 ], [ 92.4066158, 26.4025191 ] ] ] ] } },
{ "type": "Feature", "properties": { "full_id": "w1096839724", "osm_id": "1096839724", "osm_type": "way", "building": "house", "addr:city": null, "roof:shape": null, "addr:street": null, "addr:housenumber": null, "layer": null, "building:levels": null }, "geometry": { "type": "MultiPolygon", "coordinates": [ [ [ [ 92.4068459, 26.4025058 ], [ 92.40689, 26.4025101 ], [ 92.4068994, 26.402434 ], [ 92.4068394, 26.4024281 ], [ 92.4068071, 26.4024444 ], [ 92.4068459, 26.4025058 ] ] ] ] } },
{ "type": "Feature", "properties": { "full_id": "w1096839726", "osm_id": "1096839726", "osm_type": "way", "building": "house", "addr:city": null, "roof:shape": null, "addr:street": null, "addr:housenumber": null, "layer": null, "building:levels": null }, "geometry": { "type": "MultiPolygon", "coordinates": [ [ [ [ 92.4117925, 26.4042419 ], [ 92.4119184, 26.4042606 ], [ 92.4119275, 26.4042116 ], [ 92.4118016, 26.4041929 ], [ 92.4117925, 26.4042419 ] ] ] ] } },
{ "type": "Feature", "properties": { "full_id": "w1096839727", "osm_id": "1096839727", "osm_type": "way", "building": "house", "addr:city": null, "roof:shape": null, "addr:street": null, "addr:housenumber": null, "layer": null, "building:levels": null }, "geometry": { "type": "MultiPolygon", "coordinates": [ [ [ [ 92.4120014, 26.4043255 ], [ 92.4120945, 26.4043497 ], [ 92.4121078, 26.4043086 ], [ 92.4120147, 26.4042844 ], [ 92.4120014, 26.4043255 ] ] ] ] } },
{ "type": "Feature", "properties": { "full_id": "w1096839728", "osm_id": "1096839728", "osm_type": "way", "building": "house", "addr:city": null, "roof:shape": null, "addr:street": null, "addr:housenumber": null, "layer": null, "building:levels": null }, "geometry": { "type": "MultiPolygon", "coordinates": [ [ [ [ 92.4120983, 26.4044511 ], [ 92.41211, 26.4043502 ], [ 92.4121523, 26.4043542 ], [ 92.4121459, 26.4044091 ], [ 92.412178, 26.4044121 ], [ 92.4121726, 26.4044581 ], [ 92.4120983, 26.4044511 ] ] ] ] } },
{ "type": "Feature", "properties": { "full_id": "w1096839729", "osm_id": "1096839729", "osm_type": "way", "building": "house", "addr:city": null, "roof:shape": null, "addr:street": null, "addr:housenumber": null, "layer": null, "building:levels": null }, "geometry": { "type": "MultiPolygon", "coordinates": [ [ [ [ 92.412307, 26.4043776 ], [ 92.4121685, 26.4043652 ], [ 92.4121616, 26.4043265 ], [ 92.4122917, 26.4043356 ], [ 92.412307, 26.4043776 ] ] ] ] } },
{ "type": "Feature", "properties": { "full_id": "w1096839730", "osm_id": "1096839730", "osm_type": "way", "building": "house", "addr:city": null, "roof:shape": null, "addr:street": null, "addr:housenumber": null, "layer": null, "building:levels": null }, "geometry": { "type": "MultiPolygon", "coordinates": [ [ [ [ 92.4122193, 26.4043922 ], [ 92.4122215, 26.4043839 ], [ 92.4122951, 26.4044 ], [ 92.4122882, 26.4044253 ], [ 92.4122533, 26.4044177 ], [ 92.4122416, 26.4043971 ], [ 92.4122193, 26.4043922 ] ] ] ] } },
{ "type": "Feature", "properties": { "full_id": "w1096839731", "osm_id": "1096839731", "osm_type": "way", "building": "house", "addr:city": null, "roof:shape": null, "addr:street": null, "addr:housenumber": null, "layer": null, "building:levels": null }, "geometry": { "type": "MultiPolygon", "coordinates": [ [ [ [ 92.4127833, 26.4042818 ], [ 92.4129189, 26.4042896 ], [ 92.4129233, 26.4042282 ], [ 92.4127877, 26.4042204 ], [ 92.4127833, 26.4042818 ] ] ] ] } },
{ "type": "Feature", "properties": { "full_id": "w1096839732", "osm_id": "1096839732", "osm_type": "way", "building": "house", "addr:city": null, "roof:shape": null, "addr:street": null, "addr:housenumber": null, "layer": null, "building:levels": null }, "geometry": { "type": "MultiPolygon", "coordinates": [ [ [ [ 92.4125427, 26.4046537 ], [ 92.4126406, 26.4046649 ], [ 92.4126258, 26.4045718 ], [ 92.4125555, 26.4045638 ], [ 92.4125427, 26.4046537 ] ] ] ] } },
{ "type": "Feature", "properties": { "full_id": "w1096839733", "osm_id": "1096839733", "osm_type": "way", "building": "house", "addr:city": null, "roof:shape": null, "addr:street": null, "addr:housenumber": null, "layer": null, "building:levels": null }, "geometry": { "type": "MultiPolygon", "coordinates": [ [ [ [ 92.4129952, 26.4048461 ], [ 92.4130704, 26.4048503 ], [ 92.4130727, 26.4048169 ], [ 92.4129975, 26.4048127 ], [ 92.4129952, 26.4048461 ] ] ] ] } },
{ "type": "Feature", "properties": { "full_id": "w1096839734", "osm_id": "1096839734", "osm_type": "way", "building": "house", "addr:city": null, "roof:shape": null, "addr:street": null, "addr:housenumber": null, "layer": null, "building:levels": null }, "geometry": { "type": "MultiPolygon", "coordinates": [ [ [ [ 92.412975, 26.4047649 ], [ 92.4130623, 26.4047723 ], [ 92.413066, 26.4047369 ], [ 92.4129787, 26.4047295 ], [ 92.412975, 26.4047649 ] ] ] ] } },
{ "type": "Feature", "properties": { "full_id": "w1096839735", "osm_id": "1096839735", "osm_type": "way", "building": "house", "addr:city": null, "roof:shape": null, "addr:street": null, "addr:housenumber": null, "layer": null, "building:levels": null }, "geometry": { "type": "MultiPolygon", "coordinates": [ [ [ [ 92.4136331, 26.4043489 ], [ 92.4135398, 26.404345 ], [ 92.4135419, 26.4043045 ], [ 92.4136353, 26.4043085 ], [ 92.4136331, 26.4043489 ] ] ] ] } },
{ "type": "Feature", "properties": { "full_id": "w1096839736", "osm_id": "1096839736", "osm_type": "way", "building": "house", "addr:city": null, "roof:shape": null, "addr:street": null, "addr:housenumber": null, "layer": null, "building:levels": null }, "geometry": { "type": "MultiPolygon", "coordinates": [ [ [ [ 92.4134291, 26.4044052 ], [ 92.4135076, 26.4044067 ], [ 92.413509, 26.4043453 ], [ 92.4134305, 26.4043438 ], [ 92.4134291, 26.4044052 ] ] ] ] } },
{ "type": "Feature", "properties": { "full_id": "w1096839737", "osm_id": "1096839737", "osm_type": "way", "building": "house", "addr:city": null, "roof:shape": null, "addr:street": null, "addr:housenumber": null, "layer": null, "building:levels": null }, "geometry": { "type": "MultiPolygon", "coordinates": [ [ [ [ 92.4136762, 26.4049384 ], [ 92.4137284, 26.4049501 ], [ 92.4137413, 26.4049035 ], [ 92.4136537, 26.4048839 ], [ 92.4136762, 26.4049384 ] ] ] ] } },
{ "type": "Feature", "properties": { "full_id": "w1096839738", "osm_id": "1096839738", "osm_type": "way", "building": "house", "addr:city": null, "roof:shape": null, "addr:street": null, "addr:housenumber": null, "layer": null, "building:levels": null }, "geometry": { "type": "MultiPolygon", "coordinates": [ [ [ [ 92.4137479, 26.4050259 ], [ 92.4138138, 26.405033 ], [ 92.4138189, 26.4049953 ], [ 92.4137413, 26.4049869 ], [ 92.4137479, 26.4050259 ] ] ] ] } },
{ "type": "Feature", "properties": { "full_id": "w1096839739", "osm_id": "1096839739", "osm_type": "way", "building": "house", "addr:city": null, "roof:shape": null, "addr:street": null, "addr:housenumber": null, "layer": null, "building:levels": null }, "geometry": { "type": "MultiPolygon", "coordinates": [ [ [ [ 92.4141188, 26.4051002 ], [ 92.413993, 26.4050939 ], [ 92.4139954, 26.4050551 ], [ 92.4141212, 26.4050614 ], [ 92.4141188, 26.4051002 ] ] ] ] } },
{ "type": "Feature", "properties": { "full_id": "w1096839740", "osm_id": "1096839740", "osm_type": "way", "building": "house", "addr:city": null, "roof:shape": null, "addr:street": null, "addr:housenumber": null, "layer": null, "building:levels": null }, "geometry": { "type": "MultiPolygon", "coordinates": [ [ [ [ 92.4142529, 26.4051616 ], [ 92.4142582, 26.4051231 ], [ 92.4140775, 26.4051032 ], [ 92.4140722, 26.4051417 ], [ 92.4142529, 26.4051616 ] ] ] ] } },
{ "type": "Feature", "properties": { "full_id": "w1096839741", "osm_id": "1096839741", "osm_type": "way", "building": "house", "addr:city": null, "roof:shape": null, "addr:street": null, "addr:housenumber": null, "layer": null, "building:levels": null }, "geometry": { "type": "MultiPolygon", "coordinates": [ [ [ [ 92.4141476, 26.4050662 ], [ 92.4142215, 26.4050673 ], [ 92.414222, 26.4050429 ], [ 92.414148, 26.4050418 ], [ 92.4141476, 26.4050662 ] ] ] ] } },
{ "type": "Feature", "properties": { "full_id": "w1096839742", "osm_id": "1096839742", "osm_type": "way", "building": "house", "addr:city": null, "roof:shape": null, "addr:street": null, "addr:housenumber": null, "layer": null, "building:levels": null }, "geometry": { "type": "MultiPolygon", "coordinates": [ [ [ [ 92.4143317, 26.405113 ], [ 92.4143349, 26.4050868 ], [ 92.4141479, 26.4050686 ], [ 92.4141448, 26.4050947 ], [ 92.4143317, 26.405113 ] ] ] ] } },
{ "type": "Feature", "properties": { "full_id": "w1096839744", "osm_id": "1096839744", "osm_type": "way", "building": "house", "addr:city": null, "roof:shape": null, "addr:street": null, "addr:housenumber": null, "layer": null, "building:levels": null }, "geometry": { "type": "MultiPolygon", "coordinates": [ [ [ [ 92.4147391, 26.4047809 ], [ 92.4148229, 26.4047809 ], [ 92.4148228, 26.4047323 ], [ 92.414739, 26.4047324 ], [ 92.4147391, 26.4047809 ] ] ] ] } },
{ "type": "Feature", "properties": { "full_id": "w1096839748", "osm_id": "1096839748", "osm_type": "way", "building": "house", "addr:city": null, "roof:shape": null, "addr:street": null, "addr:housenumber": null, "layer": null, "building:levels": null }, "geometry": { "type": "MultiPolygon", "coordinates": [ [ [ [ 92.4143262, 26.4043974 ], [ 92.4143584, 26.4043999 ], [ 92.4143605, 26.4043779 ], [ 92.4143222, 26.404375 ], [ 92.4143262, 26.4043974 ] ] ] ] } },
{ "type": "Feature", "properties": { "full_id": "w1096840222", "osm_id": "1096840222", "osm_type": "way", "building": "house", "addr:city": null, "roof:shape": null, "addr:street": null, "addr:housenumber": null, "layer": null, "building:levels": null }, "geometry": { "type": "MultiPolygon", "coordinates": [ [ [ [ 92.3142113, 26.4273381 ], [ 92.3141996, 26.4273246 ], [ 92.3142166, 26.4273129 ], [ 92.3142283, 26.4273264 ], [ 92.3142113, 26.4273381 ] ] ] ] } },
{ "type": "Feature", "properties": { "full_id": "w1096840223", "osm_id": "1096840223", "osm_type": "way", "building": "house", "addr:city": null, "roof:shape": null, "addr:street": null, "addr:housenumber": null, "layer": null, "building:levels": null }, "geometry": { "type": "MultiPolygon", "coordinates": [ [ [ [ 92.3138949, 26.4273141 ], [ 92.3138951, 26.4272958 ], [ 92.3139152, 26.427296 ], [ 92.313915, 26.4273143 ], [ 92.3138949, 26.4273141 ] ] ] ] } },
{ "type": "Feature", "properties": { "full_id": "w1096840226", "osm_id": "1096840226", "osm_type": "way", "building": "house", "addr:city": null, "roof:shape": null, "addr:street": null, "addr:housenumber": null, "layer": null, "building:levels": null }, "geometry": { "type": "MultiPolygon", "coordinates": [ [ [ [ 92.3136864, 26.4273398 ], [ 92.3136772, 26.4273306 ], [ 92.3136897, 26.4273205 ], [ 92.3136989, 26.4273298 ], [ 92.3136864, 26.4273398 ] ] ] ] } },
{ "type": "Feature", "properties": { "full_id": "w1096840228", "osm_id": "1096840228", "osm_type": "way", "building": "house", "addr:city": null, "roof:shape": null, "addr:street": null, "addr:housenumber": null, "layer": null, "building:levels": null }, "geometry": { "type": "MultiPolygon", "coordinates": [ [ [ [ 92.3135117, 26.4274591 ], [ 92.3135128, 26.427447 ], [ 92.3135282, 26.4274482 ], [ 92.3135271, 26.4274603 ], [ 92.3135117, 26.4274591 ] ] ] ] } },
{ "type": "Feature", "properties": { "full_id": "w1096840234", "osm_id": "1096840234", "osm_type": "way", "building": "house", "addr:city": null, "roof:shape": null, "addr:street": null, "addr:housenumber": null, "layer": null, "building:levels": null }, "geometry": { "type": "MultiPolygon", "coordinates": [ [ [ [ 92.3135707, 26.4273695 ], [ 92.3135625, 26.4273686 ], [ 92.3135642, 26.4273565 ], [ 92.3135725, 26.4273575 ], [ 92.3135707, 26.4273695 ] ] ] ] } },
{ "type": "Feature", "properties": { "full_id": "w1096840235", "osm_id": "1096840235", "osm_type": "way", "building": "house", "addr:city": null, "roof:shape": null, "addr:street": null, "addr:housenumber": null, "layer": null, "building:levels": null }, "geometry": { "type": "MultiPolygon", "coordinates": [ [ [ [ 92.3134453, 26.4272373 ], [ 92.3134335, 26.4272198 ], [ 92.3134491, 26.4272113 ], [ 92.3134609, 26.4272289 ], [ 92.3134453, 26.4272373 ] ] ] ] } },
{ "type": "Feature", "properties": { "full_id": "w1096840236", "osm_id": "1096840236", "osm_type": "way", "building": "house", "addr:city": null, "roof:shape": null, "addr:street": null, "addr:housenumber": null, "layer": null, "building:levels": null }, "geometry": { "type": "MultiPolygon", "coordinates": [ [ [ [ 92.3134713, 26.4272194 ], [ 92.3134621, 26.4272038 ], [ 92.3134807, 26.427195 ], [ 92.3134899, 26.4272105 ], [ 92.3134713, 26.4272194 ] ] ] ] } },
{ "type": "Feature", "properties": { "full_id": "w1096840242", "osm_id": "1096840242", "osm_type": "way", "building": "house", "addr:city": null, "roof:shape": null, "addr:street": null, "addr:housenumber": null, "layer": null, "building:levels": null }, "geometry": { "type": "MultiPolygon", "coordinates": [ [ [ [ 92.3126794, 26.4272337 ], [ 92.3126721, 26.4272252 ], [ 92.3126825, 26.427218 ], [ 92.3126898, 26.4272264 ], [ 92.3126794, 26.4272337 ] ] ] ] } },
{ "type": "Feature", "properties": { "full_id": "w1096840243", "osm_id": "1096840243", "osm_type": "way", "building": "house", "addr:city": null, "roof:shape": null, "addr:street": null, "addr:housenumber": null, "layer": null, "building:levels": null }, "geometry": { "type": "MultiPolygon", "coordinates": [ [ [ [ 92.3130046, 26.4272755 ], [ 92.3129832, 26.4272749 ], [ 92.3129838, 26.4272587 ], [ 92.3130052, 26.4272593 ], [ 92.3130046, 26.4272755 ] ] ] ] } },
{ "type": "Feature", "properties": { "full_id": "w1096840246", "osm_id": "1096840246", "osm_type": "way", "building": "house", "addr:city": null, "roof:shape": null, "addr:street": null, "addr:housenumber": null, "layer": null, "building:levels": null }, "geometry": { "type": "MultiPolygon", "coordinates": [ [ [ [ 92.3140277, 26.4276414 ], [ 92.3140056, 26.4276407 ], [ 92.3140062, 26.4276244 ], [ 92.3140283, 26.427625 ], [ 92.3140277, 26.4276414 ] ] ] ] } },
{ "type": "Feature", "properties": { "full_id": "w1097539489", "osm_id": "1097539489", "osm_type": "way", "building": "house", "addr:city": null, "roof:shape": null, "addr:street": null, "addr:housenumber": null, "layer": null, "building:levels": null }, "geometry": { "type": "MultiPolygon", "coordinates": [ [ [ [ 92.3038664, 26.3883883 ], [ 92.3038743, 26.3883492 ], [ 92.3039386, 26.3883575 ], [ 92.3039806, 26.3883639 ], [ 92.3039723, 26.3884054 ], [ 92.3038664, 26.3883883 ] ] ] ] } },
{ "type": "Feature", "properties": { "full_id": "w1097539490", "osm_id": "1097539490", "osm_type": "way", "building": "house", "addr:city": null, "roof:shape": null, "addr:street": null, "addr:housenumber": null, "layer": null, "building:levels": null }, "geometry": { "type": "MultiPolygon", "coordinates": [ [ [ [ 92.3039386, 26.3883575 ], [ 92.3039507, 26.3882944 ], [ 92.3040044, 26.3883027 ], [ 92.3040129, 26.3882582 ], [ 92.3040995, 26.3882715 ], [ 92.304079, 26.388379 ], [ 92.3039806, 26.3883639 ], [ 92.3039386, 26.3883575 ] ] ] ] } },
{ "type": "Feature", "properties": { "full_id": "w1097539491", "osm_id": "1097539491", "osm_type": "way", "building": "house", "addr:city": null, "roof:shape": null, "addr:street": null, "addr:housenumber": null, "layer": null, "building:levels": null }, "geometry": { "type": "MultiPolygon", "coordinates": [ [ [ [ 92.3041066, 26.3883321 ], [ 92.3041301, 26.388216 ], [ 92.304182, 26.3882245 ], [ 92.3041586, 26.3883406 ], [ 92.3041066, 26.3883321 ] ] ] ] } },
{ "type": "Feature", "properties": { "full_id": "w1097539492", "osm_id": "1097539492", "osm_type": "way", "building": "house", "addr:city": null, "roof:shape": null, "addr:street": null, "addr:housenumber": null, "layer": null, "building:levels": null }, "geometry": { "type": "MultiPolygon", "coordinates": [ [ [ [ 92.3032548, 26.3881478 ], [ 92.3032754, 26.3881053 ], [ 92.3033905, 26.3881249 ], [ 92.303378, 26.3881759 ], [ 92.3032548, 26.3881478 ] ] ] ] } },
{ "type": "Feature", "properties": { "full_id": "w1097539493", "osm_id": "1097539493", "osm_type": "way", "building": "house", "addr:city": null, "roof:shape": null, "addr:street": null, "addr:housenumber": null, "layer": null, "building:levels": null }, "geometry": { "type": "MultiPolygon", "coordinates": [ [ [ [ 92.3033905, 26.3881249 ], [ 92.3034695, 26.3881413 ], [ 92.3034959, 26.3881457 ], [ 92.3034834, 26.3881967 ], [ 92.303378, 26.3881759 ], [ 92.3033905, 26.3881249 ] ] ] ] } },
{ "type": "Feature", "properties": { "full_id": "w1097539494", "osm_id": "1097539494", "osm_type": "way", "building": "house", "addr:city": null, "roof:shape": null, "addr:street": null, "addr:housenumber": null, "layer": null, "building:levels": null }, "geometry": { "type": "MultiPolygon", "coordinates": [ [ [ [ 92.3032178, 26.3880992 ], [ 92.3032346, 26.3879724 ], [ 92.3032922, 26.3879786 ], [ 92.3032754, 26.3881053 ], [ 92.3032178, 26.3880992 ] ] ] ] } },
{ "type": "Feature", "properties": { "full_id": "w1097539495", "osm_id": "1097539495", "osm_type": "way", "building": "house", "addr:city": null, "roof:shape": null, "addr:street": null, "addr:housenumber": null, "layer": null, "building:levels": null }, "geometry": { "type": "MultiPolygon", "coordinates": [ [ [ [ 92.3034695, 26.3881413 ], [ 92.3034885, 26.3880269 ], [ 92.3035451, 26.3880345 ], [ 92.3035261, 26.3881489 ], [ 92.3034695, 26.3881413 ] ] ] ] } },
{ "type": "Feature", "properties": { "full_id": "w1097539496", "osm_id": "1097539496", "osm_type": "way", "building": "house", "addr:city": null, "roof:shape": null, "addr:street": null, "addr:housenumber": null, "layer": null, "building:levels": null }, "geometry": { "type": "MultiPolygon", "coordinates": [ [ [ [ 92.3035542, 26.3881917 ], [ 92.3036391, 26.3882038 ], [ 92.3036463, 26.388163 ], [ 92.3035614, 26.3881509 ], [ 92.3035542, 26.3881917 ] ] ] ] } },
{ "type": "Feature", "properties": { "full_id": "w1097539497", "osm_id": "1097539497", "osm_type": "way", "building": "house", "addr:city": null, "roof:shape": null, "addr:street": null, "addr:housenumber": null, "layer": null, "building:levels": null }, "geometry": { "type": "MultiPolygon", "coordinates": [ [ [ [ 92.3037257, 26.388358 ], [ 92.3038371, 26.3883806 ], [ 92.3038496, 26.3883313 ], [ 92.3037382, 26.3883087 ], [ 92.3037257, 26.388358 ] ] ] ] } },
{ "type": "Feature", "properties": { "full_id": "w1097539498", "osm_id": "1097539498", "osm_type": "way", "building": "house", "addr:city": null, "roof:shape": null, "addr:street": null, "addr:housenumber": null, "layer": null, "building:levels": null }, "geometry": { "type": "MultiPolygon", "coordinates": [ [ [ [ 92.3029213, 26.3879684 ], [ 92.3029436, 26.3878798 ], [ 92.3030099, 26.3878932 ], [ 92.3029876, 26.3879818 ], [ 92.3029213, 26.3879684 ] ] ] ] } },
{ "type": "Feature", "properties": { "full_id": "w1097539499", "osm_id": "1097539499", "osm_type": "way", "building": "house", "addr:city": null, "roof:shape": null, "addr:street": null, "addr:housenumber": null, "layer": null, "building:levels": null }, "geometry": { "type": "MultiPolygon", "coordinates": [ [ [ [ 92.3027531, 26.3879709 ], [ 92.3028748, 26.3880174 ], [ 92.3029046, 26.387955 ], [ 92.3028054, 26.3879204 ], [ 92.3027828, 26.3879085 ], [ 92.3027531, 26.3879709 ] ] ] ] } },
{ "type": "Feature", "properties": { "full_id": "w1097539500", "osm_id": "1097539500", "osm_type": "way", "building": "house", "addr:city": null, "roof:shape": null, "addr:street": null, "addr:housenumber": null, "layer": "-1", "building:levels": null }, "geometry": { "type": "MultiPolygon", "coordinates": [ [ [ [ 92.3027551, 26.3879062 ], [ 92.3027776, 26.3878423 ], [ 92.3028278, 26.3878564 ], [ 92.3028054, 26.3879204 ], [ 92.3027551, 26.3879062 ] ] ] ] } },
{ "type": "Feature", "properties": { "full_id": "w1097539501", "osm_id": "1097539501", "osm_type": "way", "building": "house", "addr:city": null, "roof:shape": null, "addr:street": null, "addr:housenumber": null, "layer": null, "building:levels": null }, "geometry": { "type": "MultiPolygon", "coordinates": [ [ [ [ 92.3035714, 26.3872293 ], [ 92.303578, 26.3871872 ], [ 92.3036863, 26.3872009 ], [ 92.3036797, 26.3872429 ], [ 92.3035714, 26.3872293 ] ] ] ] } },
{ "type": "Feature", "properties": { "full_id": "w1097539502", "osm_id": "1097539502", "osm_type": "way", "building": "house", "addr:city": null, "roof:shape": null, "addr:street": null, "addr:housenumber": null, "layer": null, "building:levels": null }, "geometry": { "type": "MultiPolygon", "coordinates": [ [ [ [ 92.3033481, 26.3872451 ], [ 92.3033654, 26.3871458 ], [ 92.3033896, 26.3871448 ], [ 92.303419, 26.3871532 ], [ 92.3034017, 26.3872526 ], [ 92.3033481, 26.3872451 ] ] ] ] } },
{ "type": "Feature", "properties": { "full_id": "w1097539503", "osm_id": "1097539503", "osm_type": "way", "building": "house", "addr:city": null, "roof:shape": null, "addr:street": null, "addr:housenumber": null, "layer": null, "building:levels": null }, "geometry": { "type": "MultiPolygon", "coordinates": [ [ [ [ 92.3033896, 26.3871448 ], [ 92.3035037, 26.3871497 ], [ 92.3035063, 26.3871013 ], [ 92.3033922, 26.3870963 ], [ 92.3033896, 26.3871448 ] ] ] ] } },
{ "type": "Feature", "properties": { "full_id": "w1097539504", "osm_id": "1097539504", "osm_type": "way", "building": "house", "addr:city": null, "roof:shape": null, "addr:street": null, "addr:housenumber": null, "layer": null, "building:levels": null }, "geometry": { "type": "MultiPolygon", "coordinates": [ [ [ [ 92.3032192, 26.3872355 ], [ 92.3032306, 26.387172 ], [ 92.3032698, 26.3871813 ], [ 92.3032582, 26.3872399 ], [ 92.3032192, 26.3872355 ] ] ] ] } },
{ "type": "Feature", "properties": { "full_id": "w1097539505", "osm_id": "1097539505", "osm_type": "way", "building": "house", "addr:city": null, "roof:shape": null, "addr:street": null, "addr:housenumber": null, "layer": null, "building:levels": null }, "geometry": { "type": "MultiPolygon", "coordinates": [ [ [ [ 92.303043, 26.387182 ], [ 92.3031051, 26.3871861 ], [ 92.3031088, 26.3871417 ], [ 92.3030468, 26.3871375 ], [ 92.303043, 26.387182 ] ] ] ] } },
{ "type": "Feature", "properties": { "full_id": "w1097539506", "osm_id": "1097539506", "osm_type": "way", "building": "house", "addr:city": null, "roof:shape": null, "addr:street": null, "addr:housenumber": null, "layer": null, "building:levels": null }, "geometry": { "type": "MultiPolygon", "coordinates": [ [ [ [ 92.302935, 26.3871117 ], [ 92.3029534, 26.3870454 ], [ 92.3030025, 26.3870563 ], [ 92.3029841, 26.3871226 ], [ 92.302935, 26.3871117 ] ] ] ] } },
{ "type": "Feature", "properties": { "full_id": "w1097539507", "osm_id": "1097539507", "osm_type": "way", "building": "house", "addr:city": null, "roof:shape": null, "addr:street": null, "addr:housenumber": null, "layer": null, "building:levels": null }, "geometry": { "type": "MultiPolygon", "coordinates": [ [ [ [ 92.3046201, 26.3879441 ], [ 92.3046713, 26.3879507 ], [ 92.3047078, 26.3878458 ], [ 92.3046493, 26.3878284 ], [ 92.3046201, 26.3879441 ] ] ] ] } },
{ "type": "Feature", "properties": { "full_id": "w1097539508", "osm_id": "1097539508", "osm_type": "way", "building": "house", "addr:city": null, "roof:shape": null, "addr:street": null, "addr:housenumber": null, "layer": null, "building:levels": null }, "geometry": { "type": "MultiPolygon", "coordinates": [ [ [ [ 92.3051784, 26.3871431 ], [ 92.3051957, 26.3870668 ], [ 92.3052272, 26.3870726 ], [ 92.3052618, 26.3870231 ], [ 92.3053082, 26.3870492 ], [ 92.3052857, 26.3870813 ], [ 92.3053538, 26.3870937 ], [ 92.305336, 26.3871719 ], [ 92.3051784, 26.3871431 ] ] ] ] } },
{ "type": "Feature", "properties": { "full_id": "w1097539509", "osm_id": "1097539509", "osm_type": "way", "building": "house", "addr:city": null, "roof:shape": null, "addr:street": null, "addr:housenumber": null, "layer": null, "building:levels": null }, "geometry": { "type": "MultiPolygon", "coordinates": [ [ [ [ 92.3053752, 26.3872128 ], [ 92.3055069, 26.3872376 ], [ 92.3055205, 26.3871792 ], [ 92.3053889, 26.3871544 ], [ 92.3053752, 26.3872128 ] ] ] ] } },
{ "type": "Feature", "properties": { "full_id": "w1097539510", "osm_id": "1097539510", "osm_type": "way", "building": "house", "addr:city": null, "roof:shape": null, "addr:street": null, "addr:housenumber": null, "layer": null, "building:levels": null }, "geometry": { "type": "MultiPolygon", "coordinates": [ [ [ [ 92.3056381, 26.387275 ], [ 92.3057065, 26.3872902 ], [ 92.3057203, 26.3872406 ], [ 92.3056519, 26.3872254 ], [ 92.3056381, 26.387275 ] ] ] ] } },
{ "type": "Feature", "properties": { "full_id": "w1097539511", "osm_id": "1097539511", "osm_type": "way", "building": "house", "addr:city": null, "roof:shape": null, "addr:street": null, "addr:housenumber": null, "layer": "-1", "building:levels": null }, "geometry": { "type": "MultiPolygon", "coordinates": [ [ [ [ 92.3057023, 26.3873013 ], [ 92.3057203, 26.3872406 ], [ 92.3058419, 26.3872702 ], [ 92.305823, 26.3873313 ], [ 92.3057023, 26.3873013 ] ] ] ] } },
{ "type": "Feature", "properties": { "full_id": "w1097539515", "osm_id": "1097539515", "osm_type": "way", "building": "house", "addr:city": null, "roof:shape": null, "addr:street": null, "addr:housenumber": null, "layer": null, "building:levels": null }, "geometry": { "type": "MultiPolygon", "coordinates": [ [ [ [ 92.3060836, 26.3876912 ], [ 92.3061543, 26.3877174 ], [ 92.3061811, 26.3875973 ], [ 92.3061104, 26.3875908 ], [ 92.3060836, 26.3876912 ] ] ] ] } },
{ "type": "Feature", "properties": { "full_id": "w1097539516", "osm_id": "1097539516", "osm_type": "way", "building": "house", "addr:city": null, "roof:shape": null, "addr:street": null, "addr:housenumber": null, "layer": null, "building:levels": null }, "geometry": { "type": "MultiPolygon", "coordinates": [ [ [ [ 92.3021846, 26.3901529 ], [ 92.3021773, 26.3900939 ], [ 92.3023418, 26.390119 ], [ 92.3023311, 26.3901752 ], [ 92.3021846, 26.3901529 ] ] ] ] } },
{ "type": "Feature", "properties": { "full_id": "w1097539517", "osm_id": "1097539517", "osm_type": "way", "building": "house", "addr:city": null, "roof:shape": null, "addr:street": null, "addr:housenumber": null, "layer": null, "building:levels": null }, "geometry": { "type": "MultiPolygon", "coordinates": [ [ [ [ 92.3030322, 26.3901358 ], [ 92.3030367, 26.3900925 ], [ 92.303144, 26.3901015 ], [ 92.3031394, 26.3901448 ], [ 92.3030322, 26.3901358 ] ] ] ] } },
{ "type": "Feature", "properties": { "full_id": "w1097539518", "osm_id": "1097539518", "osm_type": "way", "building": "house", "addr:city": null, "roof:shape": null, "addr:street": null, "addr:housenumber": null, "layer": null, "building:levels": null }, "geometry": { "type": "MultiPolygon", "coordinates": [ [ [ [ 92.3031917, 26.3901922 ], [ 92.3032013, 26.3901349 ], [ 92.3033208, 26.3901511 ], [ 92.3033102, 26.3902143 ], [ 92.3032112, 26.390201 ], [ 92.3031917, 26.3901922 ] ] ] ] } },
{ "type": "Feature", "properties": { "full_id": "w1122306592", "osm_id": "1122306592", "osm_type": "way", "building": "house", "addr:city": null, "roof:shape": null, "addr:street": null, "addr:housenumber": null, "layer": null, "building:levels": null }, "geometry": { "type": "MultiPolygon", "coordinates": [ [ [ [ 92.4112762, 26.4514874 ], [ 92.4111024, 26.4514862 ], [ 92.4111035, 26.4513673 ], [ 92.4112773, 26.4513685 ], [ 92.4112762, 26.4514874 ] ] ] ] } },
{ "type": "Feature", "properties": { "full_id": "w1122306593", "osm_id": "1122306593", "osm_type": "way", "building": "house", "addr:city": null, "roof:shape": null, "addr:street": null, "addr:housenumber": null, "layer": null, "building:levels": null }, "geometry": { "type": "MultiPolygon", "coordinates": [ [ [ [ 92.4111221, 26.4516099 ], [ 92.4112861, 26.4516065 ], [ 92.4112837, 26.4515135 ], [ 92.4111197, 26.4515169 ], [ 92.4111221, 26.4516099 ] ] ] ] } },
{ "type": "Feature", "properties": { "full_id": "w1122306594", "osm_id": "1122306594", "osm_type": "way", "building": "house", "addr:city": null, "roof:shape": null, "addr:street": null, "addr:housenumber": null, "layer": null, "building:levels": null }, "geometry": { "type": "MultiPolygon", "coordinates": [ [ [ [ 92.4111063, 26.4518203 ], [ 92.4111877, 26.4518205 ], [ 92.4111879, 26.4517414 ], [ 92.4111064, 26.4517412 ], [ 92.4111063, 26.4518203 ] ] ] ] } },
{ "type": "Feature", "properties": { "full_id": "w1122306596", "osm_id": "1122306596", "osm_type": "way", "building": "house", "addr:city": null, "roof:shape": null, "addr:street": null, "addr:housenumber": null, "layer": null, "building:levels": null }, "geometry": { "type": "MultiPolygon", "coordinates": [ [ [ [ 92.4112986, 26.4512286 ], [ 92.4113681, 26.4512272 ], [ 92.4113664, 26.4511609 ], [ 92.4112969, 26.4511623 ], [ 92.4112986, 26.4512286 ] ] ] ] } },
{ "type": "Feature", "properties": { "full_id": "w1122306597", "osm_id": "1122306597", "osm_type": "way", "building": "house", "addr:city": null, "roof:shape": null, "addr:street": null, "addr:housenumber": null, "layer": null, "building:levels": null }, "geometry": { "type": "MultiPolygon", "coordinates": [ [ [ [ 92.4115306, 26.4511575 ], [ 92.4114809, 26.451155 ], [ 92.4114851, 26.4510896 ], [ 92.4115137, 26.4510911 ], [ 92.4115121, 26.4511171 ], [ 92.4115332, 26.4511181 ], [ 92.4115306, 26.4511575 ] ] ] ] } },
{ "type": "Feature", "properties": { "full_id": "w1122306607", "osm_id": "1122306607", "osm_type": "way", "building": "house", "addr:city": null, "roof:shape": null, "addr:street": null, "addr:housenumber": null, "layer": null, "building:levels": null }, "geometry": { "type": "MultiPolygon", "coordinates": [ [ [ [ 92.4109625, 26.4502256 ], [ 92.4110282, 26.4502324 ], [ 92.411045, 26.4501589 ], [ 92.4109952, 26.4501327 ], [ 92.4109625, 26.4502256 ] ] ] ] } },
{ "type": "Feature", "properties": { "full_id": "w1122306608", "osm_id": "1122306608", "osm_type": "way", "building": "house", "addr:city": null, "roof:shape": null, "addr:street": null, "addr:housenumber": null, "layer": null, "building:levels": null }, "geometry": { "type": "MultiPolygon", "coordinates": [ [ [ [ 92.410868, 26.4504102 ], [ 92.4108751, 26.4503425 ], [ 92.4109966, 26.4503527 ], [ 92.411007, 26.4502533 ], [ 92.411081, 26.4502595 ], [ 92.4110718, 26.4503473 ], [ 92.4110635, 26.4504266 ], [ 92.410868, 26.4504102 ] ] ] ] } },
{ "type": "Feature", "properties": { "full_id": "w1122306609", "osm_id": "1122306609", "osm_type": "way", "building": "house", "addr:city": null, "roof:shape": null, "addr:street": null, "addr:housenumber": null, "layer": null, "building:levels": null }, "geometry": { "type": "MultiPolygon", "coordinates": [ [ [ [ 92.4111817, 26.4505258 ], [ 92.4111953, 26.4504612 ], [ 92.4112638, 26.4504727 ], [ 92.4112502, 26.4505373 ], [ 92.4111817, 26.4505258 ] ] ] ] } },
{ "type": "Feature", "properties": { "full_id": "w1122306610", "osm_id": "1122306610", "osm_type": "way", "building": "house", "addr:city": null, "roof:shape": null, "addr:street": null, "addr:housenumber": null, "layer": null, "building:levels": null }, "geometry": { "type": "MultiPolygon", "coordinates": [ [ [ [ 92.4113751, 26.4506017 ], [ 92.4113799, 26.4504377 ], [ 92.4115156, 26.4504409 ], [ 92.4115108, 26.4506049 ], [ 92.4113751, 26.4506017 ] ] ] ] } },
{ "type": "Feature", "properties": { "full_id": "w1122306611", "osm_id": "1122306611", "osm_type": "way", "building": "house", "addr:city": null, "roof:shape": null, "addr:street": null, "addr:housenumber": null, "layer": null, "building:levels": null }, "geometry": { "type": "MultiPolygon", "coordinates": [ [ [ [ 92.411602, 26.4505695 ], [ 92.411599, 26.4504478 ], [ 92.4118166, 26.4504435 ], [ 92.4118201, 26.4505845 ], [ 92.4117397, 26.4505861 ], [ 92.4117378, 26.4505088 ], [ 92.4116973, 26.4505096 ], [ 92.4116987, 26.4505676 ], [ 92.411602, 26.4505695 ] ] ] ] } },
{ "type": "Feature", "properties": { "full_id": "w1122306612", "osm_id": "1122306612", "osm_type": "way", "building": "house", "addr:city": null, "roof:shape": null, "addr:street": null, "addr:housenumber": null, "layer": null, "building:levels": null }, "geometry": { "type": "MultiPolygon", "coordinates": [ [ [ [ 92.4119403, 26.4503925 ], [ 92.4120542, 26.4503823 ], [ 92.4120459, 26.450308 ], [ 92.4120415, 26.4502681 ], [ 92.4119275, 26.4502782 ], [ 92.4119403, 26.4503925 ] ] ] ] } },
{ "type": "Feature", "properties": { "full_id": "w1122306613", "osm_id": "1122306613", "osm_type": "way", "building": "house", "addr:city": null, "roof:shape": null, "addr:street": null, "addr:housenumber": null, "layer": null, "building:levels": null }, "geometry": { "type": "MultiPolygon", "coordinates": [ [ [ [ 92.4118678, 26.4506168 ], [ 92.4121063, 26.4506176 ], [ 92.4121071, 26.4504353 ], [ 92.4118685, 26.4504345 ], [ 92.4118678, 26.4506168 ] ] ] ] } },
{ "type": "Feature", "properties": { "full_id": "w1122306614", "osm_id": "1122306614", "osm_type": "way", "building": "house", "addr:city": null, "roof:shape": null, "addr:street": null, "addr:housenumber": null, "layer": null, "building:levels": null }, "geometry": { "type": "MultiPolygon", "coordinates": [ [ [ [ 92.4116165, 26.4504064 ], [ 92.4118144, 26.4504113 ], [ 92.4118167, 26.4503366 ], [ 92.4116928, 26.4503335 ], [ 92.4116947, 26.4502723 ], [ 92.4116208, 26.4502704 ], [ 92.4116165, 26.4504064 ] ] ] ] } },
{ "type": "Feature", "properties": { "full_id": "w1122306615", "osm_id": "1122306615", "osm_type": "way", "building": "house", "addr:city": null, "roof:shape": null, "addr:street": null, "addr:housenumber": null, "layer": null, "building:levels": null }, "geometry": { "type": "MultiPolygon", "coordinates": [ [ [ [ 92.4112295, 26.4502042 ], [ 92.4115034, 26.4502476 ], [ 92.4115911, 26.4501368 ], [ 92.4115336, 26.4500877 ], [ 92.4114655, 26.4501149 ], [ 92.4114962, 26.4499934 ], [ 92.4114339, 26.4500008 ], [ 92.411262, 26.4500213 ], [ 92.4112295, 26.4502042 ] ] ] ] } },
{ "type": "Feature", "properties": { "full_id": "w1122306616", "osm_id": "1122306616", "osm_type": "way", "building": "house", "addr:city": null, "roof:shape": null, "addr:street": null, "addr:housenumber": null, "layer": null, "building:levels": null }, "geometry": { "type": "MultiPolygon", "coordinates": [ [ [ [ 92.4112917, 26.4499737 ], [ 92.4114339, 26.4500008 ], [ 92.411445, 26.4499091 ], [ 92.4112955, 26.4498664 ], [ 92.4112917, 26.4499737 ] ] ] ] } },
{ "type": "Feature", "properties": { "full_id": "w1122306617", "osm_id": "1122306617", "osm_type": "way", "building": "house", "addr:city": null, "roof:shape": null, "addr:street": null, "addr:housenumber": null, "layer": null, "building:levels": null }, "geometry": { "type": "MultiPolygon", "coordinates": [ [ [ [ 92.411304, 26.4498527 ], [ 92.4113244, 26.4497971 ], [ 92.4114915, 26.4498289 ], [ 92.411459, 26.4498913 ], [ 92.411304, 26.4498527 ] ] ] ] } },
{ "type": "Feature", "properties": { "full_id": "w1122306618", "osm_id": "1122306618", "osm_type": "way", "building": "house", "addr:city": null, "roof:shape": null, "addr:street": null, "addr:housenumber": null, "layer": null, "building:levels": null }, "geometry": { "type": "MultiPolygon", "coordinates": [ [ [ [ 92.4114058, 26.449781 ], [ 92.4115502, 26.4497742 ], [ 92.4115707, 26.4496202 ], [ 92.4114949, 26.4496139 ], [ 92.4114909, 26.4495895 ], [ 92.411459, 26.4495895 ], [ 92.4114609, 26.4495201 ], [ 92.4115274, 26.4495247 ], [ 92.4115256, 26.4494952 ], [ 92.4113904, 26.4495075 ], [ 92.4113785, 26.4496339 ], [ 92.4114111, 26.4496525 ], [ 92.4114058, 26.449781 ] ] ] ] } },
{ "type": "Feature", "properties": { "full_id": "w1122306619", "osm_id": "1122306619", "osm_type": "way", "building": "house", "addr:city": null, "roof:shape": null, "addr:street": null, "addr:housenumber": null, "layer": null, "building:levels": null }, "geometry": { "type": "MultiPolygon", "coordinates": [ [ [ [ 92.4119315, 26.4498316 ], [ 92.4119233, 26.4499268 ], [ 92.4121051, 26.4499252 ], [ 92.412106, 26.4497771 ], [ 92.412185, 26.449719 ], [ 92.412159, 26.4496635 ], [ 92.4120759, 26.44967 ], [ 92.412083, 26.4496155 ], [ 92.411782, 26.449598 ], [ 92.4117813, 26.4496728 ], [ 92.4117602, 26.4496728 ], [ 92.4117529, 26.4497754 ], [ 92.4119086, 26.449779 ], [ 92.4119315, 26.4498316 ] ] ] ] } },
{ "type": "Feature", "properties": { "full_id": "w1122306620", "osm_id": "1122306620", "osm_type": "way", "building": "house", "addr:city": null, "roof:shape": null, "addr:street": null, "addr:housenumber": null, "layer": null, "building:levels": null }, "geometry": { "type": "MultiPolygon", "coordinates": [ [ [ [ 92.4114585, 26.4494807 ], [ 92.4114585, 26.4494233 ], [ 92.4115338, 26.4494239 ], [ 92.4115471, 26.4494769 ], [ 92.4114585, 26.4494807 ] ] ] ] } },
{ "type": "Feature", "properties": { "full_id": "w1122306623", "osm_id": "1122306623", "osm_type": "way", "building": "house", "addr:city": null, "roof:shape": null, "addr:street": null, "addr:housenumber": null, "layer": null, "building:levels": null }, "geometry": { "type": "MultiPolygon", "coordinates": [ [ [ [ 92.41011, 26.4509152 ], [ 92.4098333, 26.4509266 ], [ 92.4098433, 26.4507866 ], [ 92.4099722, 26.4507789 ], [ 92.4099759, 26.4508452 ], [ 92.4100946, 26.4508533 ], [ 92.41011, 26.4509152 ] ] ] ] } },
{ "type": "Feature", "properties": { "full_id": "w1122306624", "osm_id": "1122306624", "osm_type": "way", "building": "house", "addr:city": null, "roof:shape": null, "addr:street": null, "addr:housenumber": null, "layer": null, "building:levels": null }, "geometry": { "type": "MultiPolygon", "coordinates": [ [ [ [ 92.4097701, 26.4509117 ], [ 92.4097986, 26.4508175 ], [ 92.4097256, 26.450822 ], [ 92.4097224, 26.4507013 ], [ 92.4096768, 26.4507135 ], [ 92.4096703, 26.4507778 ], [ 92.4096663, 26.4508177 ], [ 92.4096577, 26.4509036 ], [ 92.4097701, 26.4509117 ] ] ] ] } },
{ "type": "Feature", "properties": { "full_id": "w1122306625", "osm_id": "1122306625", "osm_type": "way", "building": "house", "addr:city": null, "roof:shape": null, "addr:street": null, "addr:housenumber": null, "layer": null, "building:levels": null }, "geometry": { "type": "MultiPolygon", "coordinates": [ [ [ [ 92.4095392, 26.4508092 ], [ 92.4096663, 26.4508177 ], [ 92.4096703, 26.4507778 ], [ 92.4096182, 26.4507645 ], [ 92.4096316, 26.4506817 ], [ 92.4095669, 26.4506817 ], [ 92.4095392, 26.4508092 ] ] ] ] } },
{ "type": "Feature", "properties": { "full_id": "w1122306626", "osm_id": "1122306626", "osm_type": "way", "building": "house", "addr:city": null, "roof:shape": null, "addr:street": null, "addr:housenumber": null, "layer": null, "building:levels": null }, "geometry": { "type": "MultiPolygon", "coordinates": [ [ [ [ 92.4095258, 26.4506741 ], [ 92.4094962, 26.4508123 ], [ 92.4093545, 26.4507808 ], [ 92.4093748, 26.4507349 ], [ 92.4092677, 26.4507349 ], [ 92.4093181, 26.4506366 ], [ 92.4095258, 26.4506741 ] ] ] ] } },
{ "type": "Feature", "properties": { "full_id": "w1122306627", "osm_id": "1122306627", "osm_type": "way", "building": "house", "addr:city": null, "roof:shape": null, "addr:street": null, "addr:housenumber": null, "layer": null, "building:levels": null }, "geometry": { "type": "MultiPolygon", "coordinates": [ [ [ [ 92.4090884, 26.4508003 ], [ 92.4088914, 26.450797 ], [ 92.4088611, 26.4508556 ], [ 92.408756, 26.4508521 ], [ 92.4087736, 26.4507466 ], [ 92.4087905, 26.4507123 ], [ 92.4088161, 26.4506431 ], [ 92.4090912, 26.4506422 ], [ 92.4090884, 26.4508003 ] ] ] ] } },
{ "type": "Feature", "properties": { "full_id": "w1122306628", "osm_id": "1122306628", "osm_type": "way", "building": "house", "addr:city": null, "roof:shape": null, "addr:street": null, "addr:housenumber": null, "layer": null, "building:levels": null }, "geometry": { "type": "MultiPolygon", "coordinates": [ [ [ [ 92.4091625, 26.4507385 ], [ 92.4092234, 26.4507346 ], [ 92.4092262, 26.4506471 ], [ 92.4091673, 26.4506485 ], [ 92.4091625, 26.4507385 ] ] ] ] } },
{ "type": "Feature", "properties": { "full_id": "w1122306629", "osm_id": "1122306629", "osm_type": "way", "building": "house", "addr:city": null, "roof:shape": null, "addr:street": null, "addr:housenumber": null, "layer": null, "building:levels": null }, "geometry": { "type": "MultiPolygon", "coordinates": [ [ [ [ 92.4092174, 26.4506112 ], [ 92.4092244, 26.4505717 ], [ 92.4093614, 26.4506169 ], [ 92.4092174, 26.4506112 ] ] ] ] } },
{ "type": "Feature", "properties": { "full_id": "w1122310861", "osm_id": "1122310861", "osm_type": "way", "building": "house", "addr:city": null, "roof:shape": null, "addr:street": null, "addr:housenumber": null, "layer": null, "building:levels": null }, "geometry": { "type": "MultiPolygon", "coordinates": [ [ [ [ 92.4087137, 26.4509505 ], [ 92.4086262, 26.4509653 ], [ 92.4086083, 26.450858 ], [ 92.4084293, 26.4508666 ], [ 92.4084327, 26.450704 ], [ 92.4086384, 26.4506495 ], [ 92.4086451, 26.4507206 ], [ 92.4087502, 26.4507334 ], [ 92.4087137, 26.4509505 ] ] ] ] } },
{ "type": "Feature", "properties": { "full_id": "w1122310862", "osm_id": "1122310862", "osm_type": "way", "building": "house", "addr:city": null, "roof:shape": null, "addr:street": null, "addr:housenumber": null, "layer": null, "building:levels": null }, "geometry": { "type": "MultiPolygon", "coordinates": [ [ [ [ 92.4083835, 26.4511642 ], [ 92.408334, 26.4511665 ], [ 92.4083272, 26.4510506 ], [ 92.4083767, 26.4510482 ], [ 92.4083835, 26.4511642 ] ] ] ] } },
{ "type": "Feature", "properties": { "full_id": "w1122310863", "osm_id": "1122310863", "osm_type": "way", "building": "house", "addr:city": null, "roof:shape": null, "addr:street": null, "addr:housenumber": null, "layer": null, "building:levels": null }, "geometry": { "type": "MultiPolygon", "coordinates": [ [ [ [ 92.4082527, 26.4511326 ], [ 92.4082494, 26.4510806 ], [ 92.4081836, 26.451084 ], [ 92.4081802, 26.4510316 ], [ 92.4083027, 26.4510252 ], [ 92.4083095, 26.4511297 ], [ 92.4082527, 26.4511326 ] ] ] ] } },
{ "type": "Feature", "properties": { "full_id": "w1122310864", "osm_id": "1122310864", "osm_type": "way", "building": "house", "addr:city": null, "roof:shape": null, "addr:street": null, "addr:housenumber": null, "layer": null, "building:levels": null }, "geometry": { "type": "MultiPolygon", "coordinates": [ [ [ [ 92.4081017, 26.451132 ], [ 92.4081025, 26.4509964 ], [ 92.4079055, 26.4509954 ], [ 92.4079047, 26.451131 ], [ 92.4081017, 26.451132 ] ] ] ] } },
{ "type": "Feature", "properties": { "full_id": "w1122310865", "osm_id": "1122310865", "osm_type": "way", "building": "house", "addr:city": null, "roof:shape": null, "addr:street": null, "addr:housenumber": null, "layer": null, "building:levels": null }, "geometry": { "type": "MultiPolygon", "coordinates": [ [ [ [ 92.4076728, 26.4511644 ], [ 92.4076756, 26.4510653 ], [ 92.407725, 26.4510663 ], [ 92.4077222, 26.4511655 ], [ 92.4076728, 26.4511644 ] ] ] ] } },
{ "type": "Feature", "properties": { "full_id": "w1122310866", "osm_id": "1122310866", "osm_type": "way", "building": "house", "addr:city": null, "roof:shape": null, "addr:street": null, "addr:housenumber": null, "layer": null, "building:levels": null }, "geometry": { "type": "MultiPolygon", "coordinates": [ [ [ [ 92.4079894, 26.4508636 ], [ 92.4079685, 26.4506767 ], [ 92.408086, 26.450663 ], [ 92.4080744, 26.4507554 ], [ 92.4081234, 26.4507554 ], [ 92.4081234, 26.4508528 ], [ 92.4079894, 26.4508636 ] ] ] ] } },
{ "type": "Feature", "properties": { "full_id": "w1122310867", "osm_id": "1122310867", "osm_type": "way", "building": "house", "addr:city": null, "roof:shape": null, "addr:street": null, "addr:housenumber": null, "layer": null, "building:levels": null }, "geometry": { "type": "MultiPolygon", "coordinates": [ [ [ [ 92.4073833, 26.4501808 ], [ 92.4073997, 26.4500973 ], [ 92.4074996, 26.4500883 ], [ 92.4074954, 26.450116 ], [ 92.4075863, 26.4501154 ], [ 92.4075655, 26.4502122 ], [ 92.4073833, 26.4501808 ] ] ] ] } },
{ "type": "Feature", "properties": { "full_id": "w1122310868", "osm_id": "1122310868", "osm_type": "way", "building": "house", "addr:city": null, "roof:shape": null, "addr:street": null, "addr:housenumber": null, "layer": null, "building:levels": null }, "geometry": { "type": "MultiPolygon", "coordinates": [ [ [ [ 92.4076262, 26.450244 ], [ 92.4076289, 26.4501206 ], [ 92.4078357, 26.4501274 ], [ 92.4078319, 26.4502412 ], [ 92.4076262, 26.450244 ] ] ] ] } },
{ "type": "Feature", "properties": { "full_id": "w1122310869", "osm_id": "1122310869", "osm_type": "way", "building": "house", "addr:city": null, "roof:shape": null, "addr:street": null, "addr:housenumber": null, "layer": null, "building:levels": null }, "geometry": { "type": "MultiPolygon", "coordinates": [ [ [ [ 92.4077898, 26.4505031 ], [ 92.4079112, 26.4504863 ], [ 92.4079126, 26.4504171 ], [ 92.4078046, 26.4504155 ], [ 92.4077898, 26.4505031 ] ] ] ] } },
{ "type": "Feature", "properties": { "full_id": "w1122310870", "osm_id": "1122310870", "osm_type": "way", "building": "house", "addr:city": null, "roof:shape": null, "addr:street": null, "addr:housenumber": null, "layer": null, "building:levels": null }, "geometry": { "type": "MultiPolygon", "coordinates": [ [ [ [ 92.4073517, 26.4505897 ], [ 92.4072919, 26.4504203 ], [ 92.407413, 26.4503763 ], [ 92.4074211, 26.4505023 ], [ 92.4075166, 26.4504949 ], [ 92.4075151, 26.4505869 ], [ 92.4073517, 26.4505897 ] ] ] ] } },
{ "type": "Feature", "properties": { "full_id": "w1122310871", "osm_id": "1122310871", "osm_type": "way", "building": "house", "addr:city": null, "roof:shape": null, "addr:street": null, "addr:housenumber": null, "layer": null, "building:levels": null }, "geometry": { "type": "MultiPolygon", "coordinates": [ [ [ [ 92.4080696, 26.4499534 ], [ 92.4081698, 26.4499243 ], [ 92.4081691, 26.4498617 ], [ 92.4081738, 26.4496731 ], [ 92.4080741, 26.4497757 ], [ 92.4080696, 26.4499534 ] ] ] ] } },
{ "type": "Feature", "properties": { "full_id": "w1122310872", "osm_id": "1122310872", "osm_type": "way", "building": "house", "addr:city": null, "roof:shape": null, "addr:street": null, "addr:housenumber": null, "layer": null, "building:levels": null }, "geometry": { "type": "MultiPolygon", "coordinates": [ [ [ [ 92.4082646, 26.4498224 ], [ 92.4082646, 26.4497801 ], [ 92.4083086, 26.4497801 ], [ 92.4083086, 26.4498026 ], [ 92.4083627, 26.4498026 ], [ 92.40836, 26.4498369 ], [ 92.4082646, 26.4498224 ] ] ] ] } },
{ "type": "Feature", "properties": { "full_id": "w1122310873", "osm_id": "1122310873", "osm_type": "way", "building": "house", "addr:city": null, "roof:shape": null, "addr:street": null, "addr:housenumber": null, "layer": null, "building:levels": null }, "geometry": { "type": "MultiPolygon", "coordinates": [ [ [ [ 92.4084445, 26.4502062 ], [ 92.4084588, 26.4501072 ], [ 92.4085622, 26.4501081 ], [ 92.4085749, 26.450235 ], [ 92.4084445, 26.4502062 ] ] ] ] } },
{ "type": "Feature", "properties": { "full_id": "w1122310874", "osm_id": "1122310874", "osm_type": "way", "building": "house", "addr:city": null, "roof:shape": null, "addr:street": null, "addr:housenumber": null, "layer": null, "building:levels": null }, "geometry": { "type": "MultiPolygon", "coordinates": [ [ [ [ 92.4083917, 26.4499487 ], [ 92.4084115, 26.4498241 ], [ 92.4086626, 26.4498266 ], [ 92.408661, 26.4499207 ], [ 92.4083917, 26.4499487 ] ] ] ] } },
{ "type": "Feature", "properties": { "full_id": "w1122310875", "osm_id": "1122310875", "osm_type": "way", "building": "house", "addr:city": null, "roof:shape": null, "addr:street": null, "addr:housenumber": null, "layer": null, "building:levels": null }, "geometry": { "type": "MultiPolygon", "coordinates": [ [ [ [ 92.4087053, 26.449623 ], [ 92.4084956, 26.4496107 ], [ 92.4084956, 26.4495134 ], [ 92.4085623, 26.4495099 ], [ 92.4085623, 26.4495493 ], [ 92.408698, 26.449566 ], [ 92.4087053, 26.449623 ] ] ] ] } },
{ "type": "Feature", "properties": { "full_id": "w1122310876", "osm_id": "1122310876", "osm_type": "way", "building": "house", "addr:city": null, "roof:shape": null, "addr:street": null, "addr:housenumber": null, "layer": null, "building:levels": null }, "geometry": { "type": "MultiPolygon", "coordinates": [ [ [ [ 92.4091015, 26.4496071 ], [ 92.4091898, 26.4496146 ], [ 92.4091762, 26.4495268 ], [ 92.4092132, 26.4495304 ], [ 92.4092097, 26.4494705 ], [ 92.409333, 26.4494386 ], [ 92.4093451, 26.4493739 ], [ 92.4088337, 26.4492847 ], [ 92.4088378, 26.4494089 ], [ 92.4091347, 26.4494263 ], [ 92.4091015, 26.4496071 ] ] ] ] } },
{ "type": "Feature", "properties": { "full_id": "w1122310877", "osm_id": "1122310877", "osm_type": "way", "building": "house", "addr:city": null, "roof:shape": null, "addr:street": null, "addr:housenumber": null, "layer": null, "building:levels": null }, "geometry": { "type": "MultiPolygon", "coordinates": [ [ [ [ 92.408062, 26.4489267 ], [ 92.4082161, 26.4489724 ], [ 92.4082442, 26.4488964 ], [ 92.4081814, 26.4488805 ], [ 92.4081554, 26.4489309 ], [ 92.4080973, 26.4489166 ], [ 92.408062, 26.4489267 ] ] ] ] } },
{ "type": "Feature", "properties": { "full_id": "w1122310878", "osm_id": "1122310878", "osm_type": "way", "building": "house", "addr:city": null, "roof:shape": null, "addr:street": null, "addr:housenumber": null, "layer": null, "building:levels": null }, "geometry": { "type": "MultiPolygon", "coordinates": [ [ [ [ 92.4080888, 26.4487857 ], [ 92.4082344, 26.4488203 ], [ 92.408284, 26.4487492 ], [ 92.4082257, 26.4487383 ], [ 92.4082029, 26.4487762 ], [ 92.4081202, 26.4487502 ], [ 92.4080888, 26.4487857 ] ] ] ] } },
{ "type": "Feature", "properties": { "full_id": "w1122310879", "osm_id": "1122310879", "osm_type": "way", "building": "house", "addr:city": null, "roof:shape": null, "addr:street": null, "addr:housenumber": null, "layer": null, "building:levels": null }, "geometry": { "type": "MultiPolygon", "coordinates": [ [ [ [ 92.4081666, 26.4485258 ], [ 92.4082468, 26.4485378 ], [ 92.408249, 26.4484951 ], [ 92.4081733, 26.448477 ], [ 92.4081666, 26.4485258 ] ] ] ] } },
{ "type": "Feature", "properties": { "full_id": "w1122310880", "osm_id": "1122310880", "osm_type": "way", "building": "house", "addr:city": null, "roof:shape": null, "addr:street": null, "addr:housenumber": null, "layer": null, "building:levels": null }, "geometry": { "type": "MultiPolygon", "coordinates": [ [ [ [ 92.408655, 26.4479117 ], [ 92.4085737, 26.4479117 ], [ 92.4085475, 26.4478306 ], [ 92.408707, 26.4478191 ], [ 92.408655, 26.4479117 ] ] ] ] } },
{ "type": "Feature", "properties": { "full_id": "w1122310881", "osm_id": "1122310881", "osm_type": "way", "building": "house", "addr:city": null, "roof:shape": null, "addr:street": null, "addr:housenumber": null, "layer": null, "building:levels": null }, "geometry": { "type": "MultiPolygon", "coordinates": [ [ [ [ 92.4084909, 26.44789 ], [ 92.4084916, 26.4479401 ], [ 92.4084064, 26.4479403 ], [ 92.4084072, 26.4480231 ], [ 92.4083503, 26.4480289 ], [ 92.4083604, 26.4478871 ], [ 92.4084909, 26.44789 ] ] ] ] } },
{ "type": "Feature", "properties": { "full_id": "w1122310882", "osm_id": "1122310882", "osm_type": "way", "building": "house", "addr:city": null, "roof:shape": null, "addr:street": null, "addr:housenumber": null, "layer": null, "building:levels": null }, "geometry": { "type": "MultiPolygon", "coordinates": [ [ [ [ 92.4081838, 26.4480254 ], [ 92.4082936, 26.4480081 ], [ 92.4082936, 26.4479689 ], [ 92.4082593, 26.4479675 ], [ 92.4082104, 26.447967 ], [ 92.4081838, 26.4480254 ] ] ] ] } },
{ "type": "Feature", "properties": { "full_id": "w1122310883", "osm_id": "1122310883", "osm_type": "way", "building": "house", "addr:city": null, "roof:shape": null, "addr:street": null, "addr:housenumber": null, "layer": null, "building:levels": null }, "geometry": { "type": "MultiPolygon", "coordinates": [ [ [ [ 92.4079782, 26.4479843 ], [ 92.4081169, 26.4479863 ], [ 92.4081211, 26.4478905 ], [ 92.4079864, 26.4478544 ], [ 92.4079782, 26.4479843 ] ] ] ] } },
{ "type": "Feature", "properties": { "full_id": "w1122310884", "osm_id": "1122310884", "osm_type": "way", "building": "house", "addr:city": null, "roof:shape": null, "addr:street": null, "addr:housenumber": null, "layer": null, "building:levels": null }, "geometry": { "type": "MultiPolygon", "coordinates": [ [ [ [ 92.4081952, 26.4479275 ], [ 92.4083181, 26.4479234 ], [ 92.4083167, 26.4478922 ], [ 92.4084274, 26.4478199 ], [ 92.4082518, 26.4478152 ], [ 92.4081952, 26.4479275 ] ] ] ] } },
{ "type": "Feature", "properties": { "full_id": "w1122310885", "osm_id": "1122310885", "osm_type": "way", "building": "house", "addr:city": null, "roof:shape": null, "addr:street": null, "addr:housenumber": null, "layer": null, "building:levels": null }, "geometry": { "type": "MultiPolygon", "coordinates": [ [ [ [ 92.4078613, 26.4477812 ], [ 92.4078999, 26.4477052 ], [ 92.4081467, 26.4477411 ], [ 92.4081172, 26.4477775 ], [ 92.4081154, 26.4478391 ], [ 92.4080209, 26.4478328 ], [ 92.4080198, 26.4477813 ], [ 92.4078613, 26.4477812 ] ] ] ] } },
{ "type": "Feature", "properties": { "full_id": "w1122310886", "osm_id": "1122310886", "osm_type": "way", "building": "house", "addr:city": null, "roof:shape": null, "addr:street": null, "addr:housenumber": null, "layer": null, "building:levels": null }, "geometry": { "type": "MultiPolygon", "coordinates": [ [ [ [ 92.4082798, 26.4477908 ], [ 92.4084112, 26.4477992 ], [ 92.4083944, 26.4477533 ], [ 92.4082973, 26.4477568 ], [ 92.4082798, 26.4477908 ] ] ] ] } },
{ "type": "Feature", "properties": { "full_id": "w1122310887", "osm_id": "1122310887", "osm_type": "way", "building": "house", "addr:city": null, "roof:shape": null, "addr:street": null, "addr:housenumber": null, "layer": null, "building:levels": null }, "geometry": { "type": "MultiPolygon", "coordinates": [ [ [ [ 92.4082802, 26.4477077 ], [ 92.4083762, 26.4477065 ], [ 92.4083705, 26.4476313 ], [ 92.4083024, 26.4476279 ], [ 92.4082278, 26.4476062 ], [ 92.4082269, 26.4476397 ], [ 92.4082905, 26.4476654 ], [ 92.4082802, 26.4477077 ] ] ] ] } },
{ "type": "Feature", "properties": { "full_id": "w1122310888", "osm_id": "1122310888", "osm_type": "way", "building": "house", "addr:city": null, "roof:shape": null, "addr:street": null, "addr:housenumber": null, "layer": null, "building:levels": null }, "geometry": { "type": "MultiPolygon", "coordinates": [ [ [ [ 92.408397, 26.4475965 ], [ 92.4082989, 26.4475965 ], [ 92.408303, 26.4475492 ], [ 92.4083931, 26.4475577 ], [ 92.408397, 26.4475965 ] ] ] ] } },
{ "type": "Feature", "properties": { "full_id": "w1122310889", "osm_id": "1122310889", "osm_type": "way", "building": "house", "addr:city": null, "roof:shape": null, "addr:street": null, "addr:housenumber": null, "layer": null, "building:levels": null }, "geometry": { "type": "MultiPolygon", "coordinates": [ [ [ [ 92.4083462, 26.4473314 ], [ 92.4084252, 26.4473332 ], [ 92.4084245, 26.4473079 ], [ 92.4084225, 26.4472605 ], [ 92.4083633, 26.4472605 ], [ 92.4083462, 26.4473314 ] ] ] ] } },
{ "type": "Feature", "properties": { "full_id": "w1122310890", "osm_id": "1122310890", "osm_type": "way", "building": "house", "addr:city": null, "roof:shape": null, "addr:street": null, "addr:housenumber": null, "layer": null, "building:levels": null }, "geometry": { "type": "MultiPolygon", "coordinates": [ [ [ [ 92.4083682, 26.4472121 ], [ 92.4083717, 26.4471745 ], [ 92.4084775, 26.4471902 ], [ 92.4084768, 26.4472372 ], [ 92.4083682, 26.4472121 ] ] ] ] } },
{ "type": "Feature", "properties": { "full_id": "w1122310891", "osm_id": "1122310891", "osm_type": "way", "building": "house", "addr:city": null, "roof:shape": null, "addr:street": null, "addr:housenumber": null, "layer": null, "building:levels": null }, "geometry": { "type": "MultiPolygon", "coordinates": [ [ [ [ 92.4093595, 26.4470054 ], [ 92.4095019, 26.4470285 ], [ 92.4095256, 26.4469404 ], [ 92.4094409, 26.4469181 ], [ 92.4094263, 26.4469762 ], [ 92.4093595, 26.4470054 ] ] ] ] } },
{ "type": "Feature", "properties": { "full_id": "w1122310892", "osm_id": "1122310892", "osm_type": "way", "building": "house", "addr:city": null, "roof:shape": null, "addr:street": null, "addr:housenumber": null, "layer": null, "building:levels": null }, "geometry": { "type": "MultiPolygon", "coordinates": [ [ [ [ 92.4094869, 26.4466693 ], [ 92.4093736, 26.4466568 ], [ 92.4093736, 26.4465997 ], [ 92.4093999, 26.4465391 ], [ 92.4094925, 26.4465449 ], [ 92.4095052, 26.4466229 ], [ 92.4094869, 26.4466693 ] ] ] ] } },
{ "type": "Feature", "properties": { "full_id": "w1122310893", "osm_id": "1122310893", "osm_type": "way", "building": "house", "addr:city": null, "roof:shape": null, "addr:street": null, "addr:housenumber": null, "layer": null, "building:levels": null }, "geometry": { "type": "MultiPolygon", "coordinates": [ [ [ [ 92.4091558, 26.4465722 ], [ 92.4091449, 26.4466305 ], [ 92.4090216, 26.4466414 ], [ 92.4090225, 26.4467038 ], [ 92.4091837, 26.4467209 ], [ 92.4092167, 26.4466718 ], [ 92.409216, 26.4465825 ], [ 92.4091558, 26.4465722 ] ] ] ] } },
{ "type": "Feature", "properties": { "full_id": "w1122310894", "osm_id": "1122310894", "osm_type": "way", "building": "house", "addr:city": null, "roof:shape": null, "addr:street": null, "addr:housenumber": null, "layer": null, "building:levels": null }, "geometry": { "type": "MultiPolygon", "coordinates": [ [ [ [ 92.4087916, 26.4467424 ], [ 92.4087292, 26.446749 ], [ 92.4087285, 26.4466949 ], [ 92.4086444, 26.4466698 ], [ 92.4086523, 26.4466143 ], [ 92.4088049, 26.4466245 ], [ 92.4087916, 26.4467424 ] ] ] ] } },
{ "type": "Feature", "properties": { "full_id": "w1122310897", "osm_id": "1122310897", "osm_type": "way", "building": "house", "addr:city": null, "roof:shape": null, "addr:street": null, "addr:housenumber": null, "layer": null, "building:levels": null }, "geometry": { "type": "MultiPolygon", "coordinates": [ [ [ [ 92.4084264, 26.4443529 ], [ 92.4085089, 26.4443462 ], [ 92.4084972, 26.4442435 ], [ 92.4084331, 26.4442274 ], [ 92.4084264, 26.4443529 ] ] ] ] } },
{ "type": "Feature", "properties": { "full_id": "w1122310898", "osm_id": "1122310898", "osm_type": "way", "building": "house", "addr:city": null, "roof:shape": null, "addr:street": null, "addr:housenumber": null, "layer": null, "building:levels": null }, "geometry": { "type": "MultiPolygon", "coordinates": [ [ [ [ 92.4078327, 26.4445312 ], [ 92.4078386, 26.444456 ], [ 92.407893, 26.4444574 ], [ 92.4078955, 26.4444872 ], [ 92.4078327, 26.4445312 ] ] ] ] } },
{ "type": "Feature", "properties": { "full_id": "w1122310899", "osm_id": "1122310899", "osm_type": "way", "building": "house", "addr:city": null, "roof:shape": null, "addr:street": null, "addr:housenumber": null, "layer": null, "building:levels": null }, "geometry": { "type": "MultiPolygon", "coordinates": [ [ [ [ 92.4079012, 26.4445404 ], [ 92.4079156, 26.4444515 ], [ 92.407986, 26.4444665 ], [ 92.4080404, 26.4444781 ], [ 92.4080234, 26.4445587 ], [ 92.4079012, 26.4445404 ] ] ] ] } },
{ "type": "Feature", "properties": { "full_id": "w1122310900", "osm_id": "1122310900", "osm_type": "way", "building": "house", "addr:city": null, "roof:shape": null, "addr:street": null, "addr:housenumber": null, "layer": null, "building:levels": null }, "geometry": { "type": "MultiPolygon", "coordinates": [ [ [ [ 92.407986, 26.4444665 ], [ 92.4078892, 26.4444319 ], [ 92.4079156, 26.4443939 ], [ 92.4079927, 26.4444281 ], [ 92.407986, 26.4444665 ] ] ] ] } },
{ "type": "Feature", "properties": { "full_id": "w1122310901", "osm_id": "1122310901", "osm_type": "way", "building": "house", "addr:city": null, "roof:shape": null, "addr:street": null, "addr:housenumber": null, "layer": null, "building:levels": null }, "geometry": { "type": "MultiPolygon", "coordinates": [ [ [ [ 92.4083599, 26.4448754 ], [ 92.4083648, 26.4446961 ], [ 92.4084227, 26.4446992 ], [ 92.408421, 26.4447973 ], [ 92.4084748, 26.4448002 ], [ 92.4084755, 26.4448842 ], [ 92.4083599, 26.4448754 ] ] ] ] } },
{ "type": "Feature", "properties": { "full_id": "w1122310902", "osm_id": "1122310902", "osm_type": "way", "building": "house", "addr:city": null, "roof:shape": null, "addr:street": null, "addr:housenumber": null, "layer": null, "building:levels": null }, "geometry": { "type": "MultiPolygon", "coordinates": [ [ [ [ 92.4084952, 26.4447978 ], [ 92.4084803, 26.4446825 ], [ 92.4085314, 26.4446859 ], [ 92.4085646, 26.4447921 ], [ 92.4084952, 26.4447978 ] ] ] ] } },
{ "type": "Feature", "properties": { "full_id": "w1122310903", "osm_id": "1122310903", "osm_type": "way", "building": "house", "addr:city": null, "roof:shape": null, "addr:street": null, "addr:housenumber": null, "layer": null, "building:levels": null }, "geometry": { "type": "MultiPolygon", "coordinates": [ [ [ [ 92.4086373, 26.444823 ], [ 92.4086665, 26.4447522 ], [ 92.4087242, 26.4447611 ], [ 92.4087622, 26.4447623 ], [ 92.408755, 26.4447914 ], [ 92.4086373, 26.444823 ] ] ] ] } },
{ "type": "Feature", "properties": { "full_id": "w1122310904", "osm_id": "1122310904", "osm_type": "way", "building": "house", "addr:city": null, "roof:shape": null, "addr:street": null, "addr:housenumber": null, "layer": null, "building:levels": null }, "geometry": { "type": "MultiPolygon", "coordinates": [ [ [ [ 92.4086698, 26.4446975 ], [ 92.4086577, 26.4446566 ], [ 92.4087197, 26.4446449 ], [ 92.4087328, 26.4446729 ], [ 92.4086698, 26.4446975 ] ] ] ] } },
{ "type": "Feature", "properties": { "full_id": "w1122310905", "osm_id": "1122310905", "osm_type": "way", "building": "house", "addr:city": null, "roof:shape": null, "addr:street": null, "addr:housenumber": null, "layer": null, "building:levels": null }, "geometry": { "type": "MultiPolygon", "coordinates": [ [ [ [ 92.4081677, 26.4446624 ], [ 92.4081745, 26.444607 ], [ 92.408237, 26.4446154 ], [ 92.4082376, 26.444641 ], [ 92.4081677, 26.4446624 ] ] ] ] } },
{ "type": "Feature", "properties": { "full_id": "w1122310906", "osm_id": "1122310906", "osm_type": "way", "building": "house", "addr:city": null, "roof:shape": null, "addr:street": null, "addr:housenumber": null, "layer": null, "building:levels": null }, "geometry": { "type": "MultiPolygon", "coordinates": [ [ [ [ 92.408123, 26.4447891 ], [ 92.408123, 26.4447245 ], [ 92.4082493, 26.444737 ], [ 92.4082446, 26.4447741 ], [ 92.4081566, 26.444785 ], [ 92.408123, 26.4447891 ] ] ] ] } },
{ "type": "Feature", "properties": { "full_id": "w1122310907", "osm_id": "1122310907", "osm_type": "way", "building": "house", "addr:city": null, "roof:shape": null, "addr:street": null, "addr:housenumber": null, "layer": null, "building:levels": null }, "geometry": { "type": "MultiPolygon", "coordinates": [ [ [ [ 92.4081518, 26.4448178 ], [ 92.4081566, 26.444785 ], [ 92.4082396, 26.4447927 ], [ 92.4082319, 26.4448263 ], [ 92.4081518, 26.4448178 ] ] ] ] } },
{ "type": "Feature", "properties": { "full_id": "w1122310908", "osm_id": "1122310908", "osm_type": "way", "building": "house", "addr:city": null, "roof:shape": null, "addr:street": null, "addr:housenumber": null, "layer": null, "building:levels": null }, "geometry": { "type": "MultiPolygon", "coordinates": [ [ [ [ 92.4081446, 26.444885 ], [ 92.4081446, 26.4448411 ], [ 92.4082482, 26.4448604 ], [ 92.4082306, 26.4449757 ], [ 92.4081446, 26.444885 ] ] ] ] } },
{ "type": "Feature", "properties": { "full_id": "w1122310909", "osm_id": "1122310909", "osm_type": "way", "building": "house", "addr:city": null, "roof:shape": null, "addr:street": null, "addr:housenumber": null, "layer": null, "building:levels": null }, "geometry": { "type": "MultiPolygon", "coordinates": [ [ [ [ 92.4086297, 26.4456513 ], [ 92.408636, 26.4455119 ], [ 92.4087011, 26.4455174 ], [ 92.4086752, 26.4456327 ], [ 92.4087335, 26.4456509 ], [ 92.4086297, 26.4456513 ] ] ] ] } },
{ "type": "Feature", "properties": { "full_id": "w1122310910", "osm_id": "1122310910", "osm_type": "way", "building": "house", "addr:city": null, "roof:shape": null, "addr:street": null, "addr:housenumber": null, "layer": null, "building:levels": null }, "geometry": { "type": "MultiPolygon", "coordinates": [ [ [ [ 92.4082219, 26.445288 ], [ 92.4082219, 26.445223 ], [ 92.4083724, 26.4452406 ], [ 92.4083928, 26.4452883 ], [ 92.4082219, 26.445288 ] ] ] ] } },
{ "type": "Feature", "properties": { "full_id": "w1122310911", "osm_id": "1122310911", "osm_type": "way", "building": "house", "addr:city": null, "roof:shape": null, "addr:street": null, "addr:housenumber": null, "layer": null, "building:levels": null }, "geometry": { "type": "MultiPolygon", "coordinates": [ [ [ [ 92.4090741, 26.4480512 ], [ 92.4090748, 26.4479645 ], [ 92.4092152, 26.4479414 ], [ 92.4092336, 26.448047 ], [ 92.4090741, 26.4480512 ] ] ] ] } },
{ "type": "Feature", "properties": { "full_id": "w1122310912", "osm_id": "1122310912", "osm_type": "way", "building": "house", "addr:city": null, "roof:shape": null, "addr:street": null, "addr:housenumber": null, "layer": null, "building:levels": null }, "geometry": { "type": "MultiPolygon", "coordinates": [ [ [ [ 92.40926, 26.4520897 ], [ 92.40926, 26.4520365 ], [ 92.4093346, 26.4520292 ], [ 92.4093382, 26.4520786 ], [ 92.40926, 26.4520897 ] ] ] ] } },
{ "type": "Feature", "properties": { "full_id": "w1122310913", "osm_id": "1122310913", "osm_type": "way", "building": "house", "addr:city": null, "roof:shape": null, "addr:street": null, "addr:housenumber": null, "layer": null, "building:levels": null }, "geometry": { "type": "MultiPolygon", "coordinates": [ [ [ [ 92.4092823, 26.4521788 ], [ 92.4092817, 26.4521412 ], [ 92.4093732, 26.4521412 ], [ 92.4093468, 26.4521737 ], [ 92.4092823, 26.4521788 ] ] ] ] } },
{ "type": "Feature", "properties": { "full_id": "w1122310914", "osm_id": "1122310914", "osm_type": "way", "building": "house", "addr:city": null, "roof:shape": null, "addr:street": null, "addr:housenumber": null, "layer": null, "building:levels": null }, "geometry": { "type": "MultiPolygon", "coordinates": [ [ [ [ 92.4092945, 26.4522487 ], [ 92.4092952, 26.4521938 ], [ 92.4093241, 26.4521938 ], [ 92.4093332, 26.4522495 ], [ 92.4092945, 26.4522487 ] ] ] ] } },
{ "type": "Feature", "properties": { "full_id": "w1122310915", "osm_id": "1122310915", "osm_type": "way", "building": "house", "addr:city": null, "roof:shape": null, "addr:street": null, "addr:housenumber": null, "layer": null, "building:levels": null }, "geometry": { "type": "MultiPolygon", "coordinates": [ [ [ [ 92.4093196, 26.4524657 ], [ 92.4093172, 26.4523915 ], [ 92.4092782, 26.452392 ], [ 92.4092804, 26.4523347 ], [ 92.409408, 26.4523191 ], [ 92.4094177, 26.4524829 ], [ 92.4093196, 26.4524657 ] ] ] ] } },
{ "type": "Feature", "properties": { "full_id": "w1122310916", "osm_id": "1122310916", "osm_type": "way", "building": "house", "addr:city": null, "roof:shape": null, "addr:street": null, "addr:housenumber": null, "layer": null, "building:levels": null }, "geometry": { "type": "MultiPolygon", "coordinates": [ [ [ [ 92.4089105, 26.4526527 ], [ 92.4087999, 26.4526561 ], [ 92.408797, 26.4525812 ], [ 92.4089077, 26.4525778 ], [ 92.4089105, 26.4526527 ] ] ] ] } },
{ "type": "Feature", "properties": { "full_id": "w1122310917", "osm_id": "1122310917", "osm_type": "way", "building": "house", "addr:city": null, "roof:shape": null, "addr:street": null, "addr:housenumber": null, "layer": null, "building:levels": null }, "geometry": { "type": "MultiPolygon", "coordinates": [ [ [ [ 92.4090466, 26.452363 ], [ 92.4090457, 26.4524344 ], [ 92.408925, 26.4524332 ], [ 92.4089259, 26.4523618 ], [ 92.4090466, 26.452363 ] ] ] ] } },
{ "type": "Feature", "properties": { "full_id": "w1122310918", "osm_id": "1122310918", "osm_type": "way", "building": "house", "addr:city": null, "roof:shape": null, "addr:street": null, "addr:housenumber": null, "layer": null, "building:levels": null }, "geometry": { "type": "MultiPolygon", "coordinates": [ [ [ [ 92.4087695, 26.4524282 ], [ 92.4086256, 26.4524289 ], [ 92.4086252, 26.4523687 ], [ 92.4087691, 26.452368 ], [ 92.4087695, 26.4524282 ] ] ] ] } },
{ "type": "Feature", "properties": { "full_id": "w1122310919", "osm_id": "1122310919", "osm_type": "way", "building": "house", "addr:city": null, "roof:shape": null, "addr:street": null, "addr:housenumber": null, "layer": null, "building:levels": null }, "geometry": { "type": "MultiPolygon", "coordinates": [ [ [ [ 92.4087381, 26.4525742 ], [ 92.4085975, 26.4525756 ], [ 92.4085965, 26.452494 ], [ 92.4087371, 26.4524926 ], [ 92.4087381, 26.4525742 ] ] ] ] } },
{ "type": "Feature", "properties": { "full_id": "w1122310920", "osm_id": "1122310920", "osm_type": "way", "building": "house", "addr:city": null, "roof:shape": null, "addr:street": null, "addr:housenumber": null, "layer": null, "building:levels": null }, "geometry": { "type": "MultiPolygon", "coordinates": [ [ [ [ 92.4085667, 26.4526227 ], [ 92.4085131, 26.45262 ], [ 92.4085186, 26.4525334 ], [ 92.4085722, 26.4525362 ], [ 92.4085667, 26.4526227 ] ] ] ] } },
{ "type": "Feature", "properties": { "full_id": "w1122310921", "osm_id": "1122310921", "osm_type": "way", "building": "house", "addr:city": null, "roof:shape": null, "addr:street": null, "addr:housenumber": null, "layer": null, "building:levels": null }, "geometry": { "type": "MultiPolygon", "coordinates": [ [ [ [ 92.408504, 26.4528066 ], [ 92.4084651, 26.4528042 ], [ 92.4084668, 26.4527811 ], [ 92.4085058, 26.4527835 ], [ 92.408504, 26.4528066 ] ] ] ] } },
{ "type": "Feature", "properties": { "full_id": "w1122310922", "osm_id": "1122310922", "osm_type": "way", "building": "house", "addr:city": null, "roof:shape": null, "addr:street": null, "addr:housenumber": null, "layer": null, "building:levels": null }, "geometry": { "type": "MultiPolygon", "coordinates": [ [ [ [ 92.4084857, 26.4527554 ], [ 92.4084402, 26.4527571 ], [ 92.4084388, 26.4527271 ], [ 92.4084842, 26.4527254 ], [ 92.4084857, 26.4527554 ] ] ] ] } },
{ "type": "Feature", "properties": { "full_id": "w1122310923", "osm_id": "1122310923", "osm_type": "way", "building": "house", "addr:city": null, "roof:shape": null, "addr:street": null, "addr:housenumber": null, "layer": null, "building:levels": null }, "geometry": { "type": "MultiPolygon", "coordinates": [ [ [ [ 92.4084384, 26.452507 ], [ 92.408319, 26.4525059 ], [ 92.4083196, 26.4524578 ], [ 92.4084389, 26.4524589 ], [ 92.4084384, 26.452507 ] ] ] ] } },
{ "type": "Feature", "properties": { "full_id": "w1122310924", "osm_id": "1122310924", "osm_type": "way", "building": "house", "addr:city": null, "roof:shape": null, "addr:street": null, "addr:housenumber": null, "layer": null, "building:levels": null }, "geometry": { "type": "MultiPolygon", "coordinates": [ [ [ [ 92.4083194, 26.452624 ], [ 92.4083632, 26.4526251 ], [ 92.4083664, 26.4525254 ], [ 92.4083226, 26.4525243 ], [ 92.4083194, 26.452624 ] ] ] ] } },
{ "type": "Feature", "properties": { "full_id": "w1122310925", "osm_id": "1122310925", "osm_type": "way", "building": "house", "addr:city": null, "roof:shape": null, "addr:street": null, "addr:housenumber": null, "layer": null, "building:levels": null }, "geometry": { "type": "MultiPolygon", "coordinates": [ [ [ [ 92.4083132, 26.4526195 ], [ 92.4082263, 26.4526172 ], [ 92.4082296, 26.4525161 ], [ 92.4083165, 26.4525184 ], [ 92.4083132, 26.4526195 ] ] ] ] } },
{ "type": "Feature", "properties": { "full_id": "w1122310926", "osm_id": "1122310926", "osm_type": "way", "building": "house", "addr:city": null, "roof:shape": null, "addr:street": null, "addr:housenumber": null, "layer": null, "building:levels": null }, "geometry": { "type": "MultiPolygon", "coordinates": [ [ [ [ 92.4052015, 26.4501766 ], [ 92.4052161, 26.4501089 ], [ 92.4052825, 26.4501204 ], [ 92.4052679, 26.4501881 ], [ 92.4052015, 26.4501766 ] ] ] ] } },
{ "type": "Feature", "properties": { "full_id": "w1122310927", "osm_id": "1122310927", "osm_type": "way", "building": "house", "addr:city": null, "roof:shape": null, "addr:street": null, "addr:housenumber": null, "layer": null, "building:levels": null }, "geometry": { "type": "MultiPolygon", "coordinates": [ [ [ [ 92.4053058, 26.4502625 ], [ 92.4053148, 26.4502077 ], [ 92.4053735, 26.4502154 ], [ 92.4053645, 26.4502703 ], [ 92.4053058, 26.4502625 ] ] ] ] } },
{ "type": "Feature", "properties": { "full_id": "w1122310928", "osm_id": "1122310928", "osm_type": "way", "building": "house", "addr:city": null, "roof:shape": null, "addr:street": null, "addr:housenumber": null, "layer": null, "building:levels": null }, "geometry": { "type": "MultiPolygon", "coordinates": [ [ [ [ 92.4054553, 26.450335 ], [ 92.4054702, 26.4502112 ], [ 92.4055359, 26.4502175 ], [ 92.4055295, 26.4502709 ], [ 92.405521, 26.4503414 ], [ 92.4054553, 26.450335 ] ] ] ] } },
{ "type": "Feature", "properties": { "full_id": "w1122310929", "osm_id": "1122310929", "osm_type": "way", "building": "house", "addr:city": null, "roof:shape": null, "addr:street": null, "addr:housenumber": null, "layer": null, "building:levels": null }, "geometry": { "type": "MultiPolygon", "coordinates": [ [ [ [ 92.4055295, 26.4502709 ], [ 92.4055381, 26.4501992 ], [ 92.4055938, 26.4502046 ], [ 92.4055852, 26.4502763 ], [ 92.4055295, 26.4502709 ] ] ] ] } },
{ "type": "Feature", "properties": { "full_id": "w1122310930", "osm_id": "1122310930", "osm_type": "way", "building": "house", "addr:city": null, "roof:shape": null, "addr:street": null, "addr:housenumber": null, "layer": null, "building:levels": null }, "geometry": { "type": "MultiPolygon", "coordinates": [ [ [ [ 92.4057173, 26.4501761 ], [ 92.4057236, 26.45012 ], [ 92.4057475, 26.4501221 ], [ 92.4058036, 26.4501272 ], [ 92.4057986, 26.4501713 ], [ 92.4058237, 26.4501735 ], [ 92.4058191, 26.450215 ], [ 92.4057636, 26.4502101 ], [ 92.4057669, 26.4501806 ], [ 92.4057173, 26.4501761 ] ] ] ] } },
{ "type": "Feature", "properties": { "full_id": "w1122310931", "osm_id": "1122310931", "osm_type": "way", "building": "house", "addr:city": null, "roof:shape": null, "addr:street": null, "addr:housenumber": null, "layer": null, "building:levels": null }, "geometry": { "type": "MultiPolygon", "coordinates": [ [ [ [ 92.406253, 26.4502751 ], [ 92.4061706, 26.4502746 ], [ 92.4061382, 26.4502381 ], [ 92.4062497, 26.4502306 ], [ 92.406253, 26.4502751 ] ] ] ] } },
{ "type": "Feature", "properties": { "full_id": "w1122436276", "osm_id": "1122436276", "osm_type": "way", "building": "house", "addr:city": null, "roof:shape": null, "addr:street": null, "addr:housenumber": null, "layer": null, "building:levels": null }, "geometry": { "type": "MultiPolygon", "coordinates": [ [ [ [ 92.3920486, 26.4024092 ], [ 92.3920067, 26.4024069 ], [ 92.3920096, 26.4023659 ], [ 92.3920514, 26.4023682 ], [ 92.3920486, 26.4024092 ] ] ] ] } },
{ "type": "Feature", "properties": { "full_id": "w1122436286", "osm_id": "1122436286", "osm_type": "way", "building": "house", "addr:city": null, "roof:shape": null, "addr:street": null, "addr:housenumber": null, "layer": null, "building:levels": null }, "geometry": { "type": "MultiPolygon", "coordinates": [ [ [ [ 92.3911731, 26.4044687 ], [ 92.3912248, 26.4044676 ], [ 92.3912225, 26.4043793 ], [ 92.3911708, 26.4043804 ], [ 92.3911731, 26.4044687 ] ] ] ] } },
{ "type": "Feature", "properties": { "full_id": "w1122438438", "osm_id": "1122438438", "osm_type": "way", "building": "house", "addr:city": null, "roof:shape": null, "addr:street": null, "addr:housenumber": null, "layer": null, "building:levels": null }, "geometry": { "type": "MultiPolygon", "coordinates": [ [ [ [ 92.3919441, 26.4026703 ], [ 92.3919502, 26.4027382 ], [ 92.3919895, 26.4027354 ], [ 92.3919834, 26.4026675 ], [ 92.3919441, 26.4026703 ] ] ] ] } },
{ "type": "Feature", "properties": { "full_id": "w1150749425", "osm_id": "1150749425", "osm_type": "way", "building": "house", "addr:city": null, "roof:shape": null, "addr:street": null, "addr:housenumber": null, "layer": null, "building:levels": null }, "geometry": { "type": "MultiPolygon", "coordinates": [ [ [ [ 92.3833965, 26.4455913 ], [ 92.3834213, 26.445564 ], [ 92.3834514, 26.4455311 ], [ 92.383328, 26.4454409 ], [ 92.3832987, 26.445473 ], [ 92.3832731, 26.4455011 ], [ 92.3833965, 26.4455913 ] ] ] ] } },
{ "type": "Feature", "properties": { "full_id": "w1150749426", "osm_id": "1150749426", "osm_type": "way", "building": "house", "addr:city": null, "roof:shape": null, "addr:street": null, "addr:housenumber": null, "layer": null, "building:levels": null }, "geometry": { "type": "MultiPolygon", "coordinates": [ [ [ [ 92.3813804, 26.4440646 ], [ 92.3813395, 26.4441208 ], [ 92.3814421, 26.4441807 ], [ 92.381483, 26.4441245 ], [ 92.3813804, 26.4440646 ] ] ] ] } },
{ "type": "Feature", "properties": { "full_id": "w1150765303", "osm_id": "1150765303", "osm_type": "way", "building": "house", "addr:city": null, "roof:shape": null, "addr:street": null, "addr:housenumber": null, "layer": null, "building:levels": null }, "geometry": { "type": "MultiPolygon", "coordinates": [ [ [ [ 92.3830384, 26.4452605 ], [ 92.3829846, 26.445223 ], [ 92.3830234, 26.4451784 ], [ 92.3829898, 26.445155 ], [ 92.3829223, 26.4452325 ], [ 92.3830097, 26.4452935 ], [ 92.3830384, 26.4452605 ] ] ] ] } },
{ "type": "Feature", "properties": { "full_id": "w1150765305", "osm_id": "1150765305", "osm_type": "way", "building": "house", "addr:city": null, "roof:shape": null, "addr:street": null, "addr:housenumber": null, "layer": null, "building:levels": null }, "geometry": { "type": "MultiPolygon", "coordinates": [ [ [ [ 92.3821976, 26.44515 ], [ 92.3821014, 26.4450781 ], [ 92.3821478, 26.4450284 ], [ 92.382244, 26.4451003 ], [ 92.3821976, 26.44515 ] ] ] ] } },
{ "type": "Feature", "properties": { "full_id": "w1150937141", "osm_id": "1150937141", "osm_type": "way", "building": "house", "addr:city": null, "roof:shape": null, "addr:street": null, "addr:housenumber": null, "layer": null, "building:levels": null }, "geometry": { "type": "MultiPolygon", "coordinates": [ [ [ [ 92.3819331, 26.4448343 ], [ 92.3818112, 26.4447486 ], [ 92.3818678, 26.444684 ], [ 92.3819055, 26.4447105 ], [ 92.3819175, 26.4446968 ], [ 92.3819574, 26.4447249 ], [ 92.3819461, 26.4447378 ], [ 92.3819904, 26.4447689 ], [ 92.3819331, 26.4448343 ] ] ] ] } },
{ "type": "Feature", "properties": { "full_id": "w1150937142", "osm_id": "1150937142", "osm_type": "way", "building": "house", "addr:city": null, "roof:shape": null, "addr:street": null, "addr:housenumber": null, "layer": null, "building:levels": null }, "geometry": { "type": "MultiPolygon", "coordinates": [ [ [ [ 92.3815841, 26.4440992 ], [ 92.3816179, 26.4440623 ], [ 92.3815532, 26.4440146 ], [ 92.3815193, 26.4440515 ], [ 92.3815841, 26.4440992 ] ] ] ] } },
{ "type": "Feature", "properties": { "full_id": "w1150937143", "osm_id": "1150937143", "osm_type": "way", "building": "house", "addr:city": null, "roof:shape": null, "addr:street": null, "addr:housenumber": null, "layer": null, "building:levels": null }, "geometry": { "type": "MultiPolygon", "coordinates": [ [ [ [ 92.3801787, 26.4430236 ], [ 92.3802911, 26.4431146 ], [ 92.3803419, 26.4430643 ], [ 92.3801921, 26.442943 ], [ 92.3801581, 26.4429767 ], [ 92.3801955, 26.4430069 ], [ 92.3801787, 26.4430236 ] ] ] ] } },
{ "type": "Feature", "properties": { "full_id": "w1150937144", "osm_id": "1150937144", "osm_type": "way", "building": "house", "addr:city": null, "roof:shape": null, "addr:street": null, "addr:housenumber": null, "layer": null, "building:levels": null }, "geometry": { "type": "MultiPolygon", "coordinates": [ [ [ [ 92.3793215, 26.4413508 ], [ 92.3793492, 26.4413101 ], [ 92.379422, 26.4413499 ], [ 92.3793943, 26.4413906 ], [ 92.3793215, 26.4413508 ] ] ] ] } },
{ "type": "Feature", "properties": { "full_id": "w1150937145", "osm_id": "1150937145", "osm_type": "way", "building": "house", "addr:city": null, "roof:shape": null, "addr:street": null, "addr:housenumber": null, "layer": null, "building:levels": null }, "geometry": { "type": "MultiPolygon", "coordinates": [ [ [ [ 92.3789827, 26.4412832 ], [ 92.379134, 26.4413721 ], [ 92.3791655, 26.4413291 ], [ 92.3790142, 26.4412402 ], [ 92.3789827, 26.4412832 ] ] ] ] } },
{ "type": "Feature", "properties": { "full_id": "w1150937148", "osm_id": "1150937148", "osm_type": "way", "building": "house", "addr:city": null, "roof:shape": null, "addr:street": null, "addr:housenumber": null, "layer": null, "building:levels": null }, "geometry": { "type": "MultiPolygon", "coordinates": [ [ [ [ 92.3786159, 26.4421883 ], [ 92.3786423, 26.4422031 ], [ 92.3786959, 26.4421265 ], [ 92.3786694, 26.4421117 ], [ 92.3786159, 26.4421883 ] ] ] ] } },
{ "type": "Feature", "properties": { "full_id": "w1150937150", "osm_id": "1150937150", "osm_type": "way", "building": "house", "addr:city": null, "roof:shape": null, "addr:street": null, "addr:housenumber": null, "layer": null, "building:levels": null }, "geometry": { "type": "MultiPolygon", "coordinates": [ [ [ [ 92.3788186, 26.4422489 ], [ 92.3787793, 26.4422209 ], [ 92.3787979, 26.4422001 ], [ 92.3788371, 26.4422281 ], [ 92.3788186, 26.4422489 ] ] ] ] } },
{ "type": "Feature", "properties": { "full_id": "w1150937151", "osm_id": "1150937151", "osm_type": "way", "building": "house", "addr:city": null, "roof:shape": null, "addr:street": null, "addr:housenumber": null, "layer": null, "building:levels": null }, "geometry": { "type": "MultiPolygon", "coordinates": [ [ [ [ 92.3789215, 26.4423264 ], [ 92.3788923, 26.442303 ], [ 92.3789126, 26.4422826 ], [ 92.3789418, 26.442306 ], [ 92.3789215, 26.4423264 ] ] ] ] } },
{ "type": "Feature", "properties": { "full_id": "w1150937154", "osm_id": "1150937154", "osm_type": "way", "building": "house", "addr:city": null, "roof:shape": null, "addr:street": null, "addr:housenumber": null, "layer": null, "building:levels": null }, "geometry": { "type": "MultiPolygon", "coordinates": [ [ [ [ 92.3814645, 26.4450719 ], [ 92.3815741, 26.4449817 ], [ 92.381634, 26.44504 ], [ 92.3815245, 26.4451302 ], [ 92.3814645, 26.4450719 ] ] ] ] } },
{ "type": "Feature", "properties": { "full_id": "w1150937155", "osm_id": "1150937155", "osm_type": "way", "building": "house", "addr:city": null, "roof:shape": null, "addr:street": null, "addr:housenumber": null, "layer": null, "building:levels": null }, "geometry": { "type": "MultiPolygon", "coordinates": [ [ [ [ 92.3824672, 26.4459766 ], [ 92.3823984, 26.4458955 ], [ 92.3824406, 26.4458669 ], [ 92.3825094, 26.4459479 ], [ 92.3824672, 26.4459766 ] ] ] ] } },
{ "type": "Feature", "properties": { "full_id": "w1150937157", "osm_id": "1150937157", "osm_type": "way", "building": "house", "addr:city": null, "roof:shape": null, "addr:street": null, "addr:housenumber": null, "layer": null, "building:levels": null }, "geometry": { "type": "MultiPolygon", "coordinates": [ [ [ [ 92.3805097, 26.4448363 ], [ 92.3804493, 26.4447867 ], [ 92.3804861, 26.4447508 ], [ 92.3805465, 26.4448004 ], [ 92.3805097, 26.4448363 ] ] ] ] } },
{ "type": "Feature", "properties": { "full_id": "w1150937158", "osm_id": "1150937158", "osm_type": "way", "building": "house", "addr:city": null, "roof:shape": null, "addr:street": null, "addr:housenumber": null, "layer": null, "building:levels": null }, "geometry": { "type": "MultiPolygon", "coordinates": [ [ [ [ 92.3806246, 26.444935 ], [ 92.3805433, 26.4448675 ], [ 92.3805737, 26.4448381 ], [ 92.380655, 26.4449056 ], [ 92.3806246, 26.444935 ] ] ] ] } },
{ "type": "Feature", "properties": { "full_id": "w1150937159", "osm_id": "1150937159", "osm_type": "way", "building": "house", "addr:city": null, "roof:shape": null, "addr:street": null, "addr:housenumber": null, "layer": null, "building:levels": null }, "geometry": { "type": "MultiPolygon", "coordinates": [ [ [ [ 92.37958, 26.4418927 ], [ 92.3796496, 26.4418135 ], [ 92.379692, 26.4418434 ], [ 92.3796225, 26.4419226 ], [ 92.37958, 26.4418927 ] ] ] ] } },
{ "type": "Feature", "properties": { "full_id": "w1151011895", "osm_id": "1151011895", "osm_type": "way", "building": "house", "addr:city": null, "roof:shape": null, "addr:street": null, "addr:housenumber": null, "layer": null, "building:levels": null }, "geometry": { "type": "MultiPolygon", "coordinates": [ [ [ [ 92.3812513, 26.441381 ], [ 92.3812853, 26.4413084 ], [ 92.3814317, 26.4413634 ], [ 92.3813977, 26.441436 ], [ 92.3812513, 26.441381 ] ] ] ] } },
{ "type": "Feature", "properties": { "full_id": "w1151011896", "osm_id": "1151011896", "osm_type": "way", "building": "house", "addr:city": null, "roof:shape": null, "addr:street": null, "addr:housenumber": null, "layer": null, "building:levels": null }, "geometry": { "type": "MultiPolygon", "coordinates": [ [ [ [ 92.3808414, 26.4412649 ], [ 92.3807473, 26.4411942 ], [ 92.3808027, 26.4411351 ], [ 92.3808968, 26.4412058 ], [ 92.3808414, 26.4412649 ] ] ] ] } },
{ "type": "Feature", "properties": { "full_id": "w1199457912", "osm_id": "1199457912", "osm_type": "way", "building": "house", "addr:city": null, "roof:shape": "gabled", "addr:street": "Raj Bhavan", "addr:housenumber": "123", "layer": null, "building:levels": null }, "geometry": { "type": "MultiPolygon", "coordinates": [ [ [ [ 92.4491337, 26.4763507 ], [ 92.4492032, 26.4763519 ], [ 92.4492045, 26.4762802 ], [ 92.4491351, 26.4762792 ], [ 92.4491337, 26.4763507 ] ] ] ] } },
{ "type": "Feature", "properties": { "full_id": "w1208746870", "osm_id": "1208746870", "osm_type": "way", "building": "house", "addr:city": null, "roof:shape": null, "addr:street": null, "addr:housenumber": null, "layer": null, "building:levels": null }, "geometry": { "type": "MultiPolygon", "coordinates": [ [ [ [ 92.2583088, 26.389805 ], [ 92.2583694, 26.3898183 ], [ 92.2583839, 26.3897656 ], [ 92.2583233, 26.3897523 ], [ 92.2583088, 26.389805 ] ] ] ] } },
{ "type": "Feature", "properties": { "full_id": "w1208746871", "osm_id": "1208746871", "osm_type": "way", "building": "house", "addr:city": null, "roof:shape": null, "addr:street": null, "addr:housenumber": null, "layer": null, "building:levels": null }, "geometry": { "type": "MultiPolygon", "coordinates": [ [ [ [ 92.2582731, 26.3895616 ], [ 92.2582919, 26.3894975 ], [ 92.25842, 26.3895276 ], [ 92.2584013, 26.3895916 ], [ 92.2582731, 26.3895616 ] ] ] ] } },
{ "type": "Feature", "properties": { "full_id": "w1208746873", "osm_id": "1208746873", "osm_type": "way", "building": "house", "addr:city": null, "roof:shape": null, "addr:street": null, "addr:housenumber": null, "layer": null, "building:levels": null }, "geometry": { "type": "MultiPolygon", "coordinates": [ [ [ [ 92.2583718, 26.3891613 ], [ 92.2584584, 26.3891746 ], [ 92.2584684, 26.3891222 ], [ 92.2583817, 26.389109 ], [ 92.2583718, 26.3891613 ] ] ] ] } },
{ "type": "Feature", "properties": { "full_id": "w1208746874", "osm_id": "1208746874", "osm_type": "way", "building": "house", "addr:city": null, "roof:shape": null, "addr:street": null, "addr:housenumber": null, "layer": null, "building:levels": null }, "geometry": { "type": "MultiPolygon", "coordinates": [ [ [ [ 92.2581968, 26.3891167 ], [ 92.2582589, 26.389129 ], [ 92.2582704, 26.3890822 ], [ 92.2582083, 26.38907 ], [ 92.2581968, 26.3891167 ] ] ] ] } },
{ "type": "Feature", "properties": { "full_id": "w1208746876", "osm_id": "1208746876", "osm_type": "way", "building": "house", "addr:city": null, "roof:shape": null, "addr:street": null, "addr:housenumber": null, "layer": null, "building:levels": null }, "geometry": { "type": "MultiPolygon", "coordinates": [ [ [ [ 92.2584397, 26.3900695 ], [ 92.2585426, 26.3900865 ], [ 92.2585523, 26.3900394 ], [ 92.2584494, 26.3900224 ], [ 92.2584397, 26.3900695 ] ] ] ] } },
{ "type": "Feature", "properties": { "full_id": "w1224677451", "osm_id": "1224677451", "osm_type": "way", "building": "house", "addr:city": null, "roof:shape": null, "addr:street": null, "addr:housenumber": null, "layer": null, "building:levels": null }, "geometry": { "type": "MultiPolygon", "coordinates": [ [ [ [ 92.0379577, 26.4370234 ], [ 92.038124, 26.4372959 ], [ 92.0381736, 26.4373435 ], [ 92.0382125, 26.437334 ], [ 92.0382656, 26.437353 ], [ 92.0384673, 26.4372389 ], [ 92.0384178, 26.4371026 ], [ 92.0382125, 26.4368428 ], [ 92.037947, 26.4369917 ], [ 92.0379577, 26.4370234 ] ] ] ] } },
{ "type": "Feature", "properties": { "full_id": "w1227581206", "osm_id": "1227581206", "osm_type": "way", "building": "house", "addr:city": null, "roof:shape": null, "addr:street": null, "addr:housenumber": null, "layer": null, "building:levels": null }, "geometry": { "type": "MultiPolygon", "coordinates": [ [ [ [ 92.4077631, 26.4124767 ], [ 92.4078395, 26.4124822 ], [ 92.4078483, 26.412384 ], [ 92.4077718, 26.4123786 ], [ 92.4077631, 26.4124767 ] ] ] ] } },
{ "type": "Feature", "properties": { "full_id": "w1227581207", "osm_id": "1227581207", "osm_type": "way", "building": "house", "addr:city": null, "roof:shape": null, "addr:street": null, "addr:housenumber": null, "layer": null, "building:levels": null }, "geometry": { "type": "MultiPolygon", "coordinates": [ [ [ [ 92.4087637, 26.4123092 ], [ 92.4088982, 26.4123235 ], [ 92.4089153, 26.412194 ], [ 92.4087809, 26.4121797 ], [ 92.4087637, 26.4123092 ] ] ] ] } },
{ "type": "Feature", "properties": { "full_id": "w1227581478", "osm_id": "1227581478", "osm_type": "way", "building": "house", "addr:city": null, "roof:shape": null, "addr:street": null, "addr:housenumber": null, "layer": null, "building:levels": null }, "geometry": { "type": "MultiPolygon", "coordinates": [ [ [ [ 92.4075902, 26.4120678 ], [ 92.4076637, 26.4120777 ], [ 92.4076753, 26.4120088 ], [ 92.4076331, 26.4120032 ], [ 92.4076268, 26.4120408 ], [ 92.4075955, 26.4120366 ], [ 92.4075902, 26.4120678 ] ] ] ] } },
{ "type": "Feature", "properties": { "full_id": "w1227581479", "osm_id": "1227581479", "osm_type": "way", "building": "house", "addr:city": null, "roof:shape": null, "addr:street": null, "addr:housenumber": null, "layer": null, "building:levels": null }, "geometry": { "type": "MultiPolygon", "coordinates": [ [ [ [ 92.4074992, 26.4117063 ], [ 92.4076035, 26.4117057 ], [ 92.4076031, 26.4116444 ], [ 92.4074988, 26.411645 ], [ 92.4074992, 26.4117063 ] ] ] ] } },
{ "type": "Feature", "properties": { "full_id": "w1227581480", "osm_id": "1227581480", "osm_type": "way", "building": "house", "addr:city": null, "roof:shape": null, "addr:street": null, "addr:housenumber": null, "layer": null, "building:levels": null }, "geometry": { "type": "MultiPolygon", "coordinates": [ [ [ [ 92.407886, 26.4119581 ], [ 92.4079718, 26.4119665 ], [ 92.4079857, 26.4118523 ], [ 92.4079, 26.411844 ], [ 92.407886, 26.4119581 ] ] ] ] } },
{ "type": "Feature", "properties": { "full_id": "w1227581481", "osm_id": "1227581481", "osm_type": "way", "building": "house", "addr:city": null, "roof:shape": null, "addr:street": null, "addr:housenumber": null, "layer": null, "building:levels": null }, "geometry": { "type": "MultiPolygon", "coordinates": [ [ [ [ 92.4081791, 26.4118858 ], [ 92.4082644, 26.4118925 ], [ 92.4082708, 26.4118277 ], [ 92.4081855, 26.411821 ], [ 92.4081791, 26.4118858 ] ] ] ] } },
{ "type": "Feature", "properties": { "full_id": "w1227581482", "osm_id": "1227581482", "osm_type": "way", "building": "house", "addr:city": null, "roof:shape": null, "addr:street": null, "addr:housenumber": null, "layer": null, "building:levels": null }, "geometry": { "type": "MultiPolygon", "coordinates": [ [ [ [ 92.4082744, 26.4118147 ], [ 92.4083997, 26.4118285 ], [ 92.4084074, 26.4117727 ], [ 92.4082821, 26.4117588 ], [ 92.4082744, 26.4118147 ] ] ] ] } },
{ "type": "Feature", "properties": { "full_id": "w1227581708", "osm_id": "1227581708", "osm_type": "way", "building": "house", "addr:city": null, "roof:shape": null, "addr:street": null, "addr:housenumber": null, "layer": null, "building:levels": null }, "geometry": { "type": "MultiPolygon", "coordinates": [ [ [ [ 92.4075671, 26.4123284 ], [ 92.4076065, 26.4123269 ], [ 92.4076047, 26.4122885 ], [ 92.4075653, 26.41229 ], [ 92.4075671, 26.4123284 ] ] ] ] } },
{ "type": "Feature", "properties": { "full_id": "w1227582161", "osm_id": "1227582161", "osm_type": "way", "building": "house", "addr:city": null, "roof:shape": null, "addr:street": null, "addr:housenumber": null, "layer": null, "building:levels": null }, "geometry": { "type": "MultiPolygon", "coordinates": [ [ [ [ 92.410267, 26.4125453 ], [ 92.4103425, 26.4125271 ], [ 92.41032, 26.4124524 ], [ 92.4102445, 26.4124707 ], [ 92.410267, 26.4125453 ] ] ] ] } },
{ "type": "Feature", "properties": { "full_id": "w1227582162", "osm_id": "1227582162", "osm_type": "way", "building": "house", "addr:city": null, "roof:shape": null, "addr:street": null, "addr:housenumber": null, "layer": null, "building:levels": null }, "geometry": { "type": "MultiPolygon", "coordinates": [ [ [ [ 92.4100117, 26.4124181 ], [ 92.4100893, 26.4124094 ], [ 92.4100771, 26.4123222 ], [ 92.4099995, 26.4123309 ], [ 92.4100117, 26.4124181 ] ] ] ] } },
{ "type": "Feature", "properties": { "full_id": "w1227582163", "osm_id": "1227582163", "osm_type": "way", "building": "house", "addr:city": null, "roof:shape": null, "addr:street": null, "addr:housenumber": null, "layer": null, "building:levels": null }, "geometry": { "type": "MultiPolygon", "coordinates": [ [ [ [ 92.409524, 26.4124039 ], [ 92.4095777, 26.4124092 ], [ 92.4095854, 26.4123464 ], [ 92.4095881, 26.4123243 ], [ 92.4095927, 26.4122873 ], [ 92.4094363, 26.412272 ], [ 92.4094302, 26.4123219 ], [ 92.4095328, 26.4123319 ], [ 92.409524, 26.4124039 ] ] ] ] } },
{ "type": "Feature", "properties": { "full_id": "w1227582364", "osm_id": "1227582364", "osm_type": "way", "building": "house", "addr:city": null, "roof:shape": null, "addr:street": null, "addr:housenumber": null, "layer": null, "building:levels": null }, "geometry": { "type": "MultiPolygon", "coordinates": [ [ [ [ 92.411119, 26.4126245 ], [ 92.4111778, 26.4126298 ], [ 92.4111884, 26.4125361 ], [ 92.4111296, 26.4125308 ], [ 92.411119, 26.4126245 ] ] ] ] } },
{ "type": "Feature", "properties": { "full_id": "w1227583011", "osm_id": "1227583011", "osm_type": "way", "building": "house", "addr:city": null, "roof:shape": null, "addr:street": null, "addr:housenumber": null, "layer": null, "building:levels": null }, "geometry": { "type": "MultiPolygon", "coordinates": [ [ [ [ 92.4083162, 26.4134234 ], [ 92.4084111, 26.4134234 ], [ 92.4084112, 26.413375 ], [ 92.4083162, 26.413375 ], [ 92.4083162, 26.4134234 ] ] ] ] } },
{ "type": "Feature", "properties": { "full_id": "w1227583012", "osm_id": "1227583012", "osm_type": "way", "building": "house", "addr:city": null, "roof:shape": null, "addr:street": null, "addr:housenumber": null, "layer": null, "building:levels": null }, "geometry": { "type": "MultiPolygon", "coordinates": [ [ [ [ 92.4068172, 26.4146368 ], [ 92.4069165, 26.4146387 ], [ 92.4069174, 26.4145995 ], [ 92.4068181, 26.4145977 ], [ 92.4068172, 26.4146368 ] ] ] ] } },
{ "type": "Feature", "properties": { "full_id": "w1227583013", "osm_id": "1227583013", "osm_type": "way", "building": "house", "addr:city": null, "roof:shape": null, "addr:street": null, "addr:housenumber": null, "layer": null, "building:levels": null }, "geometry": { "type": "MultiPolygon", "coordinates": [ [ [ [ 92.4069165, 26.4148021 ], [ 92.407054, 26.4148055 ], [ 92.4070555, 26.414756 ], [ 92.406918, 26.4147526 ], [ 92.4069165, 26.4148021 ] ] ] ] } },
{ "type": "Feature", "properties": { "full_id": "w1227583014", "osm_id": "1227583014", "osm_type": "way", "building": "house", "addr:city": null, "roof:shape": null, "addr:street": null, "addr:housenumber": null, "layer": null, "building:levels": null }, "geometry": { "type": "MultiPolygon", "coordinates": [ [ [ [ 92.4074739, 26.4142153 ], [ 92.4075302, 26.414213 ], [ 92.4075264, 26.4141379 ], [ 92.4074701, 26.4141402 ], [ 92.4074739, 26.4142153 ] ] ] ] } },
{ "type": "Feature", "properties": { "full_id": "w1227583015", "osm_id": "1227583015", "osm_type": "way", "building": "house", "addr:city": null, "roof:shape": null, "addr:street": null, "addr:housenumber": null, "layer": null, "building:levels": null }, "geometry": { "type": "MultiPolygon", "coordinates": [ [ [ [ 92.4074535, 26.4145343 ], [ 92.4075617, 26.4145418 ], [ 92.4075666, 26.4144857 ], [ 92.4074584, 26.4144782 ], [ 92.4074535, 26.4145343 ] ] ] ] } },
{ "type": "Feature", "properties": { "full_id": "w1227583016", "osm_id": "1227583016", "osm_type": "way", "building": "house", "addr:city": null, "roof:shape": null, "addr:street": null, "addr:housenumber": null, "layer": null, "building:levels": null }, "geometry": { "type": "MultiPolygon", "coordinates": [ [ [ [ 92.4077031, 26.414477 ], [ 92.4078333, 26.4144835 ], [ 92.4078364, 26.414434 ], [ 92.4077062, 26.4144275 ], [ 92.4077031, 26.414477 ] ] ] ] } },
{ "type": "Feature", "properties": { "full_id": "w1227583018", "osm_id": "1227583018", "osm_type": "way", "building": "house", "addr:city": null, "roof:shape": null, "addr:street": null, "addr:housenumber": null, "layer": null, "building:levels": null }, "geometry": { "type": "MultiPolygon", "coordinates": [ [ [ [ 92.4078845, 26.4141566 ], [ 92.4079627, 26.4141559 ], [ 92.4079624, 26.4141245 ], [ 92.4078842, 26.4141252 ], [ 92.4078845, 26.4141566 ] ] ] ] } },
{ "type": "Feature", "properties": { "full_id": "w1227583019", "osm_id": "1227583019", "osm_type": "way", "building": "house", "addr:city": null, "roof:shape": null, "addr:street": null, "addr:housenumber": null, "layer": null, "building:levels": null }, "geometry": { "type": "MultiPolygon", "coordinates": [ [ [ [ 92.4105057, 26.4144985 ], [ 92.4105726, 26.4144963 ], [ 92.4105678, 26.4143797 ], [ 92.4105009, 26.4143819 ], [ 92.4105057, 26.4144985 ] ] ] ] } },
{ "type": "Feature", "properties": { "full_id": "w1227583020", "osm_id": "1227583020", "osm_type": "way", "building": "house", "addr:city": null, "roof:shape": null, "addr:street": null, "addr:housenumber": null, "layer": null, "building:levels": null }, "geometry": { "type": "MultiPolygon", "coordinates": [ [ [ [ 92.4101238, 26.4145589 ], [ 92.4102742, 26.4145695 ], [ 92.4102785, 26.4145202 ], [ 92.4101989, 26.4145146 ], [ 92.4102067, 26.414426 ], [ 92.4101359, 26.414421 ], [ 92.4101238, 26.4145589 ] ] ] ] } },
{ "type": "Feature", "properties": { "full_id": "w1227587159", "osm_id": "1227587159", "osm_type": "way", "building": "house", "addr:city": null, "roof:shape": null, "addr:street": null, "addr:housenumber": null, "layer": null, "building:levels": null }, "geometry": { "type": "MultiPolygon", "coordinates": [ [ [ [ 92.2605745, 26.3972058 ], [ 92.2606633, 26.3972059 ], [ 92.2606634, 26.3971464 ], [ 92.2605745, 26.3971464 ], [ 92.2605745, 26.3972058 ] ] ] ] } },
{ "type": "Feature", "properties": { "full_id": "w1227587160", "osm_id": "1227587160", "osm_type": "way", "building": "house", "addr:city": null, "roof:shape": null, "addr:street": null, "addr:housenumber": null, "layer": null, "building:levels": null }, "geometry": { "type": "MultiPolygon", "coordinates": [ [ [ [ 92.2607609, 26.3971987 ], [ 92.260844, 26.397208 ], [ 92.2608511, 26.397157 ], [ 92.260768, 26.3971477 ], [ 92.2607609, 26.3971987 ] ] ] ] } },
{ "type": "Feature", "properties": { "full_id": "w1227587161", "osm_id": "1227587161", "osm_type": "way", "building": "house", "addr:city": null, "roof:shape": null, "addr:street": null, "addr:housenumber": null, "layer": null, "building:levels": null }, "geometry": { "type": "MultiPolygon", "coordinates": [ [ [ [ 92.2617658, 26.397277 ], [ 92.2618461, 26.3972824 ], [ 92.2618563, 26.3971627 ], [ 92.261776, 26.3971572 ], [ 92.2617658, 26.397277 ] ] ] ] } },
{ "type": "Feature", "properties": { "full_id": "w1227587163", "osm_id": "1227587163", "osm_type": "way", "building": "house", "addr:city": null, "roof:shape": null, "addr:street": null, "addr:housenumber": null, "layer": null, "building:levels": null }, "geometry": { "type": "MultiPolygon", "coordinates": [ [ [ [ 92.2610628, 26.3969501 ], [ 92.261065, 26.3969108 ], [ 92.2611688, 26.3969155 ], [ 92.2611665, 26.3969548 ], [ 92.2610628, 26.3969501 ] ] ] ] } },
{ "type": "Feature", "properties": { "full_id": "w1227587164", "osm_id": "1227587164", "osm_type": "way", "building": "house", "addr:city": null, "roof:shape": null, "addr:street": null, "addr:housenumber": null, "layer": null, "building:levels": null }, "geometry": { "type": "MultiPolygon", "coordinates": [ [ [ [ 92.2614986, 26.3969141 ], [ 92.2616273, 26.396926 ], [ 92.2616341, 26.3968664 ], [ 92.2615055, 26.3968545 ], [ 92.2614986, 26.3969141 ] ] ] ] } },
{ "type": "Feature", "properties": { "full_id": "w1227587165", "osm_id": "1227587165", "osm_type": "way", "building": "house", "addr:city": null, "roof:shape": null, "addr:street": null, "addr:housenumber": null, "layer": null, "building:levels": null }, "geometry": { "type": "MultiPolygon", "coordinates": [ [ [ [ 92.2614958, 26.3968318 ], [ 92.2615474, 26.3968362 ], [ 92.2615576, 26.3967395 ], [ 92.2615061, 26.3967351 ], [ 92.2614958, 26.3968318 ] ] ] ] } },
{ "type": "Feature", "properties": { "full_id": "w1227587167", "osm_id": "1227587167", "osm_type": "way", "building": "house", "addr:city": null, "roof:shape": null, "addr:street": null, "addr:housenumber": null, "layer": null, "building:levels": null }, "geometry": { "type": "MultiPolygon", "coordinates": [ [ [ [ 92.2621612, 26.3969812 ], [ 92.2623003, 26.3969931 ], [ 92.2623058, 26.3969417 ], [ 92.2621667, 26.3969298 ], [ 92.2621612, 26.3969812 ] ] ] ] } },
{ "type": "Feature", "properties": { "full_id": "w1227587168", "osm_id": "1227587168", "osm_type": "way", "building": "house", "addr:city": null, "roof:shape": null, "addr:street": null, "addr:housenumber": null, "layer": null, "building:levels": null }, "geometry": { "type": "MultiPolygon", "coordinates": [ [ [ [ 92.2623187, 26.3969269 ], [ 92.2623735, 26.3969312 ], [ 92.2623823, 26.3968424 ], [ 92.2623275, 26.3968381 ], [ 92.2623187, 26.3969269 ] ] ] ] } },
{ "type": "Feature", "properties": { "full_id": "w1227587169", "osm_id": "1227587169", "osm_type": "way", "building": "house", "addr:city": null, "roof:shape": null, "addr:street": null, "addr:housenumber": null, "layer": null, "building:levels": null }, "geometry": { "type": "MultiPolygon", "coordinates": [ [ [ [ 92.2623435, 26.3969523 ], [ 92.2624673, 26.3969593 ], [ 92.2624638, 26.3970087 ], [ 92.26234, 26.3970017 ], [ 92.2623435, 26.3969523 ] ] ] ] } },
{ "type": "Feature", "properties": { "full_id": "w1227587170", "osm_id": "1227587170", "osm_type": "way", "building": "house", "addr:city": null, "roof:shape": null, "addr:street": null, "addr:housenumber": null, "layer": null, "building:levels": null }, "geometry": { "type": "MultiPolygon", "coordinates": [ [ [ [ 92.2624281, 26.3969301 ], [ 92.2624844, 26.39693 ], [ 92.2624844, 26.3968504 ], [ 92.2624281, 26.3968505 ], [ 92.2624281, 26.3969301 ] ] ] ] } },
{ "type": "Feature", "properties": { "full_id": "w1227587171", "osm_id": "1227587171", "osm_type": "way", "building": "house", "addr:city": null, "roof:shape": null, "addr:street": null, "addr:housenumber": null, "layer": null, "building:levels": null }, "geometry": { "type": "MultiPolygon", "coordinates": [ [ [ [ 92.262588, 26.3969746 ], [ 92.2626511, 26.3969837 ], [ 92.2626812, 26.396816 ], [ 92.2626181, 26.3968069 ], [ 92.262588, 26.3969746 ] ] ] ] } },
{ "type": "Feature", "properties": { "full_id": "w1227587172", "osm_id": "1227587172", "osm_type": "way", "building": "house", "addr:city": null, "roof:shape": null, "addr:street": null, "addr:housenumber": null, "layer": null, "building:levels": null }, "geometry": { "type": "MultiPolygon", "coordinates": [ [ [ [ 92.2624994, 26.397423 ], [ 92.2625573, 26.3974278 ], [ 92.2625696, 26.3973071 ], [ 92.2625117, 26.3973023 ], [ 92.2624994, 26.397423 ] ] ] ] } },
{ "type": "Feature", "properties": { "full_id": "w1227587173", "osm_id": "1227587173", "osm_type": "way", "building": "house", "addr:city": null, "roof:shape": null, "addr:street": null, "addr:housenumber": null, "layer": null, "building:levels": null }, "geometry": { "type": "MultiPolygon", "coordinates": [ [ [ [ 92.2620937, 26.3975211 ], [ 92.2621786, 26.3975269 ], [ 92.2621872, 26.3974256 ], [ 92.262115, 26.3974207 ], [ 92.2621206, 26.3973546 ], [ 92.2620377, 26.3973489 ], [ 92.2620281, 26.3974617 ], [ 92.2620983, 26.3974665 ], [ 92.2620937, 26.3975211 ] ] ] ] } },
{ "type": "Feature", "properties": { "full_id": "w1227587174", "osm_id": "1227587174", "osm_type": "way", "building": "house", "addr:city": null, "roof:shape": null, "addr:street": null, "addr:housenumber": null, "layer": null, "building:levels": null }, "geometry": { "type": "MultiPolygon", "coordinates": [ [ [ [ 92.2616936, 26.3981737 ], [ 92.2618049, 26.3981827 ], [ 92.2618118, 26.3981145 ], [ 92.2617005, 26.3981054 ], [ 92.2616936, 26.3981737 ] ] ] ] } },
{ "type": "Feature", "properties": { "full_id": "w1227587175", "osm_id": "1227587175", "osm_type": "way", "building": "house", "addr:city": null, "roof:shape": null, "addr:street": null, "addr:housenumber": null, "layer": null, "building:levels": null }, "geometry": { "type": "MultiPolygon", "coordinates": [ [ [ [ 92.2618316, 26.398262 ], [ 92.2619063, 26.3982703 ], [ 92.2618983, 26.3983274 ], [ 92.2619591, 26.3983342 ], [ 92.2619774, 26.3982031 ], [ 92.2619362, 26.3981985 ], [ 92.2619533, 26.3980756 ], [ 92.261917, 26.3980715 ], [ 92.2619237, 26.3980237 ], [ 92.2618657, 26.3980172 ], [ 92.2618316, 26.398262 ] ] ] ] } },
{ "type": "Feature", "properties": { "full_id": "w1227587176", "osm_id": "1227587176", "osm_type": "way", "building": "house", "addr:city": null, "roof:shape": null, "addr:street": null, "addr:housenumber": null, "layer": null, "building:levels": null }, "geometry": { "type": "MultiPolygon", "coordinates": [ [ [ [ 92.2618726, 26.3979899 ], [ 92.2619746, 26.3980064 ], [ 92.2619869, 26.3979453 ], [ 92.2619476, 26.397939 ], [ 92.261962, 26.3978675 ], [ 92.2618992, 26.3978574 ], [ 92.2618726, 26.3979899 ] ] ] ] } },
{ "type": "Feature", "properties": { "full_id": "w1227587177", "osm_id": "1227587177", "osm_type": "way", "building": "house", "addr:city": null, "roof:shape": null, "addr:street": null, "addr:housenumber": null, "layer": null, "building:levels": null }, "geometry": { "type": "MultiPolygon", "coordinates": [ [ [ [ 92.2619549, 26.397779 ], [ 92.2620156, 26.3977903 ], [ 92.2620277, 26.3977381 ], [ 92.2619669, 26.3977268 ], [ 92.2619549, 26.397779 ] ] ] ] } },
{ "type": "Feature", "properties": { "full_id": "w1270853407", "osm_id": "1270853407", "osm_type": "way", "building": "house", "addr:city": null, "roof:shape": null, "addr:street": null, "addr:housenumber": null, "layer": null, "building:levels": null }, "geometry": { "type": "MultiPolygon", "coordinates": [ [ [ [ 92.3361971, 26.422363 ], [ 92.336252, 26.4223597 ], [ 92.3362412, 26.4222188 ], [ 92.3361863, 26.4222222 ], [ 92.3361924, 26.4223021 ], [ 92.3361956, 26.4223437 ], [ 92.3361971, 26.422363 ] ] ] ] } },
{ "type": "Feature", "properties": { "full_id": "w1270853408", "osm_id": "1270853408", "osm_type": "way", "building": "house", "addr:city": null, "roof:shape": null, "addr:street": null, "addr:housenumber": null, "layer": null, "building:levels": null }, "geometry": { "type": "MultiPolygon", "coordinates": [ [ [ [ 92.3361985, 26.4224734 ], [ 92.3362501, 26.4224718 ], [ 92.3362475, 26.4224047 ], [ 92.336196, 26.4224063 ], [ 92.3361985, 26.4224734 ] ] ] ] } },
{ "type": "Feature", "properties": { "full_id": "w1270853409", "osm_id": "1270853409", "osm_type": "way", "building": "house", "addr:city": null, "roof:shape": null, "addr:street": null, "addr:housenumber": null, "layer": null, "building:levels": null }, "geometry": { "type": "MultiPolygon", "coordinates": [ [ [ [ 92.3366363, 26.4226213 ], [ 92.3367359, 26.4226183 ], [ 92.3367339, 26.4225644 ], [ 92.3366342, 26.4225674 ], [ 92.3366363, 26.4226213 ] ] ] ] } },
{ "type": "Feature", "properties": { "full_id": "w1270853411", "osm_id": "1270853411", "osm_type": "way", "building": "house", "addr:city": null, "roof:shape": null, "addr:street": null, "addr:housenumber": null, "layer": null, "building:levels": null }, "geometry": { "type": "MultiPolygon", "coordinates": [ [ [ [ 92.3395725, 26.4217643 ], [ 92.3396269, 26.4217651 ], [ 92.3396284, 26.421679 ], [ 92.3395153, 26.4216775 ], [ 92.3395146, 26.4217163 ], [ 92.3395734, 26.4217171 ], [ 92.3395725, 26.4217643 ] ] ] ] } },
{ "type": "Feature", "properties": { "full_id": "w1270853412", "osm_id": "1270853412", "osm_type": "way", "building": "house", "addr:city": null, "roof:shape": null, "addr:street": null, "addr:housenumber": null, "layer": null, "building:levels": null }, "geometry": { "type": "MultiPolygon", "coordinates": [ [ [ [ 92.3391893, 26.4217195 ], [ 92.3391948, 26.4217742 ], [ 92.33924, 26.4217705 ], [ 92.3392344, 26.4217158 ], [ 92.3391893, 26.4217195 ] ] ] ] } },
{ "type": "Feature", "properties": { "full_id": "w1272727233", "osm_id": "1272727233", "osm_type": "way", "building": "house", "addr:city": null, "roof:shape": null, "addr:street": null, "addr:housenumber": null, "layer": null, "building:levels": null }, "geometry": { "type": "MultiPolygon", "coordinates": [ [ [ [ 92.5301244, 26.4923854 ], [ 92.5300783, 26.4922914 ], [ 92.5302004, 26.4922546 ], [ 92.5302236, 26.492321 ], [ 92.5302576, 26.492321 ], [ 92.530275, 26.4923702 ], [ 92.5301798, 26.4923918 ], [ 92.5301731, 26.4923726 ], [ 92.53014, 26.4923806 ], [ 92.5301244, 26.4923854 ] ] ] ] } },
{ "type": "Feature", "properties": { "full_id": "w1273014197", "osm_id": "1273014197", "osm_type": "way", "building": "house", "addr:city": null, "roof:shape": null, "addr:street": null, "addr:housenumber": null, "layer": null, "building:levels": null }, "geometry": { "type": "MultiPolygon", "coordinates": [ [ [ [ 92.1670026, 26.319631 ], [ 92.1670017, 26.3195552 ], [ 92.1669519, 26.3195557 ], [ 92.1669527, 26.3196318 ], [ 92.1670026, 26.319631 ] ] ] ] } },
{ "type": "Feature", "properties": { "full_id": "w1273014199", "osm_id": "1273014199", "osm_type": "way", "building": "house", "addr:city": null, "roof:shape": null, "addr:street": null, "addr:housenumber": null, "layer": null, "building:levels": null }, "geometry": { "type": "MultiPolygon", "coordinates": [ [ [ [ 92.1669287, 26.319501 ], [ 92.1669768, 26.319506 ], [ 92.1669819, 26.3194666 ], [ 92.1669338, 26.3194617 ], [ 92.1669287, 26.319501 ] ] ] ] } },
{ "type": "Feature", "properties": { "full_id": "w1273014200", "osm_id": "1273014200", "osm_type": "way", "building": "house", "addr:city": null, "roof:shape": null, "addr:street": null, "addr:housenumber": null, "layer": null, "building:levels": null }, "geometry": { "type": "MultiPolygon", "coordinates": [ [ [ [ 92.1670981, 26.3195496 ], [ 92.1671469, 26.3195492 ], [ 92.1671464, 26.3195082 ], [ 92.1670976, 26.3195087 ], [ 92.1670981, 26.3195496 ] ] ] ] } },
{ "type": "Feature", "properties": { "full_id": "w1276129368", "osm_id": "1276129368", "osm_type": "way", "building": "house", "addr:city": null, "roof:shape": null, "addr:street": null, "addr:housenumber": null, "layer": null, "building:levels": null }, "geometry": { "type": "MultiPolygon", "coordinates": [ [ [ [ 92.4206181, 26.3210814 ], [ 92.4207437, 26.3210941 ], [ 92.4207555, 26.3210003 ], [ 92.4206298, 26.3209876 ], [ 92.4206181, 26.3210814 ] ] ] ] } },
{ "type": "Feature", "properties": { "full_id": "w1276129369", "osm_id": "1276129369", "osm_type": "way", "building": "house", "addr:city": null, "roof:shape": null, "addr:street": null, "addr:housenumber": null, "layer": null, "building:levels": null }, "geometry": { "type": "MultiPolygon", "coordinates": [ [ [ [ 92.4207846, 26.3213922 ], [ 92.4209102, 26.3214049 ], [ 92.420922, 26.3213111 ], [ 92.4207963, 26.3212984 ], [ 92.4207846, 26.3213922 ] ] ] ] } },
{ "type": "Feature", "properties": { "full_id": "w1276129370", "osm_id": "1276129370", "osm_type": "way", "building": "house", "addr:city": null, "roof:shape": null, "addr:street": null, "addr:housenumber": null, "layer": null, "building:levels": null }, "geometry": { "type": "MultiPolygon", "coordinates": [ [ [ [ 92.4200285, 26.3211684 ], [ 92.4201541, 26.3211811 ], [ 92.4201659, 26.3210873 ], [ 92.4200402, 26.3210746 ], [ 92.4200285, 26.3211684 ] ] ] ] } },
{ "type": "Feature", "properties": { "full_id": "w1276129371", "osm_id": "1276129371", "osm_type": "way", "building": "house", "addr:city": null, "roof:shape": null, "addr:street": null, "addr:housenumber": null, "layer": null, "building:levels": null }, "geometry": { "type": "MultiPolygon", "coordinates": [ [ [ [ 92.4204585, 26.3208886 ], [ 92.4205841, 26.3209013 ], [ 92.4205959, 26.3208075 ], [ 92.4204702, 26.3207948 ], [ 92.4204585, 26.3208886 ] ] ] ] } },
{ "type": "Feature", "properties": { "full_id": "w1276129372", "osm_id": "1276129372", "osm_type": "way", "building": "house", "addr:city": null, "roof:shape": null, "addr:street": null, "addr:housenumber": null, "layer": null, "building:levels": null }, "geometry": { "type": "MultiPolygon", "coordinates": [ [ [ [ 92.4218389, 26.321958 ], [ 92.4219645, 26.3219707 ], [ 92.4219763, 26.3218769 ], [ 92.4218506, 26.3218642 ], [ 92.4218389, 26.321958 ] ] ] ] } },
{ "type": "Feature", "properties": { "full_id": "w1276129373", "osm_id": "1276129373", "osm_type": "way", "building": "house", "addr:city": null, "roof:shape": null, "addr:street": null, "addr:housenumber": null, "layer": null, "building:levels": null }, "geometry": { "type": "MultiPolygon", "coordinates": [ [ [ [ 92.420299, 26.3214482 ], [ 92.4204246, 26.3214609 ], [ 92.4204364, 26.3213671 ], [ 92.4203107, 26.3213544 ], [ 92.420299, 26.3214482 ] ] ] ] } },
{ "type": "Feature", "properties": { "full_id": "w1276129374", "osm_id": "1276129374", "osm_type": "way", "building": "house", "addr:city": null, "roof:shape": null, "addr:street": null, "addr:housenumber": null, "layer": null, "building:levels": null }, "geometry": { "type": "MultiPolygon", "coordinates": [ [ [ [ 92.4202296, 26.3220886 ], [ 92.4203552, 26.3221013 ], [ 92.420367, 26.3220075 ], [ 92.4202413, 26.3219948 ], [ 92.4202296, 26.3220886 ] ] ] ] } },
{ "type": "Feature", "properties": { "full_id": "w1276129375", "osm_id": "1276129375", "osm_type": "way", "building": "house", "addr:city": null, "roof:shape": null, "addr:street": null, "addr:housenumber": null, "layer": null, "building:levels": null }, "geometry": { "type": "MultiPolygon", "coordinates": [ [ [ [ 92.4222274, 26.3206275 ], [ 92.422353, 26.3206402 ], [ 92.4223648, 26.3205464 ], [ 92.4222391, 26.3205337 ], [ 92.4222274, 26.3206275 ] ] ] ] } },
{ "type": "Feature", "properties": { "full_id": "w1276129376", "osm_id": "1276129376", "osm_type": "way", "building": "house", "addr:city": null, "roof:shape": null, "addr:street": null, "addr:housenumber": null, "layer": null, "building:levels": null }, "geometry": { "type": "MultiPolygon", "coordinates": [ [ [ [ 92.4188456, 26.3212245 ], [ 92.4189719, 26.3212284 ], [ 92.4189755, 26.321134 ], [ 92.4188491, 26.3211302 ], [ 92.4188456, 26.3212245 ] ] ] ] } },
{ "type": "Feature", "properties": { "full_id": "w1276129377", "osm_id": "1276129377", "osm_type": "way", "building": "house", "addr:city": null, "roof:shape": null, "addr:street": null, "addr:housenumber": null, "layer": null, "building:levels": null }, "geometry": { "type": "MultiPolygon", "coordinates": [ [ [ [ 92.4175581, 26.3214785 ], [ 92.4176837, 26.3214912 ], [ 92.4176881, 26.3213642 ], [ 92.417592, 26.3213515 ], [ 92.4175581, 26.3214785 ] ] ] ] } },
{ "type": "Feature", "properties": { "full_id": "w1276692849", "osm_id": "1276692849", "osm_type": "way", "building": "house", "addr:city": null, "roof:shape": null, "addr:street": null, "addr:housenumber": null, "layer": null, "building:levels": null }, "geometry": { "type": "MultiPolygon", "coordinates": [ [ [ [ 92.4512794, 26.2937286 ], [ 92.4513214, 26.2937274 ], [ 92.451414, 26.2937245 ], [ 92.4515875, 26.2937192 ], [ 92.4515846, 26.2936421 ], [ 92.4514715, 26.2936456 ], [ 92.451323, 26.2936501 ], [ 92.4512764, 26.2936516 ], [ 92.4512794, 26.2937286 ] ] ] ] } },
{ "type": "Feature", "properties": { "full_id": "w1276692850", "osm_id": "1276692850", "osm_type": "way", "building": "house", "addr:city": null, "roof:shape": null, "addr:street": null, "addr:housenumber": null, "layer": null, "building:levels": null }, "geometry": { "type": "MultiPolygon", "coordinates": [ [ [ [ 92.4511069, 26.2941109 ], [ 92.4511063, 26.2941915 ], [ 92.4510439, 26.2941911 ], [ 92.4510434, 26.2942605 ], [ 92.4511009, 26.2942608 ], [ 92.4511009, 26.2942665 ], [ 92.4511964, 26.2942671 ], [ 92.4511975, 26.2941114 ], [ 92.4511069, 26.2941109 ] ] ] ] } },
{ "type": "Feature", "properties": { "full_id": "w1276692851", "osm_id": "1276692851", "osm_type": "way", "building": "house", "addr:city": null, "roof:shape": null, "addr:street": null, "addr:housenumber": null, "layer": null, "building:levels": null }, "geometry": { "type": "MultiPolygon", "coordinates": [ [ [ [ 92.4520689, 26.2937944 ], [ 92.4520611, 26.29395 ], [ 92.4521403, 26.2939532 ], [ 92.4521481, 26.2937976 ], [ 92.4520689, 26.2937944 ] ] ] ] } },
{ "type": "Feature", "properties": { "full_id": "w1276692852", "osm_id": "1276692852", "osm_type": "way", "building": "house", "addr:city": null, "roof:shape": null, "addr:street": null, "addr:housenumber": null, "layer": null, "building:levels": null }, "geometry": { "type": "MultiPolygon", "coordinates": [ [ [ [ 92.4514672, 26.2937579 ], [ 92.4514594, 26.2939136 ], [ 92.4515386, 26.2939168 ], [ 92.4515464, 26.2937611 ], [ 92.4514672, 26.2937579 ] ] ] ] } },
{ "type": "Feature", "properties": { "full_id": "w1276692853", "osm_id": "1276692853", "osm_type": "way", "building": "house", "addr:city": null, "roof:shape": null, "addr:street": null, "addr:housenumber": null, "layer": null, "building:levels": null }, "geometry": { "type": "MultiPolygon", "coordinates": [ [ [ [ 92.4521893, 26.2945311 ], [ 92.4521886, 26.2943753 ], [ 92.4521093, 26.2943756 ], [ 92.4521101, 26.2945313 ], [ 92.4521893, 26.2945311 ] ] ] ] } },
{ "type": "Feature", "properties": { "full_id": "w1276692854", "osm_id": "1276692854", "osm_type": "way", "building": "house", "addr:city": null, "roof:shape": null, "addr:street": null, "addr:housenumber": null, "layer": null, "building:levels": null }, "geometry": { "type": "MultiPolygon", "coordinates": [ [ [ [ 92.4521961, 26.2943679 ], [ 92.4521957, 26.2944968 ], [ 92.4523052, 26.2944971 ], [ 92.4523057, 26.2943682 ], [ 92.4521961, 26.2943679 ] ] ] ] } },
{ "type": "Feature", "properties": { "full_id": "w1276711463", "osm_id": "1276711463", "osm_type": "way", "building": "house", "addr:city": null, "roof:shape": null, "addr:street": null, "addr:housenumber": null, "layer": null, "building:levels": null }, "geometry": { "type": "MultiPolygon", "coordinates": [ [ [ [ 92.4507716, 26.2915998 ], [ 92.4509111, 26.2916116 ], [ 92.4509197, 26.2915302 ], [ 92.4507802, 26.2915183 ], [ 92.4507716, 26.2915998 ] ] ] ] } },
{ "type": "Feature", "properties": { "full_id": "w1276711464", "osm_id": "1276711464", "osm_type": "way", "building": "house", "addr:city": null, "roof:shape": null, "addr:street": null, "addr:housenumber": null, "layer": null, "building:levels": null }, "geometry": { "type": "MultiPolygon", "coordinates": [ [ [ [ 92.4507931, 26.2914982 ], [ 92.4509325, 26.29151 ], [ 92.4509411, 26.2914286 ], [ 92.4508017, 26.2914167 ], [ 92.4507931, 26.2914982 ] ] ] ] } },
{ "type": "Feature", "properties": { "full_id": "w1276711465", "osm_id": "1276711465", "osm_type": "way", "building": "house", "addr:city": null, "roof:shape": null, "addr:street": null, "addr:housenumber": null, "layer": null, "building:levels": null }, "geometry": { "type": "MultiPolygon", "coordinates": [ [ [ [ 92.4516491, 26.2910551 ], [ 92.451509, 26.2910537 ], [ 92.4515079, 26.2911355 ], [ 92.451648, 26.291137 ], [ 92.4516491, 26.2910551 ] ] ] ] } },
{ "type": "Feature", "properties": { "full_id": "w1276711468", "osm_id": "1276711468", "osm_type": "way", "building": "house", "addr:city": null, "roof:shape": null, "addr:street": null, "addr:housenumber": null, "layer": null, "building:levels": null }, "geometry": { "type": "MultiPolygon", "coordinates": [ [ [ [ 92.4522554, 26.2906981 ], [ 92.4522454, 26.2905728 ], [ 92.4521544, 26.2905787 ], [ 92.4521644, 26.2907039 ], [ 92.4522554, 26.2906981 ] ] ] ] } },
{ "type": "Feature", "properties": { "full_id": "w1276711470", "osm_id": "1276711470", "osm_type": "way", "building": "house", "addr:city": null, "roof:shape": null, "addr:street": null, "addr:housenumber": null, "layer": null, "building:levels": null }, "geometry": { "type": "MultiPolygon", "coordinates": [ [ [ [ 92.4510664, 26.2908415 ], [ 92.4509264, 26.2908365 ], [ 92.4509228, 26.2909183 ], [ 92.4510627, 26.2909232 ], [ 92.4510664, 26.2908415 ] ] ] ] } },
{ "type": "Feature", "properties": { "full_id": "w1276711471", "osm_id": "1276711471", "osm_type": "way", "building": "house", "addr:city": null, "roof:shape": null, "addr:street": null, "addr:housenumber": null, "layer": null, "building:levels": null }, "geometry": { "type": "MultiPolygon", "coordinates": [ [ [ [ 92.4511594, 26.2906914 ], [ 92.4510526, 26.2906981 ], [ 92.4510582, 26.2907701 ], [ 92.451165, 26.2907634 ], [ 92.4511594, 26.2906914 ] ] ] ] } },
{ "type": "Feature", "properties": { "full_id": "w1276711472", "osm_id": "1276711472", "osm_type": "way", "building": "house", "addr:city": null, "roof:shape": null, "addr:street": null, "addr:housenumber": null, "layer": null, "building:levels": null }, "geometry": { "type": "MultiPolygon", "coordinates": [ [ [ [ 92.4512534, 26.291257 ], [ 92.4511134, 26.291252 ], [ 92.4511098, 26.2913338 ], [ 92.4512498, 26.2913388 ], [ 92.4512534, 26.291257 ] ] ] ] } },
{ "type": "Feature", "properties": { "full_id": "w1276711473", "osm_id": "1276711473", "osm_type": "way", "building": "house", "addr:city": null, "roof:shape": null, "addr:street": null, "addr:housenumber": null, "layer": null, "building:levels": null }, "geometry": { "type": "MultiPolygon", "coordinates": [ [ [ [ 92.451977, 26.2916397 ], [ 92.451837, 26.2916348 ], [ 92.4518334, 26.2917165 ], [ 92.4519734, 26.2917215 ], [ 92.451977, 26.2916397 ] ] ] ] } },
{ "type": "Feature", "properties": { "full_id": "w1276711475", "osm_id": "1276711475", "osm_type": "way", "building": "house", "addr:city": null, "roof:shape": null, "addr:street": null, "addr:housenumber": null, "layer": null, "building:levels": null }, "geometry": { "type": "MultiPolygon", "coordinates": [ [ [ [ 92.4515974, 26.2912167 ], [ 92.451613, 26.2913117 ], [ 92.4516927, 26.2913012 ], [ 92.4516771, 26.2912062 ], [ 92.4515974, 26.2912167 ] ] ] ] } },
{ "type": "Feature", "properties": { "full_id": "w1276711476", "osm_id": "1276711476", "osm_type": "way", "building": "house", "addr:city": null, "roof:shape": null, "addr:street": null, "addr:housenumber": null, "layer": null, "building:levels": null }, "geometry": { "type": "MultiPolygon", "coordinates": [ [ [ [ 92.4515202, 26.2908923 ], [ 92.4515357, 26.2909873 ], [ 92.4516154, 26.2909768 ], [ 92.4515998, 26.2908818 ], [ 92.4515202, 26.2908923 ] ] ] ] } },
{ "type": "Feature", "properties": { "full_id": "w1276711477", "osm_id": "1276711477", "osm_type": "way", "building": "house", "addr:city": null, "roof:shape": null, "addr:street": null, "addr:housenumber": null, "layer": null, "building:levels": null }, "geometry": { "type": "MultiPolygon", "coordinates": [ [ [ [ 92.4509551, 26.2906955 ], [ 92.4509706, 26.2907905 ], [ 92.4510503, 26.29078 ], [ 92.4510347, 26.290685 ], [ 92.4509551, 26.2906955 ] ] ] ] } },
{ "type": "Feature", "properties": { "full_id": "w1276711478", "osm_id": "1276711478", "osm_type": "way", "building": "house", "addr:city": null, "roof:shape": null, "addr:street": null, "addr:housenumber": null, "layer": null, "building:levels": null }, "geometry": { "type": "MultiPolygon", "coordinates": [ [ [ [ 92.4508616, 26.2907064 ], [ 92.4508771, 26.2908014 ], [ 92.4509568, 26.2907909 ], [ 92.4509412, 26.2906959 ], [ 92.4508616, 26.2907064 ] ] ] ] } },
{ "type": "Feature", "properties": { "full_id": "w1276711479", "osm_id": "1276711479", "osm_type": "way", "building": "house", "addr:city": null, "roof:shape": null, "addr:street": null, "addr:housenumber": null, "layer": null, "building:levels": null }, "geometry": { "type": "MultiPolygon", "coordinates": [ [ [ [ 92.4515967, 26.2905215 ], [ 92.4515043, 26.2905227 ], [ 92.4515052, 26.2905815 ], [ 92.4515976, 26.2905803 ], [ 92.4515967, 26.2905215 ] ] ] ] } },
{ "type": "Feature", "properties": { "full_id": "w1276711483", "osm_id": "1276711483", "osm_type": "way", "building": "house", "addr:city": null, "roof:shape": null, "addr:street": null, "addr:housenumber": null, "layer": null, "building:levels": null }, "geometry": { "type": "MultiPolygon", "coordinates": [ [ [ [ 92.4514527, 26.2909008 ], [ 92.4514477, 26.2909708 ], [ 92.4515105, 26.2909744 ], [ 92.4515155, 26.2909044 ], [ 92.4514527, 26.2909008 ] ] ] ] } },
{ "type": "Feature", "properties": { "full_id": "w1276711484", "osm_id": "1276711484", "osm_type": "way", "building": "house", "addr:city": null, "roof:shape": null, "addr:street": null, "addr:housenumber": null, "layer": null, "building:levels": null }, "geometry": { "type": "MultiPolygon", "coordinates": [ [ [ [ 92.4519626, 26.2906674 ], [ 92.4519576, 26.2907373 ], [ 92.4520204, 26.2907409 ], [ 92.4520254, 26.290671 ], [ 92.4519626, 26.2906674 ] ] ] ] } },
{ "type": "Feature", "properties": { "full_id": "w1276711485", "osm_id": "1276711485", "osm_type": "way", "building": "house", "addr:city": null, "roof:shape": null, "addr:street": null, "addr:housenumber": null, "layer": null, "building:levels": null }, "geometry": { "type": "MultiPolygon", "coordinates": [ [ [ [ 92.4515821, 26.2902834 ], [ 92.4515771, 26.2903534 ], [ 92.4516399, 26.290357 ], [ 92.4516449, 26.2902871 ], [ 92.4515821, 26.2902834 ] ] ] ] } },
{ "type": "Feature", "properties": { "full_id": "w1276711487", "osm_id": "1276711487", "osm_type": "way", "building": "house", "addr:city": null, "roof:shape": null, "addr:street": null, "addr:housenumber": null, "layer": null, "building:levels": null }, "geometry": { "type": "MultiPolygon", "coordinates": [ [ [ [ 92.4520743, 26.2903107 ], [ 92.4521514, 26.2903218 ], [ 92.4521614, 26.2902662 ], [ 92.4520842, 26.2902551 ], [ 92.4520743, 26.2903107 ] ] ] ] } },
{ "type": "Feature", "properties": { "full_id": "w1276711491", "osm_id": "1276711491", "osm_type": "way", "building": "house", "addr:city": null, "roof:shape": null, "addr:street": null, "addr:housenumber": null, "layer": null, "building:levels": null }, "geometry": { "type": "MultiPolygon", "coordinates": [ [ [ [ 92.4523632, 26.2897462 ], [ 92.4523582, 26.2898161 ], [ 92.4524209, 26.2898197 ], [ 92.4524259, 26.2897498 ], [ 92.4523632, 26.2897462 ] ] ] ] } },
{ "type": "Feature", "properties": { "full_id": "w1276711492", "osm_id": "1276711492", "osm_type": "way", "building": "house", "addr:city": null, "roof:shape": null, "addr:street": null, "addr:housenumber": null, "layer": null, "building:levels": null }, "geometry": { "type": "MultiPolygon", "coordinates": [ [ [ [ 92.4524103, 26.2899021 ], [ 92.4524852, 26.2899222 ], [ 92.4525032, 26.2898682 ], [ 92.4524283, 26.2898481 ], [ 92.4524103, 26.2899021 ] ] ] ] } },
{ "type": "Feature", "properties": { "full_id": "w1276711493", "osm_id": "1276711493", "osm_type": "way", "building": "house", "addr:city": null, "roof:shape": null, "addr:street": null, "addr:housenumber": null, "layer": null, "building:levels": null }, "geometry": { "type": "MultiPolygon", "coordinates": [ [ [ [ 92.4526312, 26.2897821 ], [ 92.4526262, 26.289852 ], [ 92.452689, 26.2898556 ], [ 92.452694, 26.2897857 ], [ 92.4526312, 26.2897821 ] ] ] ] } },
{ "type": "Feature", "properties": { "full_id": "w1276711494", "osm_id": "1276711494", "osm_type": "way", "building": "house", "addr:city": null, "roof:shape": null, "addr:street": null, "addr:housenumber": null, "layer": null, "building:levels": null }, "geometry": { "type": "MultiPolygon", "coordinates": [ [ [ [ 92.4533148, 26.2900934 ], [ 92.4533929, 26.2900923 ], [ 92.4533919, 26.290036 ], [ 92.4533138, 26.2900371 ], [ 92.4533148, 26.2900934 ] ] ] ] } },
{ "type": "Feature", "properties": { "full_id": "w1276711495", "osm_id": "1276711495", "osm_type": "way", "building": "house", "addr:city": null, "roof:shape": null, "addr:street": null, "addr:housenumber": null, "layer": null, "building:levels": null }, "geometry": { "type": "MultiPolygon", "coordinates": [ [ [ [ 92.4538051, 26.289865 ], [ 92.4538001, 26.2899349 ], [ 92.4538629, 26.2899385 ], [ 92.4538679, 26.2898686 ], [ 92.4538051, 26.289865 ] ] ] ] } },
{ "type": "Feature", "properties": { "full_id": "w1276711496", "osm_id": "1276711496", "osm_type": "way", "building": "house", "addr:city": null, "roof:shape": null, "addr:street": null, "addr:housenumber": null, "layer": null, "building:levels": null }, "geometry": { "type": "MultiPolygon", "coordinates": [ [ [ [ 92.4538883, 26.2899036 ], [ 92.4538833, 26.2899736 ], [ 92.453946, 26.2899772 ], [ 92.453951, 26.2899072 ], [ 92.4538883, 26.2899036 ] ] ] ] } },
{ "type": "Feature", "properties": { "full_id": "w1276711497", "osm_id": "1276711497", "osm_type": "way", "building": "house", "addr:city": null, "roof:shape": null, "addr:street": null, "addr:housenumber": null, "layer": null, "building:levels": null }, "geometry": { "type": "MultiPolygon", "coordinates": [ [ [ [ 92.4529393, 26.2904478 ], [ 92.4529343, 26.2905177 ], [ 92.4529971, 26.2905213 ], [ 92.4530021, 26.2904514 ], [ 92.4529393, 26.2904478 ] ] ] ] } },
{ "type": "Feature", "properties": { "full_id": "w1276711498", "osm_id": "1276711498", "osm_type": "way", "building": "house", "addr:city": null, "roof:shape": null, "addr:street": null, "addr:housenumber": null, "layer": null, "building:levels": null }, "geometry": { "type": "MultiPolygon", "coordinates": [ [ [ [ 92.4525819, 26.2898594 ], [ 92.4525769, 26.2899294 ], [ 92.4526397, 26.289933 ], [ 92.4526447, 26.289863 ], [ 92.4525819, 26.2898594 ] ] ] ] } },
{ "type": "Feature", "properties": { "full_id": "w1276711499", "osm_id": "1276711499", "osm_type": "way", "building": "house", "addr:city": null, "roof:shape": null, "addr:street": null, "addr:housenumber": null, "layer": null, "building:levels": null }, "geometry": { "type": "MultiPolygon", "coordinates": [ [ [ [ 92.4529208, 26.2900583 ], [ 92.4529158, 26.2901282 ], [ 92.4529786, 26.2901318 ], [ 92.4529836, 26.2900619 ], [ 92.4529208, 26.2900583 ] ] ] ] } },
{ "type": "Feature", "properties": { "full_id": "w1276711500", "osm_id": "1276711500", "osm_type": "way", "building": "house", "addr:city": null, "roof:shape": null, "addr:street": null, "addr:housenumber": null, "layer": null, "building:levels": null }, "geometry": { "type": "MultiPolygon", "coordinates": [ [ [ [ 92.4528746, 26.2902434 ], [ 92.4528696, 26.2903133 ], [ 92.4529324, 26.2903169 ], [ 92.4529374, 26.290247 ], [ 92.4528746, 26.2902434 ] ] ] ] } },
{ "type": "Feature", "properties": { "full_id": "w1276711501", "osm_id": "1276711501", "osm_type": "way", "building": "house", "addr:city": null, "roof:shape": null, "addr:street": null, "addr:housenumber": null, "layer": null, "building:levels": null }, "geometry": { "type": "MultiPolygon", "coordinates": [ [ [ [ 92.4544768, 26.2904174 ], [ 92.4544841, 26.2904763 ], [ 92.4545715, 26.2904716 ], [ 92.4545765, 26.2904017 ], [ 92.4544768, 26.2904174 ] ] ] ] } },
{ "type": "Feature", "properties": { "full_id": "w1276711524", "osm_id": "1276711524", "osm_type": "way", "building": "house", "addr:city": null, "roof:shape": null, "addr:street": null, "addr:housenumber": null, "layer": null, "building:levels": null }, "geometry": { "type": "MultiPolygon", "coordinates": [ [ [ [ 92.4525205, 26.2929285 ], [ 92.4525205, 26.292866 ], [ 92.4525795, 26.2928684 ], [ 92.4525715, 26.2929333 ], [ 92.4525205, 26.2929285 ] ] ] ] } },
{ "type": "Feature", "properties": { "full_id": "w1276711525", "osm_id": "1276711525", "osm_type": "way", "building": "house", "addr:city": null, "roof:shape": null, "addr:street": null, "addr:housenumber": null, "layer": null, "building:levels": null }, "geometry": { "type": "MultiPolygon", "coordinates": [ [ [ [ 92.4522094, 26.2931578 ], [ 92.4522094, 26.2930953 ], [ 92.4522684, 26.2930977 ], [ 92.4522604, 26.2931626 ], [ 92.4522094, 26.2931578 ] ] ] ] } },
{ "type": "Feature", "properties": { "full_id": "w1276711526", "osm_id": "1276711526", "osm_type": "way", "building": "house", "addr:city": null, "roof:shape": null, "addr:street": null, "addr:housenumber": null, "layer": null, "building:levels": null }, "geometry": { "type": "MultiPolygon", "coordinates": [ [ [ [ 92.4528718, 26.293376 ], [ 92.4528718, 26.2933135 ], [ 92.4529308, 26.2933159 ], [ 92.4529228, 26.2933808 ], [ 92.4528718, 26.293376 ] ] ] ] } },
{ "type": "Feature", "properties": { "full_id": "w1276711527", "osm_id": "1276711527", "osm_type": "way", "building": "house", "addr:city": null, "roof:shape": null, "addr:street": null, "addr:housenumber": null, "layer": null, "building:levels": null }, "geometry": { "type": "MultiPolygon", "coordinates": [ [ [ [ 92.4530436, 26.2933346 ], [ 92.4531591, 26.293342 ], [ 92.4531547, 26.2933964 ], [ 92.4530393, 26.293389 ], [ 92.4530436, 26.2933346 ] ] ] ] } },
{ "type": "Feature", "properties": { "full_id": "w1276711528", "osm_id": "1276711528", "osm_type": "way", "building": "house", "addr:city": null, "roof:shape": null, "addr:street": null, "addr:housenumber": null, "layer": null, "building:levels": null }, "geometry": { "type": "MultiPolygon", "coordinates": [ [ [ [ 92.4524785, 26.2932178 ], [ 92.4524792, 26.2933216 ], [ 92.4524183, 26.2933219 ], [ 92.4524176, 26.2932181 ], [ 92.4524785, 26.2932178 ] ] ] ] } },
{ "type": "Feature", "properties": { "full_id": "w1276711529", "osm_id": "1276711529", "osm_type": "way", "building": "house", "addr:city": null, "roof:shape": null, "addr:street": null, "addr:housenumber": null, "layer": null, "building:levels": null }, "geometry": { "type": "MultiPolygon", "coordinates": [ [ [ [ 92.4527491, 26.2932562 ], [ 92.4527388, 26.2933606 ], [ 92.452657, 26.2933541 ], [ 92.4526673, 26.2932497 ], [ 92.4527491, 26.2932562 ] ] ] ] } },
{ "type": "Feature", "properties": { "full_id": "w1276711530", "osm_id": "1276711530", "osm_type": "way", "building": "house", "addr:city": null, "roof:shape": null, "addr:street": null, "addr:housenumber": null, "layer": null, "building:levels": null }, "geometry": { "type": "MultiPolygon", "coordinates": [ [ [ [ 92.4520686, 26.2927686 ], [ 92.4521822, 26.2927936 ], [ 92.4521626, 26.292865 ], [ 92.4520491, 26.2928401 ], [ 92.4520686, 26.2927686 ] ] ] ] } },
{ "type": "Feature", "properties": { "full_id": "w1276711531", "osm_id": "1276711531", "osm_type": "way", "building": "house", "addr:city": null, "roof:shape": null, "addr:street": null, "addr:housenumber": null, "layer": null, "building:levels": null }, "geometry": { "type": "MultiPolygon", "coordinates": [ [ [ [ 92.452402, 26.2927927 ], [ 92.4523916, 26.2928971 ], [ 92.4523099, 26.2928906 ], [ 92.4523202, 26.2927862 ], [ 92.452402, 26.2927927 ] ] ] ] } },
{ "type": "Feature", "properties": { "full_id": "w1276711532", "osm_id": "1276711532", "osm_type": "way", "building": "house", "addr:city": null, "roof:shape": null, "addr:street": null, "addr:housenumber": null, "layer": null, "building:levels": null }, "geometry": { "type": "MultiPolygon", "coordinates": [ [ [ [ 92.4524944, 26.2928038 ], [ 92.4524841, 26.2929082 ], [ 92.4524023, 26.2929017 ], [ 92.4524126, 26.2927973 ], [ 92.4524944, 26.2928038 ] ] ] ] } },
{ "type": "Feature", "properties": { "full_id": "w1276711533", "osm_id": "1276711533", "osm_type": "way", "building": "house", "addr:city": null, "roof:shape": null, "addr:street": null, "addr:housenumber": null, "layer": null, "building:levels": null }, "geometry": { "type": "MultiPolygon", "coordinates": [ [ [ [ 92.452821, 26.2928977 ], [ 92.4528107, 26.2930021 ], [ 92.4527289, 26.2929956 ], [ 92.4527392, 26.2928912 ], [ 92.452821, 26.2928977 ] ] ] ] } },
{ "type": "Feature", "properties": { "full_id": "w1276711534", "osm_id": "1276711534", "osm_type": "way", "building": "house", "addr:city": null, "roof:shape": null, "addr:street": null, "addr:housenumber": null, "layer": null, "building:levels": null }, "geometry": { "type": "MultiPolygon", "coordinates": [ [ [ [ 92.4536389, 26.2929525 ], [ 92.4537558, 26.2929555 ], [ 92.4537535, 26.2930291 ], [ 92.4536366, 26.2930261 ], [ 92.4536389, 26.2929525 ] ] ] ] } },
{ "type": "Feature", "properties": { "full_id": "w1276711535", "osm_id": "1276711535", "osm_type": "way", "building": "house", "addr:city": null, "roof:shape": null, "addr:street": null, "addr:housenumber": null, "layer": null, "building:levels": null }, "geometry": { "type": "MultiPolygon", "coordinates": [ [ [ [ 92.4543615, 26.2928783 ], [ 92.4543512, 26.2929828 ], [ 92.4542694, 26.2929762 ], [ 92.4542798, 26.2928718 ], [ 92.4543615, 26.2928783 ] ] ] ] } },
{ "type": "Feature", "properties": { "full_id": "w1276711536", "osm_id": "1276711536", "osm_type": "way", "building": "house", "addr:city": null, "roof:shape": null, "addr:street": null, "addr:housenumber": null, "layer": null, "building:levels": null }, "geometry": { "type": "MultiPolygon", "coordinates": [ [ [ [ 92.4544795, 26.2928869 ], [ 92.4545964, 26.2928886 ], [ 92.4545951, 26.2929622 ], [ 92.4544782, 26.2929605 ], [ 92.4544795, 26.2928869 ] ] ] ] } },
{ "type": "Feature", "properties": { "full_id": "w1276711537", "osm_id": "1276711537", "osm_type": "way", "building": "house", "addr:city": null, "roof:shape": null, "addr:street": null, "addr:housenumber": null, "layer": null, "building:levels": null }, "geometry": { "type": "MultiPolygon", "coordinates": [ [ [ [ 92.4541089, 26.2930579 ], [ 92.4540986, 26.2931623 ], [ 92.4540168, 26.2931558 ], [ 92.4540271, 26.2930514 ], [ 92.4541089, 26.2930579 ] ] ] ] } },
{ "type": "Feature", "properties": { "full_id": "w1276711538", "osm_id": "1276711538", "osm_type": "way", "building": "house", "addr:city": null, "roof:shape": null, "addr:street": null, "addr:housenumber": null, "layer": null, "building:levels": null }, "geometry": { "type": "MultiPolygon", "coordinates": [ [ [ [ 92.4551534, 26.2925579 ], [ 92.455143, 26.2926623 ], [ 92.4550613, 26.2926558 ], [ 92.4550716, 26.2925514 ], [ 92.4551534, 26.2925579 ] ] ] ] } },
{ "type": "Feature", "properties": { "full_id": "w1276711539", "osm_id": "1276711539", "osm_type": "way", "building": "house", "addr:city": null, "roof:shape": null, "addr:street": null, "addr:housenumber": null, "layer": null, "building:levels": null }, "geometry": { "type": "MultiPolygon", "coordinates": [ [ [ [ 92.4552027, 26.2928783 ], [ 92.4551923, 26.2929828 ], [ 92.4551106, 26.2929762 ], [ 92.4551209, 26.2928718 ], [ 92.4552027, 26.2928783 ] ] ] ] } },
{ "type": "Feature", "properties": { "full_id": "w1276711540", "osm_id": "1276711540", "osm_type": "way", "building": "house", "addr:city": null, "roof:shape": null, "addr:street": null, "addr:housenumber": null, "layer": null, "building:levels": null }, "geometry": { "type": "MultiPolygon", "coordinates": [ [ [ [ 92.4552953, 26.2926972 ], [ 92.4554676, 26.2927053 ], [ 92.4554647, 26.2927817 ], [ 92.4552954, 26.2927708 ], [ 92.4552953, 26.2926972 ] ] ] ] } },
{ "type": "Feature", "properties": { "full_id": "w1276711541", "osm_id": "1276711541", "osm_type": "way", "building": "house", "addr:city": null, "roof:shape": null, "addr:street": null, "addr:housenumber": null, "layer": null, "building:levels": null }, "geometry": { "type": "MultiPolygon", "coordinates": [ [ [ [ 92.4541551, 26.2933258 ], [ 92.4541386, 26.293386 ], [ 92.4540907, 26.2933961 ], [ 92.454098, 26.2933138 ], [ 92.4541551, 26.2933258 ] ] ] ] } },
{ "type": "Feature", "properties": { "full_id": "w1280137026", "osm_id": "1280137026", "osm_type": "way", "building": "house", "addr:city": null, "roof:shape": null, "addr:street": null, "addr:housenumber": null, "layer": null, "building:levels": null }, "geometry": { "type": "MultiPolygon", "coordinates": [ [ [ [ 92.5107808, 26.40942 ], [ 92.5109307, 26.4094366 ], [ 92.5109369, 26.4093593 ], [ 92.5107808, 26.4093519 ], [ 92.5107808, 26.40942 ] ] ] ] } },
{ "type": "Feature", "properties": { "full_id": "w1280137027", "osm_id": "1280137027", "osm_type": "way", "building": "house", "addr:city": null, "roof:shape": null, "addr:street": null, "addr:housenumber": null, "layer": null, "building:levels": null }, "geometry": { "type": "MultiPolygon", "coordinates": [ [ [ [ 92.5136111, 26.4091187 ], [ 92.513601, 26.4090621 ], [ 92.5137299, 26.409044 ], [ 92.513735, 26.4091278 ], [ 92.5136111, 26.4091187 ] ] ] ] } },
{ "type": "Feature", "properties": { "full_id": "w1293851135", "osm_id": "1293851135", "osm_type": "way", "building": "house", "addr:city": null, "roof:shape": null, "addr:street": null, "addr:housenumber": null, "layer": null, "building:levels": null }, "geometry": { "type": "MultiPolygon", "coordinates": [ [ [ [ 92.4610893, 26.391792 ], [ 92.4612916, 26.3918219 ], [ 92.4613853, 26.3913137 ], [ 92.461183, 26.3912838 ], [ 92.4610893, 26.391792 ] ] ] ] } },
{ "type": "Feature", "properties": { "full_id": "w1293851157", "osm_id": "1293851157", "osm_type": "way", "building": "house", "addr:city": null, "roof:shape": null, "addr:street": null, "addr:housenumber": null, "layer": null, "building:levels": null }, "geometry": { "type": "MultiPolygon", "coordinates": [ [ [ [ 92.4706099, 26.3868526 ], [ 92.47067, 26.3868526 ], [ 92.4706659, 26.3868 ], [ 92.4706112, 26.3868 ], [ 92.4706099, 26.3868526 ] ] ] ] } },
{ "type": "Feature", "properties": { "full_id": "w1296927645", "osm_id": "1296927645", "osm_type": "way", "building": "house", "addr:city": null, "roof:shape": null, "addr:street": null, "addr:housenumber": null, "layer": null, "building:levels": null }, "geometry": { "type": "MultiPolygon", "coordinates": [ [ [ [ 92.5358655, 26.4576348 ], [ 92.5357596, 26.4576048 ], [ 92.5357207, 26.4575724 ], [ 92.5357368, 26.4574943 ], [ 92.5358964, 26.4575388 ], [ 92.5358655, 26.4576348 ] ] ] ] } },
{ "type": "Feature", "properties": { "full_id": "w1296936172", "osm_id": "1296936172", "osm_type": "way", "building": "house", "addr:city": null, "roof:shape": null, "addr:street": null, "addr:housenumber": null, "layer": null, "building:levels": null }, "geometry": { "type": "MultiPolygon", "coordinates": [ [ [ [ 92.418625, 26.4465332 ], [ 92.4191169, 26.4463883 ], [ 92.4190795, 26.4462489 ], [ 92.4189301, 26.4462405 ], [ 92.4189052, 26.4463325 ], [ 92.4187931, 26.446352 ], [ 92.418762, 26.4464217 ], [ 92.4186312, 26.4464635 ], [ 92.418625, 26.4465332 ] ] ] ] } },
{ "type": "Feature", "properties": { "full_id": "w1296936613", "osm_id": "1296936613", "osm_type": "way", "building": "house", "addr:city": null, "roof:shape": null, "addr:street": null, "addr:housenumber": null, "layer": null, "building:levels": null }, "geometry": { "type": "MultiPolygon", "coordinates": [ [ [ [ 92.4227273, 26.4477462 ], [ 92.4228712, 26.4477483 ], [ 92.4229066, 26.4475814 ], [ 92.4227061, 26.4476131 ], [ 92.4227273, 26.4477462 ] ] ] ] } },
{ "type": "Feature", "properties": { "full_id": "w1296937219", "osm_id": "1296937219", "osm_type": "way", "building": "house", "addr:city": null, "roof:shape": null, "addr:street": null, "addr:housenumber": null, "layer": null, "building:levels": null }, "geometry": { "type": "MultiPolygon", "coordinates": [ [ [ [ 92.418589, 26.4422133 ], [ 92.418589, 26.4421335 ], [ 92.4187207, 26.4421335 ], [ 92.4187207, 26.4422133 ], [ 92.418589, 26.4422133 ] ] ] ] } },
{ "type": "Feature", "properties": { "full_id": "w1296937220", "osm_id": "1296937220", "osm_type": "way", "building": "house", "addr:city": null, "roof:shape": null, "addr:street": null, "addr:housenumber": null, "layer": null, "building:levels": null }, "geometry": { "type": "MultiPolygon", "coordinates": [ [ [ [ 92.4187058, 26.442069 ], [ 92.4187798, 26.4420658 ], [ 92.4187821, 26.4419813 ], [ 92.418893, 26.441994 ], [ 92.418893, 26.4419053 ], [ 92.4187196, 26.4419073 ], [ 92.4187058, 26.442069 ] ] ] ] } },
{ "type": "Feature", "properties": { "full_id": "w1300292591", "osm_id": "1300292591", "osm_type": "way", "building": "house", "addr:city": null, "roof:shape": null, "addr:street": null, "addr:housenumber": null, "layer": null, "building:levels": null }, "geometry": { "type": "MultiPolygon", "coordinates": [ [ [ [ 92.4535063, 26.3757195 ], [ 92.453517, 26.3756647 ], [ 92.4535868, 26.3756829 ], [ 92.4535728, 26.3757358 ], [ 92.4535063, 26.3757195 ] ] ] ] } },
{ "type": "Feature", "properties": { "full_id": "w1300292650", "osm_id": "1300292650", "osm_type": "way", "building": "house", "addr:city": null, "roof:shape": null, "addr:street": null, "addr:housenumber": null, "layer": null, "building:levels": null }, "geometry": { "type": "MultiPolygon", "coordinates": [ [ [ [ 92.4535009, 26.3758091 ], [ 92.4535133, 26.375764 ], [ 92.4535782, 26.3757818 ], [ 92.4535669, 26.375826 ], [ 92.4535009, 26.3758091 ] ] ] ] } },
{ "type": "Feature", "properties": { "full_id": "w1300292672", "osm_id": "1300292672", "osm_type": "way", "building": "house", "addr:city": null, "roof:shape": null, "addr:street": null, "addr:housenumber": null, "layer": null, "building:levels": null }, "geometry": { "type": "MultiPolygon", "coordinates": [ [ [ [ 92.4533995, 26.3758543 ], [ 92.4534087, 26.3758005 ], [ 92.4535047, 26.3758192 ], [ 92.4534945, 26.3758697 ], [ 92.4533995, 26.3758543 ] ] ] ] } },
{ "type": "Feature", "properties": { "full_id": "w1300296792", "osm_id": "1300296792", "osm_type": "way", "building": "house", "addr:city": null, "roof:shape": null, "addr:street": null, "addr:housenumber": null, "layer": null, "building:levels": null }, "geometry": { "type": "MultiPolygon", "coordinates": [ [ [ [ 92.4524119, 26.3770609 ], [ 92.4524129, 26.3770253 ], [ 92.452488, 26.3770253 ], [ 92.4524859, 26.3770609 ], [ 92.4524119, 26.3770609 ] ] ] ] } },
{ "type": "Feature", "properties": { "full_id": "w1300297114", "osm_id": "1300297114", "osm_type": "way", "building": "house", "addr:city": null, "roof:shape": null, "addr:street": null, "addr:housenumber": null, "layer": null, "building:levels": null }, "geometry": { "type": "MultiPolygon", "coordinates": [ [ [ [ 92.4561984, 26.3782353 ], [ 92.4562027, 26.3781821 ], [ 92.4563088, 26.3781681 ], [ 92.4563159, 26.3782214 ], [ 92.4561984, 26.3782353 ] ] ] ] } },
{ "type": "Feature", "properties": { "full_id": "w1300297154", "osm_id": "1300297154", "osm_type": "way", "building": "house", "addr:city": null, "roof:shape": null, "addr:street": null, "addr:housenumber": null, "layer": null, "building:levels": null }, "geometry": { "type": "MultiPolygon", "coordinates": [ [ [ [ 92.4557681, 26.3785663 ], [ 92.4557553, 26.3785181 ], [ 92.4558105, 26.3785042 ], [ 92.4558289, 26.3785537 ], [ 92.4557681, 26.3785663 ] ] ] ] } },
{ "type": "Feature", "properties": { "full_id": "w1300313528", "osm_id": "1300313528", "osm_type": "way", "building": "house", "addr:city": null, "roof:shape": null, "addr:street": null, "addr:housenumber": null, "layer": null, "building:levels": null }, "geometry": { "type": "MultiPolygon", "coordinates": [ [ [ [ 92.3198888, 26.311879 ], [ 92.3199616, 26.3118662 ], [ 92.3199438, 26.3117847 ], [ 92.3198728, 26.3118002 ], [ 92.3198888, 26.311879 ] ] ] ] } },
{ "type": "Feature", "properties": { "full_id": "w1300313529", "osm_id": "1300313529", "osm_type": "way", "building": "house", "addr:city": null, "roof:shape": null, "addr:street": null, "addr:housenumber": null, "layer": null, "building:levels": null }, "geometry": { "type": "MultiPolygon", "coordinates": [ [ [ [ 92.3190907, 26.309837 ], [ 92.3192397, 26.3098088 ], [ 92.3192103, 26.3096839 ], [ 92.3190614, 26.3097121 ], [ 92.3190907, 26.309837 ] ] ] ] } },
{ "type": "Feature", "properties": { "full_id": "w1300313530", "osm_id": "1300313530", "osm_type": "way", "building": "house", "addr:city": null, "roof:shape": null, "addr:street": null, "addr:housenumber": null, "layer": null, "building:levels": null }, "geometry": { "type": "MultiPolygon", "coordinates": [ [ [ [ 92.3181945, 26.308774 ], [ 92.3183826, 26.3087661 ], [ 92.318375, 26.3086224 ], [ 92.3181869, 26.3086303 ], [ 92.3181945, 26.308774 ] ] ] ] } },
{ "type": "Feature", "properties": { "full_id": "w1300313532", "osm_id": "1300313532", "osm_type": "way", "building": "house", "addr:city": null, "roof:shape": null, "addr:street": null, "addr:housenumber": null, "layer": null, "building:levels": null }, "geometry": { "type": "MultiPolygon", "coordinates": [ [ [ [ 92.3186325, 26.308217 ], [ 92.3188196, 26.3082104 ], [ 92.3188133, 26.3080657 ], [ 92.3186262, 26.3080722 ], [ 92.3186325, 26.308217 ] ] ] ] } },
{ "type": "Feature", "properties": { "full_id": "w1300313533", "osm_id": "1300313533", "osm_type": "way", "building": "house", "addr:city": null, "roof:shape": null, "addr:street": null, "addr:housenumber": null, "layer": null, "building:levels": null }, "geometry": { "type": "MultiPolygon", "coordinates": [ [ [ [ 92.3184297, 26.3075896 ], [ 92.318604, 26.3075857 ], [ 92.3185988, 26.3074007 ], [ 92.3184148, 26.3074048 ], [ 92.3184205, 26.3076087 ], [ 92.3184297, 26.3075896 ] ] ] ] } },
{ "type": "Feature", "properties": { "full_id": "w1300350595", "osm_id": "1300350595", "osm_type": "way", "building": "house", "addr:city": null, "roof:shape": null, "addr:street": null, "addr:housenumber": null, "layer": null, "building:levels": null }, "geometry": { "type": "MultiPolygon", "coordinates": [ [ [ [ 92.1693072, 26.2595213 ], [ 92.1693637, 26.259524 ], [ 92.1693659, 26.2594862 ], [ 92.1693095, 26.2594835 ], [ 92.1693072, 26.2595213 ] ] ] ] } },
{ "type": "Feature", "properties": { "full_id": "w1300350596", "osm_id": "1300350596", "osm_type": "way", "building": "house", "addr:city": null, "roof:shape": null, "addr:street": null, "addr:housenumber": null, "layer": null, "building:levels": null }, "geometry": { "type": "MultiPolygon", "coordinates": [ [ [ [ 92.1692941, 26.259609 ], [ 92.1693488, 26.2596158 ], [ 92.169354, 26.2595822 ], [ 92.1692993, 26.2595754 ], [ 92.1692941, 26.259609 ] ] ] ] } },
{ "type": "Feature", "properties": { "full_id": "w1300402244", "osm_id": "1300402244", "osm_type": "way", "building": "house", "addr:city": null, "roof:shape": null, "addr:street": null, "addr:housenumber": null, "layer": null, "building:levels": null }, "geometry": { "type": "MultiPolygon", "coordinates": [ [ [ [ 92.2095994, 26.2705694 ], [ 92.209577, 26.2705057 ], [ 92.2096903, 26.2704737 ], [ 92.2097127, 26.2705374 ], [ 92.2095994, 26.2705694 ] ] ] ] } },
{ "type": "Feature", "properties": { "full_id": "w1300402245", "osm_id": "1300402245", "osm_type": "way", "building": "house", "addr:city": null, "roof:shape": null, "addr:street": null, "addr:housenumber": null, "layer": null, "building:levels": null }, "geometry": { "type": "MultiPolygon", "coordinates": [ [ [ [ 92.2116003, 26.2695045 ], [ 92.2115942, 26.2694414 ], [ 92.2115281, 26.2694466 ], [ 92.2115194, 26.2693559 ], [ 92.2116338, 26.2693471 ], [ 92.2117802, 26.2693357 ], [ 92.211789, 26.269428 ], [ 92.2116764, 26.2694367 ], [ 92.2116823, 26.2694982 ], [ 92.2116003, 26.2695045 ] ] ] ] } },
{ "type": "Feature", "properties": { "full_id": "w1300534365", "osm_id": "1300534365", "osm_type": "way", "building": "house", "addr:city": null, "roof:shape": null, "addr:street": null, "addr:housenumber": null, "layer": null, "building:levels": null }, "geometry": { "type": "MultiPolygon", "coordinates": [ [ [ [ 92.0473863, 26.258302 ], [ 92.0474297, 26.2582388 ], [ 92.0471884, 26.2581055 ], [ 92.0471449, 26.2581688 ], [ 92.0473863, 26.258302 ] ] ] ] } },
{ "type": "Feature", "properties": { "full_id": "w1300938211", "osm_id": "1300938211", "osm_type": "way", "building": "house", "addr:city": null, "roof:shape": null, "addr:street": null, "addr:housenumber": null, "layer": null, "building:levels": null }, "geometry": { "type": "MultiPolygon", "coordinates": [ [ [ [ 92.046506, 26.2721295 ], [ 92.0466124, 26.2721531 ], [ 92.0466366, 26.2720653 ], [ 92.0465302, 26.2720417 ], [ 92.046506, 26.2721295 ] ] ] ] } },
{ "type": "Feature", "properties": { "full_id": "w1300938214", "osm_id": "1300938214", "osm_type": "way", "building": "house", "addr:city": null, "roof:shape": null, "addr:street": null, "addr:housenumber": null, "layer": null, "building:levels": null }, "geometry": { "type": "MultiPolygon", "coordinates": [ [ [ [ 92.0494325, 26.2710243 ], [ 92.0495777, 26.2710315 ], [ 92.0495877, 26.2708685 ], [ 92.0495175, 26.270865 ], [ 92.0495119, 26.2709555 ], [ 92.049437, 26.2709518 ], [ 92.0494325, 26.2710243 ] ] ] ] } },
{ "type": "Feature", "properties": { "full_id": "w1300966322", "osm_id": "1300966322", "osm_type": "way", "building": "house", "addr:city": null, "roof:shape": null, "addr:street": null, "addr:housenumber": null, "layer": null, "building:levels": null }, "geometry": { "type": "MultiPolygon", "coordinates": [ [ [ [ 92.320829, 26.4895063 ], [ 92.3208246, 26.4894817 ], [ 92.3208605, 26.4894766 ], [ 92.3208649, 26.4895012 ], [ 92.320829, 26.4895063 ] ] ] ] } },
{ "type": "Feature", "properties": { "full_id": "w1300970246", "osm_id": "1300970246", "osm_type": "way", "building": "house", "addr:city": null, "roof:shape": null, "addr:street": null, "addr:housenumber": null, "layer": null, "building:levels": null }, "geometry": { "type": "MultiPolygon", "coordinates": [ [ [ [ 92.2668079, 26.3604998 ], [ 92.2668778, 26.3604949 ], [ 92.2668742, 26.3604533 ], [ 92.2668042, 26.3604582 ], [ 92.2668079, 26.3604998 ] ] ] ] } },
{ "type": "Feature", "properties": { "full_id": "w1300970247", "osm_id": "1300970247", "osm_type": "way", "building": "house", "addr:city": null, "roof:shape": null, "addr:street": null, "addr:housenumber": null, "layer": null, "building:levels": null }, "geometry": { "type": "MultiPolygon", "coordinates": [ [ [ [ 92.266826, 26.3603332 ], [ 92.2668765, 26.3603319 ], [ 92.2668731, 26.3602257 ], [ 92.2668226, 26.360227 ], [ 92.266826, 26.3603332 ] ] ] ] } },
{ "type": "Feature", "properties": { "full_id": "w1300970248", "osm_id": "1300970248", "osm_type": "way", "building": "house", "addr:city": null, "roof:shape": null, "addr:street": null, "addr:housenumber": null, "layer": null, "building:levels": null }, "geometry": { "type": "MultiPolygon", "coordinates": [ [ [ [ 92.266937, 26.3603107 ], [ 92.2669987, 26.3603098 ], [ 92.266997, 26.3602146 ], [ 92.2669353, 26.3602155 ], [ 92.266937, 26.3603107 ] ] ] ] } },
{ "type": "Feature", "properties": { "full_id": "w1300970249", "osm_id": "1300970249", "osm_type": "way", "building": "house", "addr:city": null, "roof:shape": null, "addr:street": null, "addr:housenumber": null, "layer": null, "building:levels": null }, "geometry": { "type": "MultiPolygon", "coordinates": [ [ [ [ 92.2714868, 26.3555015 ], [ 92.2715951, 26.3554986 ], [ 92.2715927, 26.355427 ], [ 92.2714844, 26.3554299 ], [ 92.2714868, 26.3555015 ] ] ] ] } },
{ "type": "Feature", "properties": { "full_id": "w1300970250", "osm_id": "1300970250", "osm_type": "way", "building": "house", "addr:city": null, "roof:shape": null, "addr:street": null, "addr:housenumber": null, "layer": null, "building:levels": null }, "geometry": { "type": "MultiPolygon", "coordinates": [ [ [ [ 92.2708255, 26.3556553 ], [ 92.2709224, 26.3556544 ], [ 92.2709213, 26.3555606 ], [ 92.2708244, 26.3555615 ], [ 92.2708255, 26.3556553 ] ] ] ] } },
{ "type": "Feature", "properties": { "full_id": "w1300970251", "osm_id": "1300970251", "osm_type": "way", "building": "house", "addr:city": null, "roof:shape": null, "addr:street": null, "addr:housenumber": null, "layer": null, "building:levels": null }, "geometry": { "type": "MultiPolygon", "coordinates": [ [ [ [ 92.2687137, 26.3558857 ], [ 92.268752, 26.3558863 ], [ 92.2687534, 26.3558134 ], [ 92.2687151, 26.3558128 ], [ 92.2687137, 26.3558857 ] ] ] ] } },
{ "type": "Feature", "properties": { "full_id": "w1300970252", "osm_id": "1300970252", "osm_type": "way", "building": "house", "addr:city": null, "roof:shape": null, "addr:street": null, "addr:housenumber": null, "layer": null, "building:levels": null }, "geometry": { "type": "MultiPolygon", "coordinates": [ [ [ [ 92.2665664, 26.3565677 ], [ 92.2666089, 26.3565679 ], [ 92.2666091, 26.3565361 ], [ 92.2665666, 26.3565359 ], [ 92.2665664, 26.3565677 ] ] ] ] } },
{ "type": "Feature", "properties": { "full_id": "w1300970253", "osm_id": "1300970253", "osm_type": "way", "building": "house", "addr:city": null, "roof:shape": null, "addr:street": null, "addr:housenumber": null, "layer": null, "building:levels": null }, "geometry": { "type": "MultiPolygon", "coordinates": [ [ [ [ 92.266934, 26.3567387 ], [ 92.2669637, 26.3567379 ], [ 92.2669623, 26.3567007 ], [ 92.2669327, 26.3567015 ], [ 92.266934, 26.3567387 ] ] ] ] } },
{ "type": "Feature", "properties": { "full_id": "w1300970254", "osm_id": "1300970254", "osm_type": "way", "building": "house", "addr:city": null, "roof:shape": null, "addr:street": null, "addr:housenumber": null, "layer": null, "building:levels": null }, "geometry": { "type": "MultiPolygon", "coordinates": [ [ [ [ 92.266978, 26.3567446 ], [ 92.2670083, 26.356745 ], [ 92.2670092, 26.356694 ], [ 92.266979, 26.3566936 ], [ 92.266978, 26.3567446 ] ] ] ] } },
{ "type": "Feature", "properties": { "full_id": "w1300970260", "osm_id": "1300970260", "osm_type": "way", "building": "house", "addr:city": null, "roof:shape": null, "addr:street": null, "addr:housenumber": null, "layer": null, "building:levels": null }, "geometry": { "type": "MultiPolygon", "coordinates": [ [ [ [ 92.2634482, 26.3573214 ], [ 92.2634856, 26.3573225 ], [ 92.2634873, 26.3572755 ], [ 92.2634499, 26.3572744 ], [ 92.2634482, 26.3573214 ] ] ] ] } },
{ "type": "Feature", "properties": { "full_id": "w1300970261", "osm_id": "1300970261", "osm_type": "way", "building": "house", "addr:city": null, "roof:shape": null, "addr:street": null, "addr:housenumber": null, "layer": null, "building:levels": null }, "geometry": { "type": "MultiPolygon", "coordinates": [ [ [ [ 92.2638735, 26.3548653 ], [ 92.2639073, 26.3548845 ], [ 92.2639408, 26.3548372 ], [ 92.2639069, 26.354818 ], [ 92.2638735, 26.3548653 ] ] ] ] } },
{ "type": "Feature", "properties": { "full_id": "w1300974672", "osm_id": "1300974672", "osm_type": "way", "building": "house", "addr:city": null, "roof:shape": null, "addr:street": null, "addr:housenumber": null, "layer": null, "building:levels": null }, "geometry": { "type": "MultiPolygon", "coordinates": [ [ [ [ 92.2668796, 26.3536981 ], [ 92.2669471, 26.3537011 ], [ 92.2669492, 26.3536641 ], [ 92.2668816, 26.3536611 ], [ 92.2668796, 26.3536981 ] ] ] ] } },
{ "type": "Feature", "properties": { "full_id": "w1300974678", "osm_id": "1300974678", "osm_type": "way", "building": "house", "addr:city": null, "roof:shape": null, "addr:street": null, "addr:housenumber": null, "layer": null, "building:levels": null }, "geometry": { "type": "MultiPolygon", "coordinates": [ [ [ [ 92.2689498, 26.3532623 ], [ 92.2690447, 26.3532626 ], [ 92.2690456, 26.3530838 ], [ 92.2689506, 26.3530835 ], [ 92.2689498, 26.3532623 ] ] ] ] } },
{ "type": "Feature", "properties": { "full_id": "w1300974679", "osm_id": "1300974679", "osm_type": "way", "building": "house", "addr:city": null, "roof:shape": null, "addr:street": null, "addr:housenumber": null, "layer": null, "building:levels": null }, "geometry": { "type": "MultiPolygon", "coordinates": [ [ [ [ 92.263948, 26.3529309 ], [ 92.2640832, 26.3529281 ], [ 92.2640769, 26.3526766 ], [ 92.2639416, 26.3526793 ], [ 92.263948, 26.3529309 ] ] ] ] } },
{ "type": "Feature", "properties": { "full_id": "w1301035175", "osm_id": "1301035175", "osm_type": "way", "building": "house", "addr:city": null, "roof:shape": null, "addr:street": null, "addr:housenumber": null, "layer": null, "building:levels": null }, "geometry": { "type": "MultiPolygon", "coordinates": [ [ [ [ 92.2127334, 26.3413656 ], [ 92.2128447, 26.3413313 ], [ 92.2128661, 26.3413872 ], [ 92.2127548, 26.3414215 ], [ 92.2127334, 26.3413656 ] ] ] ] } },
{ "type": "Feature", "properties": { "full_id": "w1301035178", "osm_id": "1301035178", "osm_type": "way", "building": "house", "addr:city": null, "roof:shape": null, "addr:street": null, "addr:housenumber": null, "layer": null, "building:levels": null }, "geometry": { "type": "MultiPolygon", "coordinates": [ [ [ [ 92.212665, 26.3409205 ], [ 92.2127033, 26.3410286 ], [ 92.2126269, 26.3410503 ], [ 92.2125886, 26.3409422 ], [ 92.212665, 26.3409205 ] ] ] ] } },
{ "type": "Feature", "properties": { "full_id": "w1301035179", "osm_id": "1301035179", "osm_type": "way", "building": "house", "addr:city": null, "roof:shape": null, "addr:street": null, "addr:housenumber": null, "layer": null, "building:levels": null }, "geometry": { "type": "MultiPolygon", "coordinates": [ [ [ [ 92.2127174, 26.3404138 ], [ 92.2127811, 26.3404016 ], [ 92.2127967, 26.3404672 ], [ 92.212733, 26.3404794 ], [ 92.2127174, 26.3404138 ] ] ] ] } },
{ "type": "Feature", "properties": { "full_id": "w1301126107", "osm_id": "1301126107", "osm_type": "way", "building": "house", "addr:city": null, "roof:shape": null, "addr:street": null, "addr:housenumber": null, "layer": null, "building:levels": null }, "geometry": { "type": "MultiPolygon", "coordinates": [ [ [ [ 92.3100816, 26.4570115 ], [ 92.3101358, 26.4570175 ], [ 92.3101408, 26.4569815 ], [ 92.3100866, 26.4569755 ], [ 92.3100816, 26.4570115 ] ] ] ] } },
{ "type": "Feature", "properties": { "full_id": "w1301434136", "osm_id": "1301434136", "osm_type": "way", "building": "house", "addr:city": null, "roof:shape": null, "addr:street": null, "addr:housenumber": null, "layer": null, "building:levels": null }, "geometry": { "type": "MultiPolygon", "coordinates": [ [ [ [ 92.1378698, 26.253097 ], [ 92.1380678, 26.2530497 ], [ 92.1380409, 26.252959 ], [ 92.1378429, 26.2530063 ], [ 92.1378698, 26.253097 ] ] ] ] } },
{ "type": "Feature", "properties": { "full_id": "w1301434138", "osm_id": "1301434138", "osm_type": "way", "building": "house", "addr:city": null, "roof:shape": null, "addr:street": null, "addr:housenumber": null, "layer": null, "building:levels": null }, "geometry": { "type": "MultiPolygon", "coordinates": [ [ [ [ 92.1376444, 26.2530477 ], [ 92.1376206, 26.2529641 ], [ 92.1377943, 26.2529242 ], [ 92.1378181, 26.2530078 ], [ 92.1376444, 26.2530477 ] ] ] ] } },
{ "type": "Feature", "properties": { "full_id": "w1301706493", "osm_id": "1301706493", "osm_type": "way", "building": "house", "addr:city": null, "roof:shape": null, "addr:street": null, "addr:housenumber": null, "layer": null, "building:levels": null }, "geometry": { "type": "MultiPolygon", "coordinates": [ [ [ [ 92.3561883, 26.2969168 ], [ 92.3561869, 26.2969517 ], [ 92.3562681, 26.296935 ], [ 92.3562597, 26.2969022 ], [ 92.3561883, 26.2969168 ] ] ] ] } },
{ "type": "Feature", "properties": { "full_id": "w1301706494", "osm_id": "1301706494", "osm_type": "way", "building": "house", "addr:city": null, "roof:shape": null, "addr:street": null, "addr:housenumber": null, "layer": null, "building:levels": null }, "geometry": { "type": "MultiPolygon", "coordinates": [ [ [ [ 92.3561922, 26.2969569 ], [ 92.3561977, 26.2969922 ], [ 92.3562349, 26.2969833 ], [ 92.35623, 26.2969521 ], [ 92.3561922, 26.2969569 ] ] ] ] } },
{ "type": "Feature", "properties": { "full_id": "w1301706495", "osm_id": "1301706495", "osm_type": "way", "building": "house", "addr:city": null, "roof:shape": null, "addr:street": null, "addr:housenumber": null, "layer": null, "building:levels": null }, "geometry": { "type": "MultiPolygon", "coordinates": [ [ [ [ 92.3561842, 26.2969963 ], [ 92.3562062, 26.2970734 ], [ 92.3563168, 26.2970481 ], [ 92.3563233, 26.2970071 ], [ 92.3563119, 26.296967 ], [ 92.3561842, 26.2969963 ] ] ] ] } },
{ "type": "Feature", "properties": { "full_id": "w1301710824", "osm_id": "1301710824", "osm_type": "way", "building": "house", "addr:city": null, "roof:shape": null, "addr:street": null, "addr:housenumber": null, "layer": null, "building:levels": null }, "geometry": { "type": "MultiPolygon", "coordinates": [ [ [ [ 92.3553358, 26.2969156 ], [ 92.3553364, 26.2969323 ], [ 92.355405, 26.2969303 ], [ 92.3554044, 26.2969136 ], [ 92.3553358, 26.2969156 ] ] ] ] } },
{ "type": "Feature", "properties": { "full_id": "w1301710825", "osm_id": "1301710825", "osm_type": "way", "building": "house", "addr:city": null, "roof:shape": null, "addr:street": null, "addr:housenumber": null, "layer": null, "building:levels": null }, "geometry": { "type": "MultiPolygon", "coordinates": [ [ [ [ 92.3553372, 26.2969925 ], [ 92.3553378, 26.2970191 ], [ 92.3553772, 26.2970184 ], [ 92.3553766, 26.2969918 ], [ 92.3553372, 26.2969925 ] ] ] ] } },
{ "type": "Feature", "properties": { "full_id": "w1301710826", "osm_id": "1301710826", "osm_type": "way", "building": "house", "addr:city": null, "roof:shape": null, "addr:street": null, "addr:housenumber": null, "layer": null, "building:levels": null }, "geometry": { "type": "MultiPolygon", "coordinates": [ [ [ [ 92.355368, 26.2970299 ], [ 92.3553699, 26.2970641 ], [ 92.3554344, 26.2970612 ], [ 92.3554324, 26.2970269 ], [ 92.355368, 26.2970299 ] ] ] ] } },
{ "type": "Feature", "properties": { "full_id": "w1301710829", "osm_id": "1301710829", "osm_type": "way", "building": "house", "addr:city": null, "roof:shape": null, "addr:street": null, "addr:housenumber": null, "layer": null, "building:levels": null }, "geometry": { "type": "MultiPolygon", "coordinates": [ [ [ [ 92.3548305, 26.2978833 ], [ 92.3548285, 26.2979104 ], [ 92.3549297, 26.2979166 ], [ 92.354933, 26.2978731 ], [ 92.3548769, 26.2978432 ], [ 92.3548528, 26.2978392 ], [ 92.354846, 26.2978723 ], [ 92.3548305, 26.2978833 ] ] ] ] } },
{ "type": "Feature", "properties": { "full_id": "w1301710830", "osm_id": "1301710830", "osm_type": "way", "building": "house", "addr:city": null, "roof:shape": null, "addr:street": null, "addr:housenumber": null, "layer": null, "building:levels": null }, "geometry": { "type": "MultiPolygon", "coordinates": [ [ [ [ 92.3550364, 26.2978932 ], [ 92.3550288, 26.2979775 ], [ 92.3551433, 26.2979858 ], [ 92.3551523, 26.2978865 ], [ 92.3550857, 26.2979241 ], [ 92.3550364, 26.2978932 ] ] ] ] } },
{ "type": "Feature", "properties": { "full_id": "w1301710831", "osm_id": "1301710831", "osm_type": "way", "building": "house", "addr:city": null, "roof:shape": null, "addr:street": null, "addr:housenumber": null, "layer": null, "building:levels": null }, "geometry": { "type": "MultiPolygon", "coordinates": [ [ [ [ 92.3552155, 26.2979509 ], [ 92.3552126, 26.2979864 ], [ 92.3552462, 26.2980065 ], [ 92.3552518, 26.2980333 ], [ 92.3553078, 26.2980032 ], [ 92.3553172, 26.2979328 ], [ 92.3552705, 26.2979546 ], [ 92.3552155, 26.2979509 ] ] ] ] } },
{ "type": "Feature", "properties": { "full_id": "w1301710832", "osm_id": "1301710832", "osm_type": "way", "building": "house", "addr:city": null, "roof:shape": null, "addr:street": null, "addr:housenumber": null, "layer": null, "building:levels": null }, "geometry": { "type": "MultiPolygon", "coordinates": [ [ [ [ 92.35528, 26.2978333 ], [ 92.3552686, 26.2978776 ], [ 92.3553116, 26.2978642 ], [ 92.3553175, 26.2978411 ], [ 92.35528, 26.2978333 ] ] ] ] } },
{ "type": "Feature", "properties": { "full_id": "w1301710833", "osm_id": "1301710833", "osm_type": "way", "building": "house", "addr:city": null, "roof:shape": null, "addr:street": null, "addr:housenumber": null, "layer": null, "building:levels": null }, "geometry": { "type": "MultiPolygon", "coordinates": [ [ [ [ 92.3554666, 26.2977654 ], [ 92.3554666, 26.2978005 ], [ 92.3555096, 26.2977671 ], [ 92.3555096, 26.2977319 ], [ 92.3554666, 26.2977654 ] ] ] ] } },
{ "type": "Feature", "properties": { "full_id": "w1301710834", "osm_id": "1301710834", "osm_type": "way", "building": "house", "addr:city": null, "roof:shape": null, "addr:street": null, "addr:housenumber": null, "layer": null, "building:levels": null }, "geometry": { "type": "MultiPolygon", "coordinates": [ [ [ [ 92.3554311, 26.2978943 ], [ 92.3554236, 26.2979312 ], [ 92.3554778, 26.2979513 ], [ 92.3554778, 26.2979127 ], [ 92.3554554, 26.297896 ], [ 92.3554311, 26.2978943 ] ] ] ] } },
{ "type": "Feature", "properties": { "full_id": "w1301710835", "osm_id": "1301710835", "osm_type": "way", "building": "house", "addr:city": null, "roof:shape": null, "addr:street": null, "addr:housenumber": null, "layer": null, "building:levels": null }, "geometry": { "type": "MultiPolygon", "coordinates": [ [ [ [ 92.3556858, 26.2980632 ], [ 92.3556808, 26.2981046 ], [ 92.3557697, 26.2981134 ], [ 92.3557748, 26.2980719 ], [ 92.3556858, 26.2980632 ] ] ] ] } },
{ "type": "Feature", "properties": { "full_id": "w1301710836", "osm_id": "1301710836", "osm_type": "way", "building": "house", "addr:city": null, "roof:shape": null, "addr:street": null, "addr:housenumber": null, "layer": null, "building:levels": null }, "geometry": { "type": "MultiPolygon", "coordinates": [ [ [ [ 92.3559002, 26.2979749 ], [ 92.3558912, 26.2980323 ], [ 92.3560131, 26.2980477 ], [ 92.3560221, 26.2979903 ], [ 92.3559002, 26.2979749 ] ] ] ] } },
{ "type": "Feature", "properties": { "full_id": "w1301716462", "osm_id": "1301716462", "osm_type": "way", "building": "house", "addr:city": null, "roof:shape": null, "addr:street": null, "addr:housenumber": null, "layer": null, "building:levels": null }, "geometry": { "type": "MultiPolygon", "coordinates": [ [ [ [ 92.3567746, 26.2958869 ], [ 92.3567802, 26.2959953 ], [ 92.3568622, 26.2959919 ], [ 92.3568566, 26.2958835 ], [ 92.3567746, 26.2958869 ] ] ] ] } },
{ "type": "Feature", "properties": { "full_id": "w1301716465", "osm_id": "1301716465", "osm_type": "way", "building": "house", "addr:city": null, "roof:shape": null, "addr:street": null, "addr:housenumber": null, "layer": null, "building:levels": null }, "geometry": { "type": "MultiPolygon", "coordinates": [ [ [ [ 92.3572569, 26.2956202 ], [ 92.357229, 26.295676 ], [ 92.3573084, 26.2956865 ], [ 92.357273, 26.2956596 ], [ 92.3572859, 26.2956154 ], [ 92.3572569, 26.2956202 ] ] ] ] } },
{ "type": "Feature", "properties": { "full_id": "w1301716466", "osm_id": "1301716466", "osm_type": "way", "building": "house", "addr:city": null, "roof:shape": null, "addr:street": null, "addr:housenumber": null, "layer": null, "building:levels": null }, "geometry": { "type": "MultiPolygon", "coordinates": [ [ [ [ 92.3565094, 26.295021 ], [ 92.3565029, 26.2951227 ], [ 92.3567786, 26.2951368 ], [ 92.3567851, 26.295035 ], [ 92.3565094, 26.295021 ] ] ] ] } },
{ "type": "Feature", "properties": { "full_id": "w1301716467", "osm_id": "1301716467", "osm_type": "way", "building": "house", "addr:city": null, "roof:shape": null, "addr:street": null, "addr:housenumber": null, "layer": null, "building:levels": null }, "geometry": { "type": "MultiPolygon", "coordinates": [ [ [ [ 92.3562422, 26.294375 ], [ 92.356213, 26.2944829 ], [ 92.356265, 26.2944975 ], [ 92.3563203, 26.2945121 ], [ 92.3563463, 26.2943838 ], [ 92.3562422, 26.294375 ] ] ] ] } },
{ "type": "Feature", "properties": { "full_id": "w1301716468", "osm_id": "1301716468", "osm_type": "way", "building": "house", "addr:city": null, "roof:shape": null, "addr:street": null, "addr:housenumber": null, "layer": null, "building:levels": null }, "geometry": { "type": "MultiPolygon", "coordinates": [ [ [ [ 92.3561056, 26.2942409 ], [ 92.3560633, 26.2942846 ], [ 92.3560698, 26.2943604 ], [ 92.3561772, 26.2943808 ], [ 92.356213, 26.2942992 ], [ 92.3561056, 26.2942409 ] ] ] ] } },
{ "type": "Feature", "properties": { "full_id": "w1301716469", "osm_id": "1301716469", "osm_type": "way", "building": "house", "addr:city": null, "roof:shape": null, "addr:street": null, "addr:housenumber": null, "layer": null, "building:levels": null }, "geometry": { "type": "MultiPolygon", "coordinates": [ [ [ [ 92.3557689, 26.2942031 ], [ 92.3557661, 26.2942656 ], [ 92.3558169, 26.2942674 ], [ 92.3558197, 26.294205 ], [ 92.3557689, 26.2942031 ] ] ] ] } },
{ "type": "Feature", "properties": { "full_id": "w1301716470", "osm_id": "1301716470", "osm_type": "way", "building": "house", "addr:city": null, "roof:shape": null, "addr:street": null, "addr:housenumber": null, "layer": null, "building:levels": null }, "geometry": { "type": "MultiPolygon", "coordinates": [ [ [ [ 92.3556834, 26.2937099 ], [ 92.3557221, 26.293834 ], [ 92.3557635, 26.2938236 ], [ 92.3558325, 26.2938324 ], [ 92.3557906, 26.2937021 ], [ 92.3557413, 26.2936954 ], [ 92.3556834, 26.2937099 ] ] ] ] } },
{ "type": "Feature", "properties": { "full_id": "w1301716472", "osm_id": "1301716472", "osm_type": "way", "building": "house", "addr:city": null, "roof:shape": null, "addr:street": null, "addr:housenumber": null, "layer": null, "building:levels": null }, "geometry": { "type": "MultiPolygon", "coordinates": [ [ [ [ 92.3548317, 26.2936092 ], [ 92.3548983, 26.2936048 ], [ 92.3549254, 26.2937396 ], [ 92.354849, 26.2937463 ], [ 92.354881, 26.2937087 ], [ 92.3548613, 26.2936778 ], [ 92.3548317, 26.2936755 ], [ 92.3548317, 26.2936092 ] ] ] ] } },
{ "type": "Feature", "properties": { "full_id": "w1301716473", "osm_id": "1301716473", "osm_type": "way", "building": "house", "addr:city": null, "roof:shape": null, "addr:street": null, "addr:housenumber": null, "layer": null, "building:levels": null }, "geometry": { "type": "MultiPolygon", "coordinates": [ [ [ [ 92.3548515, 26.2934546 ], [ 92.3548589, 26.2935319 ], [ 92.3548958, 26.2935253 ], [ 92.3549205, 26.2935363 ], [ 92.3549155, 26.2934501 ], [ 92.3548884, 26.2934546 ], [ 92.3548515, 26.2934546 ] ] ] ] } },
{ "type": "Feature", "properties": { "full_id": "w1301716474", "osm_id": "1301716474", "osm_type": "way", "building": "house", "addr:city": null, "roof:shape": null, "addr:street": null, "addr:housenumber": null, "layer": null, "building:levels": null }, "geometry": { "type": "MultiPolygon", "coordinates": [ [ [ [ 92.3559389, 26.2936868 ], [ 92.3559368, 26.2937349 ], [ 92.3560419, 26.2937407 ], [ 92.3560419, 26.2936772 ], [ 92.3559389, 26.2936868 ] ] ] ] } },
{ "type": "Feature", "properties": { "full_id": "w1301716475", "osm_id": "1301716475", "osm_type": "way", "building": "house", "addr:city": null, "roof:shape": null, "addr:street": null, "addr:housenumber": null, "layer": null, "building:levels": null }, "geometry": { "type": "MultiPolygon", "coordinates": [ [ [ [ 92.3561749, 26.2938003 ], [ 92.3561664, 26.2938792 ], [ 92.3562136, 26.293885 ], [ 92.3562157, 26.2938003 ], [ 92.3561749, 26.2938003 ] ] ] ] } },
{ "type": "Feature", "properties": { "full_id": "w1301716476", "osm_id": "1301716476", "osm_type": "way", "building": "house", "addr:city": null, "roof:shape": null, "addr:street": null, "addr:housenumber": null, "layer": null, "building:levels": null }, "geometry": { "type": "MultiPolygon", "coordinates": [ [ [ [ 92.3562629, 26.2938292 ], [ 92.3562436, 26.2938773 ], [ 92.3563058, 26.293885 ], [ 92.3563101, 26.2938427 ], [ 92.3562629, 26.2938292 ] ] ] ] } },
{ "type": "Feature", "properties": { "full_id": "w1301716477", "osm_id": "1301716477", "osm_type": "way", "building": "house", "addr:city": null, "roof:shape": null, "addr:street": null, "addr:housenumber": null, "layer": null, "building:levels": null }, "geometry": { "type": "MultiPolygon", "coordinates": [ [ [ [ 92.3565173, 26.2938519 ], [ 92.3565229, 26.2938954 ], [ 92.3566033, 26.2939105 ], [ 92.3566051, 26.2938435 ], [ 92.3565173, 26.2938519 ] ] ] ] } },
{ "type": "Feature", "properties": { "full_id": "w1301716478", "osm_id": "1301716478", "osm_type": "way", "building": "house", "addr:city": null, "roof:shape": null, "addr:street": null, "addr:housenumber": null, "layer": null, "building:levels": null }, "geometry": { "type": "MultiPolygon", "coordinates": [ [ [ [ 92.3566313, 26.2938569 ], [ 92.3566257, 26.293887 ], [ 92.3567116, 26.2939021 ], [ 92.3567079, 26.2938418 ], [ 92.3566313, 26.2938569 ] ] ] ] } },
{ "type": "Feature", "properties": { "full_id": "w1301716479", "osm_id": "1301716479", "osm_type": "way", "building": "house", "addr:city": null, "roof:shape": null, "addr:street": null, "addr:housenumber": null, "layer": null, "building:levels": null }, "geometry": { "type": "MultiPolygon", "coordinates": [ [ [ [ 92.3566238, 26.2937849 ], [ 92.3566163, 26.2938284 ], [ 92.3566724, 26.2938284 ], [ 92.3566705, 26.2937882 ], [ 92.3566238, 26.2937849 ] ] ] ] } },
{ "type": "Feature", "properties": { "full_id": "w1301716485", "osm_id": "1301716485", "osm_type": "way", "building": "house", "addr:city": null, "roof:shape": null, "addr:street": null, "addr:housenumber": null, "layer": null, "building:levels": null }, "geometry": { "type": "MultiPolygon", "coordinates": [ [ [ [ 92.3606511, 26.3012317 ], [ 92.3606369, 26.3012591 ], [ 92.3606837, 26.3012786 ], [ 92.3606846, 26.3012322 ], [ 92.3606511, 26.3012317 ] ] ] ] } },
{ "type": "Feature", "properties": { "full_id": "w1301716486", "osm_id": "1301716486", "osm_type": "way", "building": "house", "addr:city": null, "roof:shape": null, "addr:street": null, "addr:housenumber": null, "layer": null, "building:levels": null }, "geometry": { "type": "MultiPolygon", "coordinates": [ [ [ [ 92.3606609, 26.3012944 ], [ 92.3606453, 26.3013537 ], [ 92.3607525, 26.3013764 ], [ 92.3607681, 26.3013171 ], [ 92.3606609, 26.3012944 ] ] ] ] } },
{ "type": "Feature", "properties": { "full_id": "w1301716487", "osm_id": "1301716487", "osm_type": "way", "building": "house", "addr:city": null, "roof:shape": null, "addr:street": null, "addr:housenumber": null, "layer": null, "building:levels": null }, "geometry": { "type": "MultiPolygon", "coordinates": [ [ [ [ 92.3607627, 26.3012669 ], [ 92.3607551, 26.3012896 ], [ 92.3607887, 26.3012987 ], [ 92.3607963, 26.301276 ], [ 92.3607627, 26.3012669 ] ] ] ] } },
{ "type": "Feature", "properties": { "full_id": "w1301716488", "osm_id": "1301716488", "osm_type": "way", "building": "house", "addr:city": null, "roof:shape": null, "addr:street": null, "addr:housenumber": null, "layer": null, "building:levels": null }, "geometry": { "type": "MultiPolygon", "coordinates": [ [ [ [ 92.361082, 26.3011588 ], [ 92.3610465, 26.3012618 ], [ 92.3611662, 26.3012949 ], [ 92.3612017, 26.301192 ], [ 92.361082, 26.3011588 ] ] ] ] } },
{ "type": "Feature", "properties": { "full_id": "w1301716505", "osm_id": "1301716505", "osm_type": "way", "building": "house", "addr:city": null, "roof:shape": null, "addr:street": null, "addr:housenumber": null, "layer": null, "building:levels": null }, "geometry": { "type": "MultiPolygon", "coordinates": [ [ [ [ 92.3606062, 26.2997553 ], [ 92.360603, 26.2998005 ], [ 92.3606319, 26.2997976 ], [ 92.3606566, 26.2997909 ], [ 92.3606866, 26.2997947 ], [ 92.3606941, 26.2997505 ], [ 92.3606598, 26.2997457 ], [ 92.3606062, 26.2997553 ] ] ] ] } },
{ "type": "Feature", "properties": { "full_id": "w1301792286", "osm_id": "1301792286", "osm_type": "way", "building": "house", "addr:city": null, "roof:shape": null, "addr:street": null, "addr:housenumber": null, "layer": null, "building:levels": null }, "geometry": { "type": "MultiPolygon", "coordinates": [ [ [ [ 92.3520399, 26.3225981 ], [ 92.3520992, 26.3225912 ], [ 92.3520835, 26.3224834 ], [ 92.3520242, 26.3224903 ], [ 92.3520399, 26.3225981 ] ] ] ] } },
{ "type": "Feature", "properties": { "full_id": "w1302477260", "osm_id": "1302477260", "osm_type": "way", "building": "house", "addr:city": null, "roof:shape": null, "addr:street": null, "addr:housenumber": null, "layer": null, "building:levels": null }, "geometry": { "type": "MultiPolygon", "coordinates": [ [ [ [ 92.2031987, 26.3109761 ], [ 92.2032137, 26.3109112 ], [ 92.2034321, 26.3109519 ], [ 92.203417, 26.3110167 ], [ 92.2031987, 26.3109761 ] ] ] ] } },
{ "type": "Feature", "properties": { "full_id": "w1302477261", "osm_id": "1302477261", "osm_type": "way", "building": "house", "addr:city": null, "roof:shape": null, "addr:street": null, "addr:housenumber": null, "layer": null, "building:levels": null }, "geometry": { "type": "MultiPolygon", "coordinates": [ [ [ [ 92.2021158, 26.3106513 ], [ 92.202116, 26.3106084 ], [ 92.2022272, 26.310609 ], [ 92.2022267, 26.3106866 ], [ 92.2021619, 26.3106863 ], [ 92.2021621, 26.3106515 ], [ 92.2021158, 26.3106513 ] ] ] ] } },
{ "type": "Feature", "properties": { "full_id": "w1302477262", "osm_id": "1302477262", "osm_type": "way", "building": "house", "addr:city": null, "roof:shape": null, "addr:street": null, "addr:housenumber": null, "layer": null, "building:levels": null }, "geometry": { "type": "MultiPolygon", "coordinates": [ [ [ [ 92.2017574, 26.3104591 ], [ 92.2017631, 26.3103865 ], [ 92.2018276, 26.3103906 ], [ 92.201822, 26.3104632 ], [ 92.2017574, 26.3104591 ] ] ] ] } },
{ "type": "Feature", "properties": { "full_id": "w1302480518", "osm_id": "1302480518", "osm_type": "way", "building": "house", "addr:city": null, "roof:shape": null, "addr:street": null, "addr:housenumber": null, "layer": null, "building:levels": null }, "geometry": { "type": "MultiPolygon", "coordinates": [ [ [ [ 92.1972796, 26.299906 ], [ 92.1972779, 26.299814 ], [ 92.1974261, 26.2998119 ], [ 92.1974277, 26.2999038 ], [ 92.1972796, 26.299906 ] ] ] ] } },
{ "type": "Feature", "properties": { "full_id": "w1302480519", "osm_id": "1302480519", "osm_type": "way", "building": "house", "addr:city": null, "roof:shape": null, "addr:street": null, "addr:housenumber": null, "layer": null, "building:levels": null }, "geometry": { "type": "MultiPolygon", "coordinates": [ [ [ [ 92.1980099, 26.3007875 ], [ 92.1980767, 26.3007817 ], [ 92.198069, 26.3007102 ], [ 92.1980022, 26.300716 ], [ 92.1980099, 26.3007875 ] ] ] ] } },
{ "type": "Feature", "properties": { "full_id": "w1302480525", "osm_id": "1302480525", "osm_type": "way", "building": "house", "addr:city": null, "roof:shape": null, "addr:street": null, "addr:housenumber": null, "layer": null, "building:levels": null }, "geometry": { "type": "MultiPolygon", "coordinates": [ [ [ [ 92.2065092, 26.3011151 ], [ 92.2065059, 26.3010039 ], [ 92.206576, 26.3010022 ], [ 92.2065793, 26.3011134 ], [ 92.2065092, 26.3011151 ] ] ] ] } },
{ "type": "Feature", "properties": { "full_id": "w1302480527", "osm_id": "1302480527", "osm_type": "way", "building": "house", "addr:city": null, "roof:shape": null, "addr:street": null, "addr:housenumber": null, "layer": null, "building:levels": null }, "geometry": { "type": "MultiPolygon", "coordinates": [ [ [ [ 92.2048644, 26.2991279 ], [ 92.204981, 26.2991274 ], [ 92.2049802, 26.298976 ], [ 92.2048636, 26.2989764 ], [ 92.2048644, 26.2991279 ] ] ] ] } },
{ "type": "Feature", "properties": { "full_id": "w1302480531", "osm_id": "1302480531", "osm_type": "way", "building": "house", "addr:city": null, "roof:shape": null, "addr:street": null, "addr:housenumber": null, "layer": null, "building:levels": null }, "geometry": { "type": "MultiPolygon", "coordinates": [ [ [ [ 92.2080438, 26.2998339 ], [ 92.208039, 26.2997347 ], [ 92.2081636, 26.2997299 ], [ 92.2081684, 26.299829 ], [ 92.2080438, 26.2998339 ] ] ] ] } },
{ "type": "Feature", "properties": { "full_id": "w1302480534", "osm_id": "1302480534", "osm_type": "way", "building": "house", "addr:city": null, "roof:shape": null, "addr:street": null, "addr:housenumber": null, "layer": null, "building:levels": null }, "geometry": { "type": "MultiPolygon", "coordinates": [ [ [ [ 92.2065507, 26.2970861 ], [ 92.2066795, 26.2971099 ], [ 92.2066977, 26.2970306 ], [ 92.206569, 26.2970068 ], [ 92.2065507, 26.2970861 ] ] ] ] } },
{ "type": "Feature", "properties": { "full_id": "w1302492853", "osm_id": "1302492853", "osm_type": "way", "building": "house", "addr:city": null, "roof:shape": null, "addr:street": null, "addr:housenumber": null, "layer": null, "building:levels": null }, "geometry": { "type": "MultiPolygon", "coordinates": [ [ [ [ 92.194885, 26.3000353 ], [ 92.1948783, 26.3000352 ], [ 92.1948784, 26.2999426 ], [ 92.194982, 26.2999428 ], [ 92.1949819, 26.3000355 ], [ 92.194885, 26.3000353 ] ] ] ] } },
{ "type": "Feature", "properties": { "full_id": "w1302492855", "osm_id": "1302492855", "osm_type": "way", "building": "house", "addr:city": null, "roof:shape": null, "addr:street": null, "addr:housenumber": null, "layer": null, "building:levels": null }, "geometry": { "type": "MultiPolygon", "coordinates": [ [ [ [ 92.1949597, 26.3001983 ], [ 92.1949665, 26.300139 ], [ 92.1950636, 26.300148 ], [ 92.1950567, 26.3002074 ], [ 92.1949597, 26.3001983 ] ] ] ] } },
{ "type": "Feature", "properties": { "full_id": "w1302492858", "osm_id": "1302492858", "osm_type": "way", "building": "house", "addr:city": null, "roof:shape": null, "addr:street": null, "addr:housenumber": null, "layer": null, "building:levels": null }, "geometry": { "type": "MultiPolygon", "coordinates": [ [ [ [ 92.1952765, 26.2998213 ], [ 92.195324, 26.2998208 ], [ 92.1953229, 26.2997419 ], [ 92.1952754, 26.2997425 ], [ 92.1952765, 26.2998213 ] ] ] ] } },
{ "type": "Feature", "properties": { "full_id": "w1302492859", "osm_id": "1302492859", "osm_type": "way", "building": "house", "addr:city": null, "roof:shape": null, "addr:street": null, "addr:housenumber": null, "layer": null, "building:levels": null }, "geometry": { "type": "MultiPolygon", "coordinates": [ [ [ [ 92.1951292, 26.3000763 ], [ 92.1951294, 26.3000155 ], [ 92.1952642, 26.3000159 ], [ 92.195264, 26.3000766 ], [ 92.1951292, 26.3000763 ] ] ] ] } },
{ "type": "Feature", "properties": { "full_id": "w1302492861", "osm_id": "1302492861", "osm_type": "way", "building": "house", "addr:city": null, "roof:shape": null, "addr:street": null, "addr:housenumber": null, "layer": null, "building:levels": null }, "geometry": { "type": "MultiPolygon", "coordinates": [ [ [ [ 92.1951712, 26.2999089 ], [ 92.1952864, 26.2999067 ], [ 92.1952851, 26.2998498 ], [ 92.1951698, 26.299852 ], [ 92.1951712, 26.2999089 ] ] ] ] } },
{ "type": "Feature", "properties": { "full_id": "w1302492862", "osm_id": "1302492862", "osm_type": "way", "building": "house", "addr:city": null, "roof:shape": null, "addr:street": null, "addr:housenumber": null, "layer": null, "building:levels": null }, "geometry": { "type": "MultiPolygon", "coordinates": [ [ [ [ 92.1960301, 26.2998495 ], [ 92.1960263, 26.2997437 ], [ 92.1961058, 26.2997414 ], [ 92.1961096, 26.2998472 ], [ 92.1960301, 26.2998495 ] ] ] ] } },
{ "type": "Feature", "properties": { "full_id": "w1302492863", "osm_id": "1302492863", "osm_type": "way", "building": "house", "addr:city": null, "roof:shape": null, "addr:street": null, "addr:housenumber": null, "layer": null, "building:levels": null }, "geometry": { "type": "MultiPolygon", "coordinates": [ [ [ [ 92.1959106, 26.2998926 ], [ 92.1959094, 26.2998324 ], [ 92.1959991, 26.299831 ], [ 92.1960003, 26.2998912 ], [ 92.1959106, 26.2998926 ] ] ] ] } },
{ "type": "Feature", "properties": { "full_id": "w1302492864", "osm_id": "1302492864", "osm_type": "way", "building": "house", "addr:city": null, "roof:shape": null, "addr:street": null, "addr:housenumber": null, "layer": null, "building:levels": null }, "geometry": { "type": "MultiPolygon", "coordinates": [ [ [ [ 92.1959637, 26.3000984 ], [ 92.1959608, 26.3000193 ], [ 92.1959605, 26.3000102 ], [ 92.1960216, 26.3000084 ], [ 92.1960249, 26.3000966 ], [ 92.1959637, 26.3000984 ] ] ] ] } },
{ "type": "Feature", "properties": { "full_id": "w1302492867", "osm_id": "1302492867", "osm_type": "way", "building": "house", "addr:city": null, "roof:shape": null, "addr:street": null, "addr:housenumber": null, "layer": null, "building:levels": null }, "geometry": { "type": "MultiPolygon", "coordinates": [ [ [ [ 92.1962801, 26.3000421 ], [ 92.1962803, 26.2999927 ], [ 92.1963561, 26.2999929 ], [ 92.196356, 26.3000423 ], [ 92.1962801, 26.3000421 ] ] ] ] } },
{ "type": "Feature", "properties": { "full_id": "w1302492870", "osm_id": "1302492870", "osm_type": "way", "building": "house", "addr:city": null, "roof:shape": null, "addr:street": null, "addr:housenumber": null, "layer": null, "building:levels": null }, "geometry": { "type": "MultiPolygon", "coordinates": [ [ [ [ 92.1965649, 26.2999419 ], [ 92.19656, 26.2998636 ], [ 92.1966232, 26.2998604 ], [ 92.1966281, 26.2999388 ], [ 92.1965649, 26.2999419 ] ] ] ] } },
{ "type": "Feature", "properties": { "full_id": "w1302492871", "osm_id": "1302492871", "osm_type": "way", "building": "house", "addr:city": null, "roof:shape": null, "addr:street": null, "addr:housenumber": null, "layer": null, "building:levels": null }, "geometry": { "type": "MultiPolygon", "coordinates": [ [ [ [ 92.1969115, 26.3000793 ], [ 92.1969108, 26.3000249 ], [ 92.197002, 26.300024 ], [ 92.1970027, 26.3000784 ], [ 92.1969115, 26.3000793 ] ] ] ] } },
{ "type": "Feature", "properties": { "full_id": "w1302492872", "osm_id": "1302492872", "osm_type": "way", "building": "house", "addr:city": null, "roof:shape": null, "addr:street": null, "addr:housenumber": null, "layer": null, "building:levels": null }, "geometry": { "type": "MultiPolygon", "coordinates": [ [ [ [ 92.1971213, 26.3001545 ], [ 92.1971791, 26.3001551 ], [ 92.1971802, 26.3000701 ], [ 92.1971224, 26.3000695 ], [ 92.1971213, 26.3001545 ] ] ] ] } },
{ "type": "Feature", "properties": { "full_id": "w1302492873", "osm_id": "1302492873", "osm_type": "way", "building": "house", "addr:city": null, "roof:shape": null, "addr:street": null, "addr:housenumber": null, "layer": null, "building:levels": null }, "geometry": { "type": "MultiPolygon", "coordinates": [ [ [ [ 92.196181, 26.3006249 ], [ 92.1962404, 26.3006252 ], [ 92.1962411, 26.300516 ], [ 92.1961817, 26.3005157 ], [ 92.196181, 26.3006249 ] ] ] ] } },
{ "type": "Feature", "properties": { "full_id": "w1302492875", "osm_id": "1302492875", "osm_type": "way", "building": "house", "addr:city": null, "roof:shape": null, "addr:street": null, "addr:housenumber": null, "layer": null, "building:levels": null }, "geometry": { "type": "MultiPolygon", "coordinates": [ [ [ [ 92.1952094, 26.300354 ], [ 92.1952812, 26.3003526 ], [ 92.1952781, 26.3002223 ], [ 92.1952062, 26.3002237 ], [ 92.1952094, 26.300354 ] ] ] ] } },
{ "type": "Feature", "properties": { "full_id": "w1302492878", "osm_id": "1302492878", "osm_type": "way", "building": "house", "addr:city": null, "roof:shape": null, "addr:street": null, "addr:housenumber": null, "layer": null, "building:levels": null }, "geometry": { "type": "MultiPolygon", "coordinates": [ [ [ [ 92.1968779, 26.3009036 ], [ 92.1969749, 26.3008861 ], [ 92.1969617, 26.300827 ], [ 92.1968647, 26.3008445 ], [ 92.1968779, 26.3009036 ] ] ] ] } },
{ "type": "Feature", "properties": { "full_id": "w1302492881", "osm_id": "1302492881", "osm_type": "way", "building": "house", "addr:city": null, "roof:shape": null, "addr:street": null, "addr:housenumber": null, "layer": null, "building:levels": null }, "geometry": { "type": "MultiPolygon", "coordinates": [ [ [ [ 92.1887824, 26.2999651 ], [ 92.1888079, 26.2998868 ], [ 92.1887581, 26.2998738 ], [ 92.1887327, 26.2999521 ], [ 92.1887824, 26.2999651 ] ] ] ] } },
{ "type": "Feature", "properties": { "full_id": "w1302492883", "osm_id": "1302492883", "osm_type": "way", "building": "house", "addr:city": null, "roof:shape": null, "addr:street": null, "addr:housenumber": null, "layer": null, "building:levels": null }, "geometry": { "type": "MultiPolygon", "coordinates": [ [ [ [ 92.196314, 26.300275 ], [ 92.1964054, 26.3002761 ], [ 92.1964059, 26.3002413 ], [ 92.1963146, 26.3002402 ], [ 92.196314, 26.300275 ] ] ] ] } },
{ "type": "Feature", "properties": { "full_id": "w1302492886", "osm_id": "1302492886", "osm_type": "way", "building": "house", "addr:city": null, "roof:shape": null, "addr:street": null, "addr:housenumber": null, "layer": null, "building:levels": null }, "geometry": { "type": "MultiPolygon", "coordinates": [ [ [ [ 92.1950587, 26.2997649 ], [ 92.1950574, 26.2997379 ], [ 92.1951152, 26.2997357 ], [ 92.1951164, 26.2997627 ], [ 92.1950587, 26.2997649 ] ] ] ] } },
{ "type": "Feature", "properties": { "full_id": "w1302492888", "osm_id": "1302492888", "osm_type": "way", "building": "house", "addr:city": null, "roof:shape": null, "addr:street": null, "addr:housenumber": null, "layer": null, "building:levels": null }, "geometry": { "type": "MultiPolygon", "coordinates": [ [ [ [ 92.196074, 26.3001468 ], [ 92.1960762, 26.3000735 ], [ 92.1961889, 26.3000763 ], [ 92.1961867, 26.3001496 ], [ 92.196074, 26.3001468 ] ] ] ] } },
{ "type": "Feature", "properties": { "full_id": "w1302492889", "osm_id": "1302492889", "osm_type": "way", "building": "house", "addr:city": null, "roof:shape": null, "addr:street": null, "addr:housenumber": null, "layer": null, "building:levels": null }, "geometry": { "type": "MultiPolygon", "coordinates": [ [ [ [ 92.195853, 26.3001459 ], [ 92.1958523, 26.3000151 ], [ 92.195947, 26.3000147 ], [ 92.1959477, 26.3001455 ], [ 92.195853, 26.3001459 ] ] ] ] } },
{ "type": "Feature", "properties": { "full_id": "w1302495509", "osm_id": "1302495509", "osm_type": "way", "building": "house", "addr:city": null, "roof:shape": null, "addr:street": null, "addr:housenumber": null, "layer": null, "building:levels": null }, "geometry": { "type": "MultiPolygon", "coordinates": [ [ [ [ 92.1804085, 26.3025475 ], [ 92.1802394, 26.3025377 ], [ 92.18022, 26.3028047 ], [ 92.1803892, 26.3028145 ], [ 92.1804085, 26.3025475 ] ] ] ] } },
{ "type": "Feature", "properties": { "full_id": "w1302495510", "osm_id": "1302495510", "osm_type": "way", "building": "house", "addr:city": null, "roof:shape": null, "addr:street": null, "addr:housenumber": null, "layer": null, "building:levels": null }, "geometry": { "type": "MultiPolygon", "coordinates": [ [ [ [ 92.1800424, 26.3024824 ], [ 92.1800435, 26.3023983 ], [ 92.1801444, 26.3023993 ], [ 92.1801433, 26.3024835 ], [ 92.1800424, 26.3024824 ] ] ] ] } },
{ "type": "Feature", "properties": { "full_id": "w1302495511", "osm_id": "1302495511", "osm_type": "way", "building": "house", "addr:city": null, "roof:shape": null, "addr:street": null, "addr:housenumber": null, "layer": null, "building:levels": null }, "geometry": { "type": "MultiPolygon", "coordinates": [ [ [ [ 92.180158, 26.3024972 ], [ 92.180159, 26.3024211 ], [ 92.1802174, 26.3024217 ], [ 92.1802164, 26.3024979 ], [ 92.180158, 26.3024972 ] ] ] ] } },
{ "type": "Feature", "properties": { "full_id": "w1302495512", "osm_id": "1302495512", "osm_type": "way", "building": "house", "addr:city": null, "roof:shape": null, "addr:street": null, "addr:housenumber": null, "layer": null, "building:levels": null }, "geometry": { "type": "MultiPolygon", "coordinates": [ [ [ [ 92.1800311, 26.3027465 ], [ 92.1800295, 26.3026337 ], [ 92.1800994, 26.3026329 ], [ 92.1801009, 26.3027458 ], [ 92.1800311, 26.3027465 ] ] ] ] } },
{ "type": "Feature", "properties": { "full_id": "w1302495513", "osm_id": "1302495513", "osm_type": "way", "building": "house", "addr:city": null, "roof:shape": null, "addr:street": null, "addr:housenumber": null, "layer": null, "building:levels": null }, "geometry": { "type": "MultiPolygon", "coordinates": [ [ [ [ 92.1794645, 26.3021803 ], [ 92.1794589, 26.3020372 ], [ 92.1795287, 26.302035 ], [ 92.1795343, 26.3021781 ], [ 92.1794645, 26.3021803 ] ] ] ] } },
{ "type": "Feature", "properties": { "full_id": "w1302495514", "osm_id": "1302495514", "osm_type": "way", "building": "house", "addr:city": null, "roof:shape": null, "addr:street": null, "addr:housenumber": null, "layer": null, "building:levels": null }, "geometry": { "type": "MultiPolygon", "coordinates": [ [ [ [ 92.1808303, 26.302479 ], [ 92.1808294, 26.3024111 ], [ 92.1808661, 26.3024108 ], [ 92.1808664, 26.3024334 ], [ 92.1809993, 26.3024321 ], [ 92.1809999, 26.3024773 ], [ 92.1808303, 26.302479 ] ] ] ] } },
{ "type": "Feature", "properties": { "full_id": "w1302495515", "osm_id": "1302495515", "osm_type": "way", "building": "house", "addr:city": null, "roof:shape": null, "addr:street": null, "addr:housenumber": null, "layer": null, "building:levels": null }, "geometry": { "type": "MultiPolygon", "coordinates": [ [ [ [ 92.1796267, 26.3012017 ], [ 92.1797056, 26.3012065 ], [ 92.1797095, 26.3011537 ], [ 92.1796306, 26.3011489 ], [ 92.1796267, 26.3012017 ] ] ] ] } },
{ "type": "Feature", "properties": { "full_id": "w1302495516", "osm_id": "1302495516", "osm_type": "way", "building": "house", "addr:city": null, "roof:shape": null, "addr:street": null, "addr:housenumber": null, "layer": null, "building:levels": null }, "geometry": { "type": "MultiPolygon", "coordinates": [ [ [ [ 92.1790396, 26.3021536 ], [ 92.1791896, 26.3021526 ], [ 92.1791901, 26.3022122 ], [ 92.1790402, 26.3022133 ], [ 92.1790396, 26.3021536 ] ] ] ] } },
{ "type": "Feature", "properties": { "full_id": "w1302495517", "osm_id": "1302495517", "osm_type": "way", "building": "house", "addr:city": null, "roof:shape": null, "addr:street": null, "addr:housenumber": null, "layer": null, "building:levels": null }, "geometry": { "type": "MultiPolygon", "coordinates": [ [ [ [ 92.179406, 26.3022325 ], [ 92.1794059, 26.302188 ], [ 92.1795379, 26.3021876 ], [ 92.1795381, 26.3022321 ], [ 92.1794321, 26.3022324 ], [ 92.179406, 26.3022325 ] ] ] ] } },
{ "type": "Feature", "properties": { "full_id": "w1302495518", "osm_id": "1302495518", "osm_type": "way", "building": "house", "addr:city": null, "roof:shape": null, "addr:street": null, "addr:housenumber": null, "layer": null, "building:levels": null }, "geometry": { "type": "MultiPolygon", "coordinates": [ [ [ [ 92.1793427, 26.3022733 ], [ 92.1793447, 26.3022342 ], [ 92.1794382, 26.3022381 ], [ 92.1794362, 26.3022772 ], [ 92.1793427, 26.3022733 ] ] ] ] } },
{ "type": "Feature", "properties": { "full_id": "w1302495519", "osm_id": "1302495519", "osm_type": "way", "building": "house", "addr:city": null, "roof:shape": null, "addr:street": null, "addr:housenumber": null, "layer": null, "building:levels": null }, "geometry": { "type": "MultiPolygon", "coordinates": [ [ [ [ 92.1776395, 26.301408 ], [ 92.1777942, 26.3014152 ], [ 92.1777973, 26.3013619 ], [ 92.1776426, 26.3013547 ], [ 92.1776395, 26.301408 ] ] ] ] } },
{ "type": "Feature", "properties": { "full_id": "w1302495520", "osm_id": "1302495520", "osm_type": "way", "building": "house", "addr:city": null, "roof:shape": null, "addr:street": null, "addr:housenumber": null, "layer": null, "building:levels": null }, "geometry": { "type": "MultiPolygon", "coordinates": [ [ [ [ 92.1802198, 26.2949922 ], [ 92.1802122, 26.2948965 ], [ 92.1802688, 26.2948928 ], [ 92.1802765, 26.2949886 ], [ 92.1802198, 26.2949922 ] ] ] ] } },
{ "type": "Feature", "properties": { "full_id": "w1302495521", "osm_id": "1302495521", "osm_type": "way", "building": "house", "addr:city": null, "roof:shape": null, "addr:street": null, "addr:housenumber": null, "layer": null, "building:levels": null }, "geometry": { "type": "MultiPolygon", "coordinates": [ [ [ [ 92.1802913, 26.2950715 ], [ 92.1802916, 26.2950267 ], [ 92.1804065, 26.2950272 ], [ 92.1804063, 26.295063 ], [ 92.1803743, 26.2950629 ], [ 92.1803637, 26.295063 ], [ 92.1803646, 26.2951239 ], [ 92.1803602, 26.2951327 ], [ 92.1803143, 26.2951324 ], [ 92.1803145, 26.2950997 ], [ 92.1803333, 26.2950998 ], [ 92.1803334, 26.2950717 ], [ 92.1802913, 26.2950715 ] ] ] ] } },
{ "type": "Feature", "properties": { "full_id": "w1302495522", "osm_id": "1302495522", "osm_type": "way", "building": "house", "addr:city": null, "roof:shape": null, "addr:street": null, "addr:housenumber": null, "layer": null, "building:levels": null }, "geometry": { "type": "MultiPolygon", "coordinates": [ [ [ [ 92.1800987, 26.2948818 ], [ 92.1801481, 26.2948806 ], [ 92.1801542, 26.2950822 ], [ 92.1801048, 26.2950834 ], [ 92.1800987, 26.2948818 ] ] ] ] } },
{ "type": "Feature", "properties": { "full_id": "w1302495523", "osm_id": "1302495523", "osm_type": "way", "building": "house", "addr:city": null, "roof:shape": null, "addr:street": null, "addr:housenumber": null, "layer": null, "building:levels": null }, "geometry": { "type": "MultiPolygon", "coordinates": [ [ [ [ 92.1799634, 26.2950796 ], [ 92.180019, 26.2950794 ], [ 92.1800185, 26.2949448 ], [ 92.1799629, 26.294945 ], [ 92.1799634, 26.2950796 ] ] ] ] } },
{ "type": "Feature", "properties": { "full_id": "w1302495524", "osm_id": "1302495524", "osm_type": "way", "building": "house", "addr:city": null, "roof:shape": null, "addr:street": null, "addr:housenumber": null, "layer": null, "building:levels": null }, "geometry": { "type": "MultiPolygon", "coordinates": [ [ [ [ 92.1812749, 26.2948709 ], [ 92.1812742, 26.2948142 ], [ 92.1813925, 26.2948129 ], [ 92.1813933, 26.2948697 ], [ 92.1812749, 26.2948709 ] ] ] ] } },
{ "type": "Feature", "properties": { "full_id": "w1302495525", "osm_id": "1302495525", "osm_type": "way", "building": "house", "addr:city": null, "roof:shape": null, "addr:street": null, "addr:housenumber": null, "layer": null, "building:levels": null }, "geometry": { "type": "MultiPolygon", "coordinates": [ [ [ [ 92.1808415, 26.2943173 ], [ 92.1808338, 26.2942299 ], [ 92.1809203, 26.2942237 ], [ 92.1809281, 26.2943112 ], [ 92.1808415, 26.2943173 ] ] ] ] } },
{ "type": "Feature", "properties": { "full_id": "w1302495526", "osm_id": "1302495526", "osm_type": "way", "building": "house", "addr:city": null, "roof:shape": null, "addr:street": null, "addr:housenumber": null, "layer": null, "building:levels": null }, "geometry": { "type": "MultiPolygon", "coordinates": [ [ [ [ 92.1807318, 26.2944796 ], [ 92.1807315, 26.2944406 ], [ 92.1807043, 26.2944408 ], [ 92.1807039, 26.2943935 ], [ 92.1807307, 26.2943934 ], [ 92.1807302, 26.2943433 ], [ 92.1808371, 26.2943425 ], [ 92.1808383, 26.2944789 ], [ 92.1807318, 26.2944796 ] ] ] ] } },
{ "type": "Feature", "properties": { "full_id": "w1302495533", "osm_id": "1302495533", "osm_type": "way", "building": "house", "addr:city": null, "roof:shape": null, "addr:street": null, "addr:housenumber": null, "layer": null, "building:levels": null }, "geometry": { "type": "MultiPolygon", "coordinates": [ [ [ [ 92.1839679, 26.2971325 ], [ 92.1839688, 26.2970904 ], [ 92.1840774, 26.2970923 ], [ 92.1840765, 26.2971345 ], [ 92.1839679, 26.2971325 ] ] ] ] } },
{ "type": "Feature", "properties": { "full_id": "w1302495534", "osm_id": "1302495534", "osm_type": "way", "building": "house", "addr:city": null, "roof:shape": null, "addr:street": null, "addr:housenumber": null, "layer": null, "building:levels": null }, "geometry": { "type": "MultiPolygon", "coordinates": [ [ [ [ 92.1838969, 26.2972572 ], [ 92.1838989, 26.2972191 ], [ 92.1840743, 26.2972264 ], [ 92.1840723, 26.2972644 ], [ 92.1838969, 26.2972572 ] ] ] ] } },
{ "type": "Feature", "properties": { "full_id": "w1302495535", "osm_id": "1302495535", "osm_type": "way", "building": "house", "addr:city": null, "roof:shape": null, "addr:street": null, "addr:housenumber": null, "layer": null, "building:levels": null }, "geometry": { "type": "MultiPolygon", "coordinates": [ [ [ [ 92.1835979, 26.2979004 ], [ 92.1837517, 26.2979113 ], [ 92.1837553, 26.2978707 ], [ 92.1836015, 26.2978598 ], [ 92.1835979, 26.2979004 ] ] ] ] } },
{ "type": "Feature", "properties": { "full_id": "w1302495537", "osm_id": "1302495537", "osm_type": "way", "building": "house", "addr:city": null, "roof:shape": null, "addr:street": null, "addr:housenumber": null, "layer": null, "building:levels": null }, "geometry": { "type": "MultiPolygon", "coordinates": [ [ [ [ 92.1796394, 26.2949752 ], [ 92.1797544, 26.2949806 ], [ 92.1797572, 26.294933 ], [ 92.1796422, 26.2949275 ], [ 92.1796394, 26.2949752 ] ] ] ] } },
{ "type": "Feature", "properties": { "full_id": "w1303671578", "osm_id": "1303671578", "osm_type": "way", "building": "house", "addr:city": null, "roof:shape": null, "addr:street": null, "addr:housenumber": null, "layer": null, "building:levels": null }, "geometry": { "type": "MultiPolygon", "coordinates": [ [ [ [ 92.4574135, 26.4029099 ], [ 92.4574981, 26.4029006 ], [ 92.4574811, 26.4027775 ], [ 92.4573965, 26.4027869 ], [ 92.4574135, 26.4029099 ] ] ] ] } },
{ "type": "Feature", "properties": { "full_id": "w1303671579", "osm_id": "1303671579", "osm_type": "way", "building": "house", "addr:city": null, "roof:shape": null, "addr:street": null, "addr:housenumber": null, "layer": null, "building:levels": null }, "geometry": { "type": "MultiPolygon", "coordinates": [ [ [ [ 92.4579639, 26.4031726 ], [ 92.4580543, 26.4031635 ], [ 92.4580187, 26.4028817 ], [ 92.4579282, 26.4028909 ], [ 92.4579639, 26.4031726 ] ] ] ] } },
{ "type": "Feature", "properties": { "full_id": "w1303671580", "osm_id": "1303671580", "osm_type": "way", "building": "house", "addr:city": null, "roof:shape": null, "addr:street": null, "addr:housenumber": null, "layer": null, "building:levels": null }, "geometry": { "type": "MultiPolygon", "coordinates": [ [ [ [ 92.4579257, 26.402884 ], [ 92.4580124, 26.4028746 ], [ 92.4579968, 26.4027585 ], [ 92.45791, 26.4027679 ], [ 92.4579257, 26.402884 ] ] ] ] } },
{ "type": "Feature", "properties": { "full_id": "w1303671581", "osm_id": "1303671581", "osm_type": "way", "building": "house", "addr:city": null, "roof:shape": null, "addr:street": null, "addr:housenumber": null, "layer": null, "building:levels": null }, "geometry": { "type": "MultiPolygon", "coordinates": [ [ [ [ 92.4579132, 26.4029525 ], [ 92.4579064, 26.4028837 ], [ 92.4574664, 26.4029186 ], [ 92.4574732, 26.4029873 ], [ 92.4579132, 26.4029525 ] ] ] ] } },
{ "type": "Feature", "properties": { "full_id": "w1303671582", "osm_id": "1303671582", "osm_type": "way", "building": "house", "addr:city": null, "roof:shape": null, "addr:street": null, "addr:housenumber": null, "layer": null, "building:levels": null }, "geometry": { "type": "MultiPolygon", "coordinates": [ [ [ [ 92.4578681, 26.4027544 ], [ 92.457962, 26.4027351 ], [ 92.4578919, 26.4024614 ], [ 92.4578209, 26.402476 ], [ 92.4578387, 26.4025456 ], [ 92.4578159, 26.4025502 ], [ 92.4578681, 26.4027544 ] ] ] ] } },
{ "type": "Feature", "properties": { "full_id": "w1303671595", "osm_id": "1303671595", "osm_type": "way", "building": "house", "addr:city": null, "roof:shape": null, "addr:street": null, "addr:housenumber": null, "layer": null, "building:levels": null }, "geometry": { "type": "MultiPolygon", "coordinates": [ [ [ [ 92.4563069, 26.4018843 ], [ 92.456445, 26.4018789 ], [ 92.456448, 26.4019395 ], [ 92.4563099, 26.401945 ], [ 92.4563069, 26.4018843 ] ] ] ] } },
{ "type": "Feature", "properties": { "full_id": "w1303671596", "osm_id": "1303671596", "osm_type": "way", "building": "house", "addr:city": null, "roof:shape": null, "addr:street": null, "addr:housenumber": null, "layer": null, "building:levels": null }, "geometry": { "type": "MultiPolygon", "coordinates": [ [ [ [ 92.4564284, 26.4018419 ], [ 92.4564281, 26.4016819 ], [ 92.4564897, 26.4016818 ], [ 92.45649, 26.4018418 ], [ 92.4564284, 26.4018419 ] ] ] ] } },
{ "type": "Feature", "properties": { "full_id": "w1303671597", "osm_id": "1303671597", "osm_type": "way", "building": "house", "addr:city": null, "roof:shape": null, "addr:street": null, "addr:housenumber": null, "layer": null, "building:levels": null }, "geometry": { "type": "MultiPolygon", "coordinates": [ [ [ [ 92.4562872, 26.4017604 ], [ 92.4563254, 26.4017557 ], [ 92.4563306, 26.4017898 ], [ 92.4562924, 26.4017945 ], [ 92.4562872, 26.4017604 ] ] ] ] } },
{ "type": "Feature", "properties": { "full_id": "w1303671598", "osm_id": "1303671598", "osm_type": "way", "building": "house", "addr:city": null, "roof:shape": null, "addr:street": null, "addr:housenumber": null, "layer": null, "building:levels": null }, "geometry": { "type": "MultiPolygon", "coordinates": [ [ [ [ 92.456558, 26.4016821 ], [ 92.456595, 26.4016935 ], [ 92.4565858, 26.4017172 ], [ 92.4565489, 26.4017058 ], [ 92.456558, 26.4016821 ] ] ] ] } },
{ "type": "Feature", "properties": { "full_id": "w1303671606", "osm_id": "1303671606", "osm_type": "way", "building": "house", "addr:city": null, "roof:shape": null, "addr:street": null, "addr:housenumber": null, "layer": null, "building:levels": null }, "geometry": { "type": "MultiPolygon", "coordinates": [ [ [ [ 92.4595926, 26.4017015 ], [ 92.4596189, 26.4017051 ], [ 92.4596116, 26.4017472 ], [ 92.4595852, 26.4017435 ], [ 92.4595926, 26.4017015 ] ] ] ] } },
{ "type": "Feature", "properties": { "full_id": "w1303671607", "osm_id": "1303671607", "osm_type": "way", "building": "house", "addr:city": null, "roof:shape": null, "addr:street": null, "addr:housenumber": null, "layer": null, "building:levels": null }, "geometry": { "type": "MultiPolygon", "coordinates": [ [ [ [ 92.4595585, 26.4016995 ], [ 92.4595849, 26.4017032 ], [ 92.4595775, 26.4017453 ], [ 92.4595512, 26.4017416 ], [ 92.4595585, 26.4016995 ] ] ] ] } },
{ "type": "Feature", "properties": { "full_id": "w1303671608", "osm_id": "1303671608", "osm_type": "way", "building": "house", "addr:city": null, "roof:shape": null, "addr:street": null, "addr:housenumber": null, "layer": null, "building:levels": null }, "geometry": { "type": "MultiPolygon", "coordinates": [ [ [ [ 92.459522, 26.4016939 ], [ 92.4595484, 26.4016976 ], [ 92.4595411, 26.4017397 ], [ 92.4595147, 26.401736 ], [ 92.459522, 26.4016939 ] ] ] ] } },
{ "type": "Feature", "properties": { "full_id": "w1303671609", "osm_id": "1303671609", "osm_type": "way", "building": "house", "addr:city": null, "roof:shape": null, "addr:street": null, "addr:housenumber": null, "layer": null, "building:levels": null }, "geometry": { "type": "MultiPolygon", "coordinates": [ [ [ [ 92.4595553, 26.401776 ], [ 92.4595574, 26.4017522 ], [ 92.4596048, 26.4017556 ], [ 92.4596026, 26.4017795 ], [ 92.4595553, 26.401776 ] ] ] ] } },
{ "type": "Feature", "properties": { "full_id": "w1303671610", "osm_id": "1303671610", "osm_type": "way", "building": "house", "addr:city": null, "roof:shape": null, "addr:street": null, "addr:housenumber": null, "layer": null, "building:levels": null }, "geometry": { "type": "MultiPolygon", "coordinates": [ [ [ [ 92.4600226, 26.401698 ], [ 92.460088, 26.4017073 ], [ 92.4600757, 26.4017769 ], [ 92.4600102, 26.4017676 ], [ 92.4600226, 26.401698 ] ] ] ] } },
{ "type": "Feature", "properties": { "full_id": "w1303671611", "osm_id": "1303671611", "osm_type": "way", "building": "house", "addr:city": null, "roof:shape": null, "addr:street": null, "addr:housenumber": null, "layer": null, "building:levels": null }, "geometry": { "type": "MultiPolygon", "coordinates": [ [ [ [ 92.4600067, 26.4017891 ], [ 92.4600489, 26.4017996 ], [ 92.4600419, 26.4018223 ], [ 92.4599997, 26.4018118 ], [ 92.4600067, 26.4017891 ] ] ] ] } },
{ "type": "Feature", "properties": { "full_id": "w1303671612", "osm_id": "1303671612", "osm_type": "way", "building": "house", "addr:city": null, "roof:shape": null, "addr:street": null, "addr:housenumber": null, "layer": null, "building:levels": null }, "geometry": { "type": "MultiPolygon", "coordinates": [ [ [ [ 92.4597221, 26.4019423 ], [ 92.4597642, 26.4019528 ], [ 92.4597572, 26.4019754 ], [ 92.459715, 26.401965 ], [ 92.4597221, 26.4019423 ] ] ] ] } },
{ "type": "Feature", "properties": { "full_id": "w1303671613", "osm_id": "1303671613", "osm_type": "way", "building": "house", "addr:city": null, "roof:shape": null, "addr:street": null, "addr:housenumber": null, "layer": null, "building:levels": null }, "geometry": { "type": "MultiPolygon", "coordinates": [ [ [ [ 92.4609071, 26.4017692 ], [ 92.4609937, 26.401779 ], [ 92.4609839, 26.4018482 ], [ 92.4608973, 26.4018384 ], [ 92.4609071, 26.4017692 ] ] ] ] } },
{ "type": "Feature", "properties": { "full_id": "w1303671614", "osm_id": "1303671614", "osm_type": "way", "building": "house", "addr:city": null, "roof:shape": null, "addr:street": null, "addr:housenumber": null, "layer": null, "building:levels": null }, "geometry": { "type": "MultiPolygon", "coordinates": [ [ [ [ 92.4605963, 26.4016703 ], [ 92.4606752, 26.4016808 ], [ 92.460657, 26.4017905 ], [ 92.460578, 26.40178 ], [ 92.4605963, 26.4016703 ] ] ] ] } },
{ "type": "Feature", "properties": { "full_id": "w1303671615", "osm_id": "1303671615", "osm_type": "way", "building": "house", "addr:city": null, "roof:shape": null, "addr:street": null, "addr:housenumber": null, "layer": null, "building:levels": null }, "geometry": { "type": "MultiPolygon", "coordinates": [ [ [ [ 92.4607927, 26.4017628 ], [ 92.4608778, 26.4017721 ], [ 92.4608701, 26.4018288 ], [ 92.460785, 26.4018196 ], [ 92.4607927, 26.4017628 ] ] ] ] } },
{ "type": "Feature", "properties": { "full_id": "w1303671616", "osm_id": "1303671616", "osm_type": "way", "building": "house", "addr:city": null, "roof:shape": null, "addr:street": null, "addr:housenumber": null, "layer": null, "building:levels": null }, "geometry": { "type": "MultiPolygon", "coordinates": [ [ [ [ 92.4607903, 26.401839 ], [ 92.4608606, 26.4018461 ], [ 92.4608552, 26.4018894 ], [ 92.4607849, 26.4018824 ], [ 92.4607903, 26.401839 ] ] ] ] } },
{ "type": "Feature", "properties": { "full_id": "w1303671617", "osm_id": "1303671617", "osm_type": "way", "building": "house", "addr:city": null, "roof:shape": null, "addr:street": null, "addr:housenumber": null, "layer": null, "building:levels": null }, "geometry": { "type": "MultiPolygon", "coordinates": [ [ [ [ 92.4607061, 26.4019221 ], [ 92.4607151, 26.4018593 ], [ 92.4607634, 26.4018648 ], [ 92.4607544, 26.4019277 ], [ 92.4607061, 26.4019221 ] ] ] ] } },
{ "type": "Feature", "properties": { "full_id": "w1303671618", "osm_id": "1303671618", "osm_type": "way", "building": "house", "addr:city": null, "roof:shape": null, "addr:street": null, "addr:housenumber": null, "layer": null, "building:levels": null }, "geometry": { "type": "MultiPolygon", "coordinates": [ [ [ [ 92.4605804, 26.4019165 ], [ 92.4605844, 26.401881 ], [ 92.4606314, 26.4018853 ], [ 92.4606273, 26.4019208 ], [ 92.4605804, 26.4019165 ] ] ] ] } },
{ "type": "Feature", "properties": { "full_id": "w1303671619", "osm_id": "1303671619", "osm_type": "way", "building": "house", "addr:city": null, "roof:shape": null, "addr:street": null, "addr:housenumber": null, "layer": null, "building:levels": null }, "geometry": { "type": "MultiPolygon", "coordinates": [ [ [ [ 92.4606222, 26.4018767 ], [ 92.4606262, 26.4018412 ], [ 92.4606732, 26.4018455 ], [ 92.4606691, 26.401881 ], [ 92.4606222, 26.4018767 ] ] ] ] } },
{ "type": "Feature", "properties": { "full_id": "w1303671620", "osm_id": "1303671620", "osm_type": "way", "building": "house", "addr:city": null, "roof:shape": null, "addr:street": null, "addr:housenumber": null, "layer": null, "building:levels": null }, "geometry": { "type": "MultiPolygon", "coordinates": [ [ [ [ 92.4603664, 26.4019561 ], [ 92.4603538, 26.4019222 ], [ 92.4603986, 26.4019089 ], [ 92.4604112, 26.4019428 ], [ 92.4603664, 26.4019561 ] ] ] ] } },
{ "type": "Feature", "properties": { "full_id": "w1303671621", "osm_id": "1303671621", "osm_type": "way", "building": "house", "addr:city": null, "roof:shape": null, "addr:street": null, "addr:housenumber": null, "layer": null, "building:levels": null }, "geometry": { "type": "MultiPolygon", "coordinates": [ [ [ [ 92.460457, 26.4019354 ], [ 92.4604271, 26.4019132 ], [ 92.4604439, 26.4018952 ], [ 92.4604737, 26.4019175 ], [ 92.460457, 26.4019354 ] ] ] ] } },
{ "type": "Feature", "properties": { "full_id": "w1303671622", "osm_id": "1303671622", "osm_type": "way", "building": "house", "addr:city": null, "roof:shape": null, "addr:street": null, "addr:housenumber": null, "layer": null, "building:levels": null }, "geometry": { "type": "MultiPolygon", "coordinates": [ [ [ [ 92.4604689, 26.4017463 ], [ 92.4603873, 26.4017375 ], [ 92.4604007, 26.4016379 ], [ 92.4604823, 26.4016467 ], [ 92.4604689, 26.4017463 ] ] ] ] } },
{ "type": "Feature", "properties": { "full_id": "w1303671623", "osm_id": "1303671623", "osm_type": "way", "building": "house", "addr:city": null, "roof:shape": null, "addr:street": null, "addr:housenumber": null, "layer": null, "building:levels": null }, "geometry": { "type": "MultiPolygon", "coordinates": [ [ [ [ 92.4609409, 26.4018661 ], [ 92.460981, 26.4018719 ], [ 92.4609695, 26.4019362 ], [ 92.4609293, 26.4019304 ], [ 92.4609409, 26.4018661 ] ] ] ] } },
{ "type": "Feature", "properties": { "full_id": "w1304059919", "osm_id": "1304059919", "osm_type": "way", "building": "house", "addr:city": "Morigaon", "roof:shape": null, "addr:street": null, "addr:housenumber": null, "layer": null, "building:levels": null }, "geometry": { "type": "MultiPolygon", "coordinates": [ [ [ [ 92.2415112, 26.4018882 ], [ 92.2414873, 26.4019379 ], [ 92.2414084, 26.4019074 ], [ 92.2414324, 26.4018577 ], [ 92.2415112, 26.4018882 ] ] ] ] } },
{ "type": "Feature", "properties": { "full_id": "w1304060174", "osm_id": "1304060174", "osm_type": "way", "building": "house", "addr:city": null, "roof:shape": null, "addr:street": null, "addr:housenumber": null, "layer": null, "building:levels": null }, "geometry": { "type": "MultiPolygon", "coordinates": [ [ [ [ 92.241496, 26.4021672 ], [ 92.2415973, 26.4022096 ], [ 92.2416187, 26.4021686 ], [ 92.2415174, 26.4021263 ], [ 92.241496, 26.4021672 ] ] ] ] } },
{ "type": "Feature", "properties": { "full_id": "w1304060321", "osm_id": "1304060321", "osm_type": "way", "building": "house", "addr:city": null, "roof:shape": null, "addr:street": null, "addr:housenumber": null, "layer": null, "building:levels": null }, "geometry": { "type": "MultiPolygon", "coordinates": [ [ [ [ 92.2414361, 26.4022535 ], [ 92.2414951, 26.4022828 ], [ 92.2415178, 26.4022461 ], [ 92.2414588, 26.4022168 ], [ 92.2414361, 26.4022535 ] ] ] ] } },
{ "type": "Feature", "properties": { "full_id": "w1304066321", "osm_id": "1304066321", "osm_type": "way", "building": "house", "addr:city": null, "roof:shape": null, "addr:street": null, "addr:housenumber": null, "layer": null, "building:levels": null }, "geometry": { "type": "MultiPolygon", "coordinates": [ [ [ [ 92.2418192, 26.4017565 ], [ 92.2419031, 26.4018118 ], [ 92.2419537, 26.4017501 ], [ 92.2418698, 26.4016949 ], [ 92.2418192, 26.4017565 ] ] ] ] } },
{ "type": "Feature", "properties": { "full_id": "w1304066322", "osm_id": "1304066322", "osm_type": "way", "building": "house", "addr:city": null, "roof:shape": null, "addr:street": null, "addr:housenumber": null, "layer": null, "building:levels": null }, "geometry": { "type": "MultiPolygon", "coordinates": [ [ [ [ 92.2426071, 26.4018206 ], [ 92.2426529, 26.4018579 ], [ 92.2427219, 26.4017898 ], [ 92.2426761, 26.4017525 ], [ 92.2426071, 26.4018206 ] ] ] ] } },
{ "type": "Feature", "properties": { "full_id": "w1304066323", "osm_id": "1304066323", "osm_type": "way", "building": "house", "addr:city": null, "roof:shape": null, "addr:street": null, "addr:housenumber": null, "layer": null, "building:levels": null }, "geometry": { "type": "MultiPolygon", "coordinates": [ [ [ [ 92.2430708, 26.4019696 ], [ 92.2432157, 26.4020358 ], [ 92.243246, 26.4019825 ], [ 92.2431011, 26.4019164 ], [ 92.2430708, 26.4019696 ] ] ] ] } },
{ "type": "Feature", "properties": { "full_id": "w1304066324", "osm_id": "1304066324", "osm_type": "way", "building": "house", "addr:city": null, "roof:shape": null, "addr:street": null, "addr:housenumber": null, "layer": null, "building:levels": null }, "geometry": { "type": "MultiPolygon", "coordinates": [ [ [ [ 92.2432381, 26.4019409 ], [ 92.24329, 26.4019626 ], [ 92.2433321, 26.4018818 ], [ 92.2432802, 26.4018602 ], [ 92.2432381, 26.4019409 ] ] ] ] } },
{ "type": "Feature", "properties": { "full_id": "w1304066325", "osm_id": "1304066325", "osm_type": "way", "building": "house", "addr:city": null, "roof:shape": null, "addr:street": null, "addr:housenumber": null, "layer": null, "building:levels": null }, "geometry": { "type": "MultiPolygon", "coordinates": [ [ [ [ 92.2448637, 26.4018809 ], [ 92.2448905, 26.4018834 ], [ 92.244893, 26.4018634 ], [ 92.2448662, 26.4018609 ], [ 92.2448637, 26.4018809 ] ] ] ] } },
{ "type": "Feature", "properties": { "full_id": "w1304066337", "osm_id": "1304066337", "osm_type": "way", "building": "house", "addr:city": null, "roof:shape": null, "addr:street": null, "addr:housenumber": null, "layer": null, "building:levels": null }, "geometry": { "type": "MultiPolygon", "coordinates": [ [ [ [ 92.2461963, 26.4017691 ], [ 92.2462443, 26.4017728 ], [ 92.2462495, 26.4017195 ], [ 92.2462015, 26.4017157 ], [ 92.2461963, 26.4017691 ] ] ] ] } },
{ "type": "Feature", "properties": { "full_id": "w1304066339", "osm_id": "1304066339", "osm_type": "way", "building": "house", "addr:city": null, "roof:shape": null, "addr:street": null, "addr:housenumber": null, "layer": null, "building:levels": null }, "geometry": { "type": "MultiPolygon", "coordinates": [ [ [ [ 92.2460832, 26.4019732 ], [ 92.246108, 26.4019795 ], [ 92.2461212, 26.4019383 ], [ 92.2461265, 26.4019219 ], [ 92.2461017, 26.4019155 ], [ 92.2460832, 26.4019732 ] ] ] ] } },
{ "type": "Feature", "properties": { "full_id": "w1341769594", "osm_id": "1341769594", "osm_type": "way", "building": "house", "addr:city": null, "roof:shape": null, "addr:street": null, "addr:housenumber": null, "layer": null, "building:levels": null }, "geometry": { "type": "MultiPolygon", "coordinates": [ [ [ [ 92.2584833, 26.3891222 ], [ 92.2585196, 26.3891301 ], [ 92.2585277, 26.3891004 ], [ 92.2584913, 26.3890925 ], [ 92.2584833, 26.3891222 ] ] ] ] } },
{ "type": "Feature", "properties": { "full_id": "w1341769595", "osm_id": "1341769595", "osm_type": "way", "building": "house", "addr:city": null, "roof:shape": null, "addr:street": null, "addr:housenumber": null, "layer": null, "building:levels": null }, "geometry": { "type": "MultiPolygon", "coordinates": [ [ [ [ 92.2582088, 26.3895487 ], [ 92.2582269, 26.3894877 ], [ 92.2582737, 26.3894989 ], [ 92.2582556, 26.3895599 ], [ 92.2582088, 26.3895487 ] ] ] ] } },
{ "type": "Feature", "properties": { "full_id": "w1341769596", "osm_id": "1341769596", "osm_type": "way", "building": "house", "addr:city": null, "roof:shape": null, "addr:street": null, "addr:housenumber": null, "layer": null, "building:levels": null }, "geometry": { "type": "MultiPolygon", "coordinates": [ [ [ [ 92.2581413, 26.389529 ], [ 92.2581548, 26.3894878 ], [ 92.2581991, 26.3894995 ], [ 92.2581856, 26.3895407 ], [ 92.2581413, 26.389529 ] ] ] ] } },
{ "type": "Feature", "properties": { "full_id": "w1341769598", "osm_id": "1341769598", "osm_type": "way", "building": "house", "addr:city": null, "roof:shape": null, "addr:street": null, "addr:housenumber": null, "layer": null, "building:levels": null }, "geometry": { "type": "MultiPolygon", "coordinates": [ [ [ [ 92.2585785, 26.3894628 ], [ 92.2586085, 26.3894688 ], [ 92.258604, 26.3894868 ], [ 92.2586312, 26.3894922 ], [ 92.2586424, 26.3894472 ], [ 92.2585853, 26.3894357 ], [ 92.2585785, 26.3894628 ] ] ] ] } },
{ "type": "Feature", "properties": { "full_id": "w1359003055", "osm_id": "1359003055", "osm_type": "way", "building": "house", "addr:city": null, "roof:shape": null, "addr:street": null, "addr:housenumber": null, "layer": null, "building:levels": null }, "geometry": { "type": "MultiPolygon", "coordinates": [ [ [ [ 92.4433328, 26.454359 ], [ 92.4434482, 26.4543698 ], [ 92.4434589, 26.4542783 ], [ 92.4433435, 26.4542675 ], [ 92.4433328, 26.454359 ] ] ] ] } },
{ "type": "Feature", "properties": { "full_id": "w1359047424", "osm_id": "1359047424", "osm_type": "way", "building": "house", "addr:city": null, "roof:shape": null, "addr:street": null, "addr:housenumber": null, "layer": null, "building:levels": null }, "geometry": { "type": "MultiPolygon", "coordinates": [ [ [ [ 92.5269778, 26.2600247 ], [ 92.5271699, 26.2600565 ], [ 92.5271774, 26.2599377 ], [ 92.5269834, 26.259921 ], [ 92.5269778, 26.2600247 ] ] ] ] } },
{ "type": "Feature", "properties": { "full_id": "w1359047425", "osm_id": "1359047425", "osm_type": "way", "building": "house", "addr:city": null, "roof:shape": null, "addr:street": null, "addr:housenumber": null, "layer": null, "building:levels": null }, "geometry": { "type": "MultiPolygon", "coordinates": [ [ [ [ 92.5272165, 26.2602304 ], [ 92.5272725, 26.2602304 ], [ 92.5273993, 26.26011 ], [ 92.5272352, 26.2601251 ], [ 92.5272165, 26.2602304 ] ] ] ] } },
{ "type": "Feature", "properties": { "full_id": "w1359047426", "osm_id": "1359047426", "osm_type": "way", "building": "house", "addr:city": null, "roof:shape": null, "addr:street": null, "addr:housenumber": null, "layer": null, "building:levels": null }, "geometry": { "type": "MultiPolygon", "coordinates": [ [ [ [ 92.5273844, 26.2596868 ], [ 92.5274944, 26.2596801 ], [ 92.5274926, 26.2597587 ], [ 92.5273601, 26.2597454 ], [ 92.5273844, 26.2596868 ] ] ] ] } },
{ "type": "Feature", "properties": { "full_id": "w1359047427", "osm_id": "1359047427", "osm_type": "way", "building": "house", "addr:city": null, "roof:shape": null, "addr:street": null, "addr:housenumber": null, "layer": null, "building:levels": null }, "geometry": { "type": "MultiPolygon", "coordinates": [ [ [ [ 92.527653, 26.2597303 ], [ 92.5277723, 26.2597571 ], [ 92.5277015, 26.2598541 ], [ 92.5276399, 26.259844 ], [ 92.527653, 26.2597303 ] ] ] ] } },
{ "type": "Feature", "properties": { "full_id": "w1359047428", "osm_id": "1359047428", "osm_type": "way", "building": "house", "addr:city": null, "roof:shape": null, "addr:street": null, "addr:housenumber": null, "layer": null, "building:levels": null }, "geometry": { "type": "MultiPolygon", "coordinates": [ [ [ [ 92.5274273, 26.2600832 ], [ 92.5275504, 26.2600916 ], [ 92.5275299, 26.2601535 ], [ 92.5274329, 26.2601736 ], [ 92.5274273, 26.2600832 ] ] ] ] } },
{ "type": "Feature", "properties": { "full_id": "w1359047429", "osm_id": "1359047429", "osm_type": "way", "building": "house", "addr:city": null, "roof:shape": null, "addr:street": null, "addr:housenumber": null, "layer": null, "building:levels": null }, "geometry": { "type": "MultiPolygon", "coordinates": [ [ [ [ 92.5276474, 26.2601585 ], [ 92.5277313, 26.2601635 ], [ 92.5277201, 26.2602304 ], [ 92.5276138, 26.2602472 ], [ 92.5276474, 26.2601585 ] ] ] ] } },
{ "type": "Feature", "properties": { "full_id": "w1359047430", "osm_id": "1359047430", "osm_type": "way", "building": "house", "addr:city": null, "roof:shape": null, "addr:street": null, "addr:housenumber": null, "layer": null, "building:levels": null }, "geometry": { "type": "MultiPolygon", "coordinates": [ [ [ [ 92.527791, 26.2602053 ], [ 92.5278637, 26.2602104 ], [ 92.5278507, 26.2602973 ], [ 92.527763, 26.260284 ], [ 92.527791, 26.2602053 ] ] ] ] } },
{ "type": "Feature", "properties": { "full_id": "w1359047431", "osm_id": "1359047431", "osm_type": "way", "building": "house", "addr:city": null, "roof:shape": null, "addr:street": null, "addr:housenumber": null, "layer": null, "building:levels": null }, "geometry": { "type": "MultiPolygon", "coordinates": [ [ [ [ 92.5279085, 26.2601936 ], [ 92.5279775, 26.260192 ], [ 92.5279682, 26.2602973 ], [ 92.5278824, 26.2602957 ], [ 92.5279085, 26.2601936 ] ] ] ] } },
{ "type": "Feature", "properties": { "full_id": "w1359047432", "osm_id": "1359047432", "osm_type": "way", "building": "house", "addr:city": null, "roof:shape": null, "addr:street": null, "addr:housenumber": null, "layer": null, "building:levels": null }, "geometry": { "type": "MultiPolygon", "coordinates": [ [ [ [ 92.5287478, 26.2599628 ], [ 92.5288373, 26.2599695 ], [ 92.5287963, 26.2600247 ], [ 92.5287161, 26.260028 ], [ 92.5287478, 26.2599628 ] ] ] ] } },
{ "type": "Feature", "properties": { "full_id": "w1359047433", "osm_id": "1359047433", "osm_type": "way", "building": "house", "addr:city": null, "roof:shape": null, "addr:street": null, "addr:housenumber": null, "layer": null, "building:levels": null }, "geometry": { "type": "MultiPolygon", "coordinates": [ [ [ [ 92.5284084, 26.2603392 ], [ 92.5285165, 26.2603576 ], [ 92.5284811, 26.2604328 ], [ 92.5283599, 26.2604261 ], [ 92.5284084, 26.2603392 ] ] ] ] } },
{ "type": "Feature", "properties": { "full_id": "w1359047434", "osm_id": "1359047434", "osm_type": "way", "building": "house", "addr:city": null, "roof:shape": null, "addr:street": null, "addr:housenumber": null, "layer": null, "building:levels": null }, "geometry": { "type": "MultiPolygon", "coordinates": [ [ [ [ 92.5286993, 26.2603057 ], [ 92.528759, 26.2603174 ], [ 92.528718, 26.2603676 ], [ 92.5286434, 26.2603475 ], [ 92.5286993, 26.2603057 ] ] ] ] } },
{ "type": "Feature", "properties": { "full_id": "w1359047435", "osm_id": "1359047435", "osm_type": "way", "building": "house", "addr:city": null, "roof:shape": null, "addr:street": null, "addr:housenumber": null, "layer": null, "building:levels": null }, "geometry": { "type": "MultiPolygon", "coordinates": [ [ [ [ 92.5289954, 26.259911 ], [ 92.5290728, 26.2599031 ], [ 92.529033, 26.2600578 ], [ 92.5289224, 26.260036 ], [ 92.5289954, 26.259911 ] ] ] ] } },
{ "type": "Feature", "properties": { "full_id": "w1359047436", "osm_id": "1359047436", "osm_type": "way", "building": "house", "addr:city": null, "roof:shape": null, "addr:street": null, "addr:housenumber": null, "layer": null, "building:levels": null }, "geometry": { "type": "MultiPolygon", "coordinates": [ [ [ [ 92.5291657, 26.2599566 ], [ 92.5292542, 26.2599507 ], [ 92.5292255, 26.2600776 ], [ 92.5291127, 26.2600955 ], [ 92.5291657, 26.2599566 ] ] ] ] } },
{ "type": "Feature", "properties": { "full_id": "w1359047437", "osm_id": "1359047437", "osm_type": "way", "building": "house", "addr:city": null, "roof:shape": null, "addr:street": null, "addr:housenumber": null, "layer": null, "building:levels": null }, "geometry": { "type": "MultiPolygon", "coordinates": [ [ [ [ 92.5282743, 26.2598118 ], [ 92.5284889, 26.2598396 ], [ 92.5284425, 26.2599626 ], [ 92.5282898, 26.2599447 ], [ 92.5282743, 26.2598118 ] ] ] ] } },
{ "type": "Feature", "properties": { "full_id": "w1359047438", "osm_id": "1359047438", "osm_type": "way", "building": "house", "addr:city": null, "roof:shape": null, "addr:street": null, "addr:housenumber": null, "layer": null, "building:levels": null }, "geometry": { "type": "MultiPolygon", "coordinates": [ [ [ [ 92.5280686, 26.2598416 ], [ 92.5282036, 26.2598297 ], [ 92.5281704, 26.2599289 ], [ 92.527989, 26.2599348 ], [ 92.5280686, 26.2598416 ] ] ] ] } },
{ "type": "Feature", "properties": { "full_id": "w1359048072", "osm_id": "1359048072", "osm_type": "way", "building": "house", "addr:city": null, "roof:shape": null, "addr:street": null, "addr:housenumber": null, "layer": null, "building:levels": null }, "geometry": { "type": "MultiPolygon", "coordinates": [ [ [ [ 92.5291752, 26.260521 ], [ 92.5292692, 26.2605334 ], [ 92.5292885, 26.2604392 ], [ 92.5291835, 26.2604169 ], [ 92.5291752, 26.260521 ] ] ] ] } },
{ "type": "Feature", "properties": { "full_id": "w1359048073", "osm_id": "1359048073", "osm_type": "way", "building": "house", "addr:city": null, "roof:shape": null, "addr:street": null, "addr:housenumber": null, "layer": null, "building:levels": null }, "geometry": { "type": "MultiPolygon", "coordinates": [ [ [ [ 92.5296646, 26.260459 ], [ 92.5297807, 26.2604367 ], [ 92.5297309, 26.2605855 ], [ 92.5295789, 26.2605855 ], [ 92.5296646, 26.260459 ] ] ] ] } },
{ "type": "Feature", "properties": { "full_id": "w1359048074", "osm_id": "1359048074", "osm_type": "way", "building": "house", "addr:city": null, "roof:shape": null, "addr:street": null, "addr:housenumber": null, "layer": null, "building:levels": null }, "geometry": { "type": "MultiPolygon", "coordinates": [ [ [ [ 92.5294213, 26.2600053 ], [ 92.5295512, 26.2599805 ], [ 92.5295457, 26.2600896 ], [ 92.529424, 26.2601045 ], [ 92.5294213, 26.2600053 ] ] ] ] } },
{ "type": "Feature", "properties": { "full_id": "w1359048075", "osm_id": "1359048075", "osm_type": "way", "building": "house", "addr:city": null, "roof:shape": null, "addr:street": null, "addr:housenumber": null, "layer": null, "building:levels": null }, "geometry": { "type": "MultiPolygon", "coordinates": [ [ [ [ 92.5299826, 26.2604566 ], [ 92.5301512, 26.2604789 ], [ 92.5300987, 26.2605855 ], [ 92.5299383, 26.2605756 ], [ 92.5299826, 26.2604566 ] ] ] ] } },
{ "type": "Feature", "properties": { "full_id": "w1359048077", "osm_id": "1359048077", "osm_type": "way", "building": "house", "addr:city": null, "roof:shape": null, "addr:street": null, "addr:housenumber": null, "layer": null, "building:levels": null }, "geometry": { "type": "MultiPolygon", "coordinates": [ [ [ [ 92.5303697, 26.2603326 ], [ 92.5306987, 26.2603127 ], [ 92.5306627, 26.2605905 ], [ 92.5303448, 26.2605533 ], [ 92.5303697, 26.2603326 ] ] ] ] } },
{ "type": "Feature", "properties": { "full_id": "w1359048078", "osm_id": "1359048078", "osm_type": "way", "building": "house", "addr:city": null, "roof:shape": null, "addr:street": null, "addr:housenumber": null, "layer": null, "building:levels": null }, "geometry": { "type": "MultiPolygon", "coordinates": [ [ [ [ 92.5302535, 26.2608508 ], [ 92.5303862, 26.2608682 ], [ 92.5303531, 26.2609599 ], [ 92.5302535, 26.26095 ], [ 92.5302535, 26.2608508 ] ] ] ] } },
{ "type": "Feature", "properties": { "full_id": "w1359048079", "osm_id": "1359048079", "osm_type": "way", "building": "house", "addr:city": null, "roof:shape": null, "addr:street": null, "addr:housenumber": null, "layer": null, "building:levels": null }, "geometry": { "type": "MultiPolygon", "coordinates": [ [ [ [ 92.5306655, 26.2607566 ], [ 92.5307291, 26.2607764 ], [ 92.5307236, 26.2608434 ], [ 92.5306572, 26.2608508 ], [ 92.5306655, 26.2607566 ] ] ] ] } },
{ "type": "Feature", "properties": { "full_id": "w1359048080", "osm_id": "1359048080", "osm_type": "way", "building": "house", "addr:city": null, "roof:shape": null, "addr:street": null, "addr:housenumber": null, "layer": null, "building:levels": null }, "geometry": { "type": "MultiPolygon", "coordinates": [ [ [ [ 92.5317273, 26.260278 ], [ 92.5318462, 26.2602557 ], [ 92.5318683, 26.2604169 ], [ 92.5317605, 26.2604342 ], [ 92.5317273, 26.260278 ] ] ] ] } },
{ "type": "Feature", "properties": { "full_id": "w1359048081", "osm_id": "1359048081", "osm_type": "way", "building": "house", "addr:city": null, "roof:shape": null, "addr:street": null, "addr:housenumber": null, "layer": null, "building:levels": null }, "geometry": { "type": "MultiPolygon", "coordinates": [ [ [ [ 92.5319098, 26.2603103 ], [ 92.5320066, 26.2602954 ], [ 92.532037, 26.2603921 ], [ 92.5319236, 26.2604218 ], [ 92.5319098, 26.2603103 ] ] ] ] } },
{ "type": "Feature", "properties": { "full_id": "w1359048082", "osm_id": "1359048082", "osm_type": "way", "building": "house", "addr:city": null, "roof:shape": null, "addr:street": null, "addr:housenumber": null, "layer": null, "building:levels": null }, "geometry": { "type": "MultiPolygon", "coordinates": [ [ [ [ 92.5323826, 26.2596606 ], [ 92.5325568, 26.259673 ], [ 92.5325181, 26.259735 ], [ 92.5323854, 26.2597399 ], [ 92.5323826, 26.2596606 ] ] ] ] } },
{ "type": "Feature", "properties": { "full_id": "w1359048083", "osm_id": "1359048083", "osm_type": "way", "building": "house", "addr:city": null, "roof:shape": null, "addr:street": null, "addr:housenumber": null, "layer": null, "building:levels": null }, "geometry": { "type": "MultiPolygon", "coordinates": [ [ [ [ 92.5323162, 26.2601342 ], [ 92.5324434, 26.2601292 ], [ 92.532449, 26.2602532 ], [ 92.5323577, 26.2602656 ], [ 92.5323162, 26.2601342 ] ] ] ] } },
{ "type": "Feature", "properties": { "full_id": "w1359048403", "osm_id": "1359048403", "osm_type": "way", "building": "house", "addr:city": null, "roof:shape": null, "addr:street": null, "addr:housenumber": null, "layer": null, "building:levels": null }, "geometry": { "type": "MultiPolygon", "coordinates": [ [ [ [ 92.5331675, 26.2596698 ], [ 92.5332684, 26.259666 ], [ 92.5332684, 26.2595197 ], [ 92.5331246, 26.2595332 ], [ 92.5331675, 26.2596698 ] ] ] ] } },
{ "type": "Feature", "properties": { "full_id": "w1359048404", "osm_id": "1359048404", "osm_type": "way", "building": "house", "addr:city": null, "roof:shape": null, "addr:street": null, "addr:housenumber": null, "layer": null, "building:levels": null }, "geometry": { "type": "MultiPolygon", "coordinates": [ [ [ [ 92.5332877, 26.2596929 ], [ 92.5333757, 26.2597006 ], [ 92.5334207, 26.2595678 ], [ 92.5333242, 26.2595852 ], [ 92.5332877, 26.2596929 ] ] ] ] } },
{ "type": "Feature", "properties": { "full_id": "w1359048405", "osm_id": "1359048405", "osm_type": "way", "building": "house", "addr:city": null, "roof:shape": null, "addr:street": null, "addr:housenumber": null, "layer": null, "building:levels": null }, "geometry": { "type": "MultiPolygon", "coordinates": [ [ [ [ 92.5335344, 26.2595063 ], [ 92.5336718, 26.2595024 ], [ 92.5336332, 26.2596891 ], [ 92.5334958, 26.2596756 ], [ 92.5335344, 26.2595063 ] ] ] ] } },
{ "type": "Feature", "properties": { "full_id": "w1359048406", "osm_id": "1359048406", "osm_type": "way", "building": "house", "addr:city": null, "roof:shape": null, "addr:street": null, "addr:housenumber": null, "layer": null, "building:levels": null }, "geometry": { "type": "MultiPolygon", "coordinates": [ [ [ [ 92.5330838, 26.2601028 ], [ 92.5332534, 26.2601067 ], [ 92.5331911, 26.2601836 ], [ 92.5331032, 26.2601894 ], [ 92.5330838, 26.2601028 ] ] ] ] } },
{ "type": "Feature", "properties": { "full_id": "w1359048407", "osm_id": "1359048407", "osm_type": "way", "building": "house", "addr:city": null, "roof:shape": null, "addr:street": null, "addr:housenumber": null, "layer": null, "building:levels": null }, "geometry": { "type": "MultiPolygon", "coordinates": [ [ [ [ 92.5329508, 26.2600893 ], [ 92.532998, 26.2601009 ], [ 92.5330645, 26.260174 ], [ 92.5329766, 26.2601913 ], [ 92.5329508, 26.2600893 ] ] ] ] } },
{ "type": "Feature", "properties": { "full_id": "w1359048408", "osm_id": "1359048408", "osm_type": "way", "building": "house", "addr:city": null, "roof:shape": null, "addr:street": null, "addr:housenumber": null, "layer": null, "building:levels": null }, "geometry": { "type": "MultiPolygon", "coordinates": [ [ [ [ 92.5328757, 26.2600913 ], [ 92.5329186, 26.2600932 ], [ 92.5329336, 26.2602837 ], [ 92.5328671, 26.2602587 ], [ 92.5328757, 26.2600913 ] ] ] ] } },
{ "type": "Feature", "properties": { "full_id": "w1359048409", "osm_id": "1359048409", "osm_type": "way", "building": "house", "addr:city": null, "roof:shape": null, "addr:street": null, "addr:housenumber": null, "layer": null, "building:levels": null }, "geometry": { "type": "MultiPolygon", "coordinates": [ [ [ [ 92.5327427, 26.2601067 ], [ 92.5327791, 26.2601105 ], [ 92.5328092, 26.2602471 ], [ 92.532762, 26.2602606 ], [ 92.5327427, 26.2601067 ] ] ] ] } },
{ "type": "Feature", "properties": { "full_id": "w1359048410", "osm_id": "1359048410", "osm_type": "way", "building": "house", "addr:city": null, "roof:shape": null, "addr:street": null, "addr:housenumber": null, "layer": null, "building:levels": null }, "geometry": { "type": "MultiPolygon", "coordinates": [ [ [ [ 92.5325989, 26.2601105 ], [ 92.5326761, 26.2601086 ], [ 92.5327148, 26.2602279 ], [ 92.5326246, 26.2602548 ], [ 92.5325989, 26.2601105 ] ] ] ] } },
{ "type": "Feature", "properties": { "full_id": "w1359048411", "osm_id": "1359048411", "osm_type": "way", "building": "house", "addr:city": null, "roof:shape": null, "addr:street": null, "addr:housenumber": null, "layer": null, "building:levels": null }, "geometry": { "type": "MultiPolygon", "coordinates": [ [ [ [ 92.5324787, 26.2601432 ], [ 92.5325495, 26.2601317 ], [ 92.5325946, 26.2602394 ], [ 92.5324959, 26.2602702 ], [ 92.5324787, 26.2601432 ] ] ] ] } },
{ "type": "Feature", "properties": { "full_id": "w1359048412", "osm_id": "1359048412", "osm_type": "way", "building": "house", "addr:city": null, "roof:shape": null, "addr:street": null, "addr:housenumber": null, "layer": null, "building:levels": null }, "geometry": { "type": "MultiPolygon", "coordinates": [ [ [ [ 92.5329918, 26.2611005 ], [ 92.5331138, 26.2611063 ], [ 92.5331202, 26.2610185 ], [ 92.5329934, 26.2610026 ], [ 92.5329918, 26.2611005 ] ] ] ] } },
{ "type": "Feature", "properties": { "full_id": "w1359048413", "osm_id": "1359048413", "osm_type": "way", "building": "house", "addr:city": null, "roof:shape": null, "addr:street": null, "addr:housenumber": null, "layer": null, "building:levels": null }, "geometry": { "type": "MultiPolygon", "coordinates": [ [ [ [ 92.5330721, 26.2613667 ], [ 92.5329645, 26.26142 ], [ 92.5330801, 26.2614358 ], [ 92.5331041, 26.2614186 ], [ 92.5330721, 26.2613667 ] ] ] ] } },
{ "type": "Feature", "properties": { "full_id": "w1359048414", "osm_id": "1359048414", "osm_type": "way", "building": "house", "addr:city": null, "roof:shape": null, "addr:street": null, "addr:housenumber": null, "layer": null, "building:levels": null }, "geometry": { "type": "MultiPolygon", "coordinates": [ [ [ [ 92.5330929, 26.2613264 ], [ 92.5331523, 26.2613423 ], [ 92.5331555, 26.2612876 ], [ 92.5330913, 26.2612876 ], [ 92.5330929, 26.2613264 ] ] ] ] } },
{ "type": "Feature", "properties": { "full_id": "w1359048415", "osm_id": "1359048415", "osm_type": "way", "building": "house", "addr:city": null, "roof:shape": null, "addr:street": null, "addr:housenumber": null, "layer": null, "building:levels": null }, "geometry": { "type": "MultiPolygon", "coordinates": [ [ [ [ 92.532971, 26.2611825 ], [ 92.5330961, 26.2611941 ], [ 92.53304, 26.2612487 ], [ 92.5329581, 26.2612444 ], [ 92.532971, 26.2611825 ] ] ] ] } },
{ "type": "Feature", "properties": { "full_id": "w1359048416", "osm_id": "1359048416", "osm_type": "way", "building": "house", "addr:city": null, "roof:shape": null, "addr:street": null, "addr:housenumber": null, "layer": null, "building:levels": null }, "geometry": { "type": "MultiPolygon", "coordinates": [ [ [ [ 92.5336883, 26.2609379 ], [ 92.5337765, 26.2609393 ], [ 92.5337846, 26.2610401 ], [ 92.5336819, 26.2610746 ], [ 92.5336883, 26.2609379 ] ] ] ] } },
{ "type": "Feature", "properties": { "full_id": "w1359048417", "osm_id": "1359048417", "osm_type": "way", "building": "house", "addr:city": null, "roof:shape": null, "addr:street": null, "addr:housenumber": null, "layer": null, "building:levels": null }, "geometry": { "type": "MultiPolygon", "coordinates": [ [ [ [ 92.5336867, 26.2613034 ], [ 92.5338648, 26.2613077 ], [ 92.5338343, 26.2614186 ], [ 92.5336995, 26.2614186 ], [ 92.5336867, 26.2613034 ] ] ] ] } },
{ "type": "Feature", "properties": { "full_id": "w1359048418", "osm_id": "1359048418", "osm_type": "way", "building": "house", "addr:city": null, "roof:shape": null, "addr:street": null, "addr:housenumber": null, "layer": null, "building:levels": null }, "geometry": { "type": "MultiPolygon", "coordinates": [ [ [ [ 92.5337204, 26.2618546 ], [ 92.5338343, 26.2618632 ], [ 92.5338279, 26.2619841 ], [ 92.5337075, 26.2619956 ], [ 92.5337204, 26.2618546 ] ] ] ] } },
{ "type": "Feature", "properties": { "full_id": "w1359048419", "osm_id": "1359048419", "osm_type": "way", "building": "house", "addr:city": null, "roof:shape": null, "addr:street": null, "addr:housenumber": null, "layer": null, "building:levels": null }, "geometry": { "type": "MultiPolygon", "coordinates": [ [ [ [ 92.5335792, 26.2622763 ], [ 92.5334187, 26.2622647 ], [ 92.5334139, 26.2623669 ], [ 92.5335904, 26.2623899 ], [ 92.5335792, 26.2622763 ] ] ] ] } },
{ "type": "Feature", "properties": { "full_id": "w1359048420", "osm_id": "1359048420", "osm_type": "way", "building": "house", "addr:city": null, "roof:shape": null, "addr:street": null, "addr:housenumber": null, "layer": null, "building:levels": null }, "geometry": { "type": "MultiPolygon", "coordinates": [ [ [ [ 92.5336064, 26.2622935 ], [ 92.5337156, 26.2622964 ], [ 92.5336883, 26.2623943 ], [ 92.5336193, 26.2623828 ], [ 92.5336064, 26.2622935 ] ] ] ] } },
{ "type": "Feature", "properties": { "full_id": "w1359048799", "osm_id": "1359048799", "osm_type": "way", "building": "house", "addr:city": null, "roof:shape": null, "addr:street": null, "addr:housenumber": null, "layer": null, "building:levels": null }, "geometry": { "type": "MultiPolygon", "coordinates": [ [ [ [ 92.5343912, 26.2624144 ], [ 92.5345195, 26.2623957 ], [ 92.5345147, 26.262518 ], [ 92.5343895, 26.262518 ], [ 92.5343912, 26.2624144 ] ] ] ] } },
{ "type": "Feature", "properties": { "full_id": "w1359048800", "osm_id": "1359048800", "osm_type": "way", "building": "house", "addr:city": null, "roof:shape": null, "addr:street": null, "addr:housenumber": null, "layer": null, "building:levels": null }, "geometry": { "type": "MultiPolygon", "coordinates": [ [ [ [ 92.5342564, 26.2624058 ], [ 92.5345147, 26.2623828 ], [ 92.5344698, 26.2623079 ], [ 92.5342612, 26.2623036 ], [ 92.5342564, 26.2624058 ] ] ] ] } },
{ "type": "Feature", "properties": { "full_id": "w1359048801", "osm_id": "1359048801", "osm_type": "way", "building": "house", "addr:city": null, "roof:shape": null, "addr:street": null, "addr:housenumber": null, "layer": null, "building:levels": null }, "geometry": { "type": "MultiPolygon", "coordinates": [ [ [ [ 92.5348581, 26.2626173 ], [ 92.5349929, 26.2626231 ], [ 92.5349977, 26.2625238 ], [ 92.534887, 26.2625367 ], [ 92.5348581, 26.2626173 ] ] ] ] } },
{ "type": "Feature", "properties": { "full_id": "w1359048802", "osm_id": "1359048802", "osm_type": "way", "building": "house", "addr:city": null, "roof:shape": null, "addr:street": null, "addr:housenumber": null, "layer": null, "building:levels": null }, "geometry": { "type": "MultiPolygon", "coordinates": [ [ [ [ 92.5347474, 26.2625195 ], [ 92.5348966, 26.2625137 ], [ 92.5348758, 26.2624547 ], [ 92.5347009, 26.2624533 ], [ 92.5347474, 26.2625195 ] ] ] ] } },
{ "type": "Feature", "properties": { "full_id": "w1359048803", "osm_id": "1359048803", "osm_type": "way", "building": "house", "addr:city": null, "roof:shape": null, "addr:street": null, "addr:housenumber": null, "layer": null, "building:levels": null }, "geometry": { "type": "MultiPolygon", "coordinates": [ [ [ [ 92.5352946, 26.2618532 ], [ 92.5354134, 26.2618517 ], [ 92.5353781, 26.2619625 ], [ 92.5354679, 26.2619697 ], [ 92.5354407, 26.2620489 ], [ 92.5352754, 26.2620345 ], [ 92.5352946, 26.2618532 ] ] ] ] } },
{ "type": "Feature", "properties": { "full_id": "w1359048804", "osm_id": "1359048804", "osm_type": "way", "building": "house", "addr:city": null, "roof:shape": null, "addr:street": null, "addr:housenumber": null, "layer": null, "building:levels": null }, "geometry": { "type": "MultiPolygon", "coordinates": [ [ [ [ 92.5349159, 26.2619381 ], [ 92.5349913, 26.2619381 ], [ 92.5350042, 26.2620762 ], [ 92.5349159, 26.2620791 ], [ 92.5349159, 26.2619381 ] ] ] ] } },
{ "type": "Feature", "properties": { "full_id": "w1359048805", "osm_id": "1359048805", "osm_type": "way", "building": "house", "addr:city": null, "roof:shape": null, "addr:street": null, "addr:housenumber": null, "layer": null, "building:levels": null }, "geometry": { "type": "MultiPolygon", "coordinates": [ [ [ [ 92.5352898, 26.2622417 ], [ 92.5353909, 26.2622288 ], [ 92.5353909, 26.2622921 ], [ 92.5352866, 26.2623036 ], [ 92.5352898, 26.2622417 ] ] ] ] } },
{ "type": "Feature", "properties": { "full_id": "w1359048806", "osm_id": "1359048806", "osm_type": "way", "building": "house", "addr:city": null, "roof:shape": null, "addr:street": null, "addr:housenumber": null, "layer": null, "building:levels": null }, "geometry": { "type": "MultiPolygon", "coordinates": [ [ [ [ 92.5350314, 26.2620158 ], [ 92.535163, 26.2620187 ], [ 92.535139, 26.2621525 ], [ 92.535017, 26.2621295 ], [ 92.5350314, 26.2620158 ] ] ] ] } },
{ "type": "Feature", "properties": { "full_id": "w1359048807", "osm_id": "1359048807", "osm_type": "way", "building": "house", "addr:city": null, "roof:shape": null, "addr:street": null, "addr:housenumber": null, "layer": null, "building:levels": null }, "geometry": { "type": "MultiPolygon", "coordinates": [ [ [ [ 92.5348036, 26.261974 ], [ 92.5348934, 26.2620028 ], [ 92.5348838, 26.2621064 ], [ 92.5347875, 26.2621021 ], [ 92.5348036, 26.261974 ] ] ] ] } },
{ "type": "Feature", "properties": { "full_id": "w1359048808", "osm_id": "1359048808", "osm_type": "way", "building": "house", "addr:city": null, "roof:shape": null, "addr:street": null, "addr:housenumber": null, "layer": null, "building:levels": null }, "geometry": { "type": "MultiPolygon", "coordinates": [ [ [ [ 92.5357472, 26.2621151 ], [ 92.5358483, 26.2621223 ], [ 92.5357744, 26.2622748 ], [ 92.5357022, 26.2622662 ], [ 92.5357472, 26.2621151 ] ] ] ] } },
{ "type": "Feature", "properties": { "full_id": "w1359048809", "osm_id": "1359048809", "osm_type": "way", "building": "house", "addr:city": null, "roof:shape": null, "addr:street": null, "addr:housenumber": null, "layer": null, "building:levels": null }, "geometry": { "type": "MultiPolygon", "coordinates": [ [ [ [ 92.5351839, 26.2622072 ], [ 92.5352481, 26.2622129 ], [ 92.535232, 26.2622705 ], [ 92.5351727, 26.262282 ], [ 92.5351839, 26.2622072 ] ] ] ] } },
{ "type": "Feature", "properties": { "full_id": "w1359048810", "osm_id": "1359048810", "osm_type": "way", "building": "house", "addr:city": null, "roof:shape": null, "addr:street": null, "addr:housenumber": null, "layer": null, "building:levels": null }, "geometry": { "type": "MultiPolygon", "coordinates": [ [ [ [ 92.5348774, 26.2621424 ], [ 92.5349737, 26.2621554 ], [ 92.53494, 26.2623007 ], [ 92.5348565, 26.2622921 ], [ 92.5348774, 26.2621424 ] ] ] ] } },
{ "type": "Feature", "properties": { "full_id": "w1359048811", "osm_id": "1359048811", "osm_type": "way", "building": "house", "addr:city": null, "roof:shape": null, "addr:street": null, "addr:housenumber": null, "layer": null, "building:levels": null }, "geometry": { "type": "MultiPolygon", "coordinates": [ [ [ [ 92.5357923, 26.2627818 ], [ 92.5358963, 26.2627889 ], [ 92.5359134, 26.2629022 ], [ 92.5357923, 26.2629081 ], [ 92.5357923, 26.2627818 ] ] ] ] } },
{ "type": "Feature", "properties": { "full_id": "w1359048812", "osm_id": "1359048812", "osm_type": "way", "building": "house", "addr:city": null, "roof:shape": null, "addr:street": null, "addr:housenumber": null, "layer": null, "building:levels": null }, "geometry": { "type": "MultiPolygon", "coordinates": [ [ [ [ 92.5359423, 26.262796 ], [ 92.5360791, 26.2628078 ], [ 92.536012, 26.2629352 ], [ 92.5359515, 26.2628975 ], [ 92.5359423, 26.262796 ] ] ] ] } },
{ "type": "Feature", "properties": { "full_id": "w1359048813", "osm_id": "1359048813", "osm_type": "way", "building": "house", "addr:city": null, "roof:shape": null, "addr:street": null, "addr:housenumber": null, "layer": null, "building:levels": null }, "geometry": { "type": "MultiPolygon", "coordinates": [ [ [ [ 92.5361252, 26.2628621 ], [ 92.5361949, 26.2628715 ], [ 92.5361765, 26.2629564 ], [ 92.5360936, 26.2629376 ], [ 92.5361252, 26.2628621 ] ] ] ] } },
{ "type": "Feature", "properties": { "full_id": "w1359048814", "osm_id": "1359048814", "osm_type": "way", "building": "house", "addr:city": null, "roof:shape": null, "addr:street": null, "addr:housenumber": null, "layer": null, "building:levels": null }, "geometry": { "type": "MultiPolygon", "coordinates": [ [ [ [ 92.5354424, 26.2625494 ], [ 92.5355266, 26.262566 ], [ 92.5355016, 26.2626651 ], [ 92.5354121, 26.2626415 ], [ 92.5354424, 26.2625494 ] ] ] ] } },
{ "type": "Feature", "properties": { "full_id": "w1359048815", "osm_id": "1359048815", "osm_type": "way", "building": "house", "addr:city": null, "roof:shape": null, "addr:street": null, "addr:housenumber": null, "layer": null, "building:levels": null }, "geometry": { "type": "MultiPolygon", "coordinates": [ [ [ [ 92.5355582, 26.2624857 ], [ 92.53567, 26.2625034 ], [ 92.535595, 26.2625919 ], [ 92.5355069, 26.2625494 ], [ 92.5355582, 26.2624857 ] ] ] ] } },
{ "type": "Feature", "properties": { "full_id": "w1359049459", "osm_id": "1359049459", "osm_type": "way", "building": "house", "addr:city": null, "roof:shape": null, "addr:street": null, "addr:housenumber": null, "layer": null, "building:levels": null }, "geometry": { "type": "MultiPolygon", "coordinates": [ [ [ [ 92.5363817, 26.2624586 ], [ 92.5364882, 26.2624704 ], [ 92.5364803, 26.2625766 ], [ 92.5363843, 26.2625742 ], [ 92.5363817, 26.2624586 ] ] ] ] } },
{ "type": "Feature", "properties": { "full_id": "w1359049460", "osm_id": "1359049460", "osm_type": "way", "building": "house", "addr:city": null, "roof:shape": null, "addr:street": null, "addr:housenumber": null, "layer": null, "building:levels": null }, "geometry": { "type": "MultiPolygon", "coordinates": [ [ [ [ 92.5361475, 26.2624669 ], [ 92.5363146, 26.2624374 ], [ 92.5363014, 26.2625483 ], [ 92.5361673, 26.2625412 ], [ 92.5361475, 26.2624669 ] ] ] ] } },
{ "type": "Feature", "properties": { "full_id": "w1359049461", "osm_id": "1359049461", "osm_type": "way", "building": "house", "addr:city": null, "roof:shape": null, "addr:street": null, "addr:housenumber": null, "layer": null, "building:levels": null }, "geometry": { "type": "MultiPolygon", "coordinates": [ [ [ [ 92.5365632, 26.2624468 ], [ 92.5367895, 26.2624621 ], [ 92.5367592, 26.2625376 ], [ 92.536608, 26.2625223 ], [ 92.5365632, 26.2624468 ] ] ] ] } },
{ "type": "Feature", "properties": { "full_id": "w1359049462", "osm_id": "1359049462", "osm_type": "way", "building": "house", "addr:city": null, "roof:shape": null, "addr:street": null, "addr:housenumber": null, "layer": null, "building:levels": null }, "geometry": { "type": "MultiPolygon", "coordinates": [ [ [ [ 92.5371394, 26.263203 ], [ 92.5372947, 26.2631936 ], [ 92.5372697, 26.263341 ], [ 92.5371328, 26.2633375 ], [ 92.5371394, 26.263203 ] ] ] ] } },
{ "type": "Feature", "properties": { "full_id": "w1359049463", "osm_id": "1359049463", "osm_type": "way", "building": "house", "addr:city": null, "roof:shape": null, "addr:street": null, "addr:housenumber": null, "layer": null, "building:levels": null }, "geometry": { "type": "MultiPolygon", "coordinates": [ [ [ [ 92.5369934, 26.2632266 ], [ 92.5371092, 26.2632301 ], [ 92.5371157, 26.2633174 ], [ 92.5370079, 26.2633245 ], [ 92.5369934, 26.2632266 ] ] ] ] } },
{ "type": "Feature", "properties": { "full_id": "w1359049464", "osm_id": "1359049464", "osm_type": "way", "building": "house", "addr:city": null, "roof:shape": null, "addr:street": null, "addr:housenumber": null, "layer": null, "building:levels": null }, "geometry": { "type": "MultiPolygon", "coordinates": [ [ [ [ 92.536875, 26.2632443 ], [ 92.5369684, 26.2632325 ], [ 92.5369737, 26.2633068 ], [ 92.5368737, 26.2633033 ], [ 92.536875, 26.2632443 ] ] ] ] } },
{ "type": "Feature", "properties": { "full_id": "w1521946524", "osm_id": "1521946524", "osm_type": "way", "building": "house", "addr:city": null, "roof:shape": null, "addr:street": null, "addr:housenumber": null, "layer": null, "building:levels": null }, "geometry": { "type": "MultiPolygon", "coordinates": [ [ [ [ 92.4600634, 26.4589584 ], [ 92.4601108, 26.458869 ], [ 92.459913, 26.4587849 ], [ 92.4598656, 26.4588744 ], [ 92.4600634, 26.4589584 ] ] ] ] } },
{ "type": "Feature", "properties": { "full_id": "w1521946525", "osm_id": "1521946525", "osm_type": "way", "building": "house", "addr:city": null, "roof:shape": null, "addr:street": null, "addr:housenumber": null, "layer": null, "building:levels": null }, "geometry": { "type": "MultiPolygon", "coordinates": [ [ [ [ 92.4598281, 26.4589532 ], [ 92.459976, 26.4590175 ], [ 92.460011, 26.4589531 ], [ 92.4598631, 26.4588887 ], [ 92.4598281, 26.4589532 ] ] ] ] } },
{ "type": "Feature", "properties": { "full_id": "w1521946526", "osm_id": "1521946526", "osm_type": "way", "building": "house", "addr:city": null, "roof:shape": null, "addr:street": null, "addr:housenumber": null, "layer": null, "building:levels": null }, "geometry": { "type": "MultiPolygon", "coordinates": [ [ [ [ 92.4597557, 26.4590483 ], [ 92.4598768, 26.4590982 ], [ 92.459922, 26.4590103 ], [ 92.4598008, 26.4589604 ], [ 92.4597557, 26.4590483 ] ] ] ] } },
{ "type": "Feature", "properties": { "full_id": "w1521946527", "osm_id": "1521946527", "osm_type": "way", "building": "house", "addr:city": null, "roof:shape": null, "addr:street": null, "addr:housenumber": null, "layer": null, "building:levels": null }, "geometry": { "type": "MultiPolygon", "coordinates": [ [ [ [ 92.4607057, 26.4582091 ], [ 92.460807, 26.4582537 ], [ 92.4608784, 26.4581235 ], [ 92.4607771, 26.458079 ], [ 92.4607057, 26.4582091 ] ] ] ] } },
{ "type": "Feature", "properties": { "full_id": "w1521946528", "osm_id": "1521946528", "osm_type": "way", "building": "house", "addr:city": null, "roof:shape": null, "addr:street": null, "addr:housenumber": null, "layer": null, "building:levels": null }, "geometry": { "type": "MultiPolygon", "coordinates": [ [ [ [ 92.4603567, 26.4579578 ], [ 92.4604538, 26.4580003 ], [ 92.4605249, 26.4578703 ], [ 92.4604277, 26.4578278 ], [ 92.4603567, 26.4579578 ] ] ] ] } },
{ "type": "Feature", "properties": { "full_id": "w1521946529", "osm_id": "1521946529", "osm_type": "way", "building": "house", "addr:city": null, "roof:shape": null, "addr:street": null, "addr:housenumber": null, "layer": null, "building:levels": null }, "geometry": { "type": "MultiPolygon", "coordinates": [ [ [ [ 92.4577069, 26.4563828 ], [ 92.4577837, 26.4564203 ], [ 92.4578612, 26.4562935 ], [ 92.4577844, 26.4562559 ], [ 92.4577069, 26.4563828 ] ] ] ] } },
{ "type": "Feature", "properties": { "full_id": "w1521946530", "osm_id": "1521946530", "osm_type": "way", "building": "house", "addr:city": null, "roof:shape": null, "addr:street": null, "addr:housenumber": null, "layer": null, "building:levels": null }, "geometry": { "type": "MultiPolygon", "coordinates": [ [ [ [ 92.4563034, 26.4560366 ], [ 92.4564429, 26.4561177 ], [ 92.4565023, 26.4560357 ], [ 92.4563628, 26.4559547 ], [ 92.4563034, 26.4560366 ] ] ] ] } },
{ "type": "Feature", "properties": { "full_id": "w1521946531", "osm_id": "1521946531", "osm_type": "way", "building": "house", "addr:city": null, "roof:shape": null, "addr:street": null, "addr:housenumber": null, "layer": null, "building:levels": null }, "geometry": { "type": "MultiPolygon", "coordinates": [ [ [ [ 92.457274, 26.4561976 ], [ 92.4573609, 26.4562424 ], [ 92.4574284, 26.4561374 ], [ 92.4573415, 26.4560927 ], [ 92.457274, 26.4561976 ] ] ] ] } },
{ "type": "Feature", "properties": { "full_id": "w1521946532", "osm_id": "1521946532", "osm_type": "way", "building": "house", "addr:city": null, "roof:shape": null, "addr:street": null, "addr:housenumber": null, "layer": null, "building:levels": null }, "geometry": { "type": "MultiPolygon", "coordinates": [ [ [ [ 92.4581648, 26.45768 ], [ 92.4582533, 26.4577173 ], [ 92.4583391, 26.457596 ], [ 92.4582426, 26.4575576 ], [ 92.4581648, 26.45768 ] ] ] ] } }
]
}
