{
"type": "FeatureCollection",
"name": "landuse",
"crs": { "type": "name", "properties": { "name": "urn:ogc:def:crs:OGC:1.3:CRS84" } },
"features": [
{ "type": "Feature", "properties": { "full_id": "r17869524", "osm_id": "17869524", "osm_type": "relation", "landuse": "residential", "water": null, "residential": null, "industrial": null, "resource": null, "trees": null, "produce": null, "natural": null, "name": null, "boundary": null, "type": "multipolygon" }, "geometry": { "type": "MultiPolygon", "coordinates": [ [ [ [ 92.1736123, 26.294696 ], [ 92.1738265, 26.2946738 ], [ 92.1737611, 26.2940938 ], [ 92.1735285, 26.2931331 ], [ 92.1731718, 26.2931514 ], [ 92.1733418, 26.2940958 ], [ 92.1733914, 26.2943464 ], [ 92.1735221, 26.2946091 ], [ 92.1736123, 26.294696 ] ] ] ] } },
{ "type": "Feature", "properties": { "full_id": "r18027763", "osm_id": "18027763", "osm_type": "relation", "landuse": "residential", "water": null, "residential": null, "industrial": null, "resource": null, "trees": null, "produce": null, "natural": null, "name": null, "boundary": null, "type": "multipolygon" }, "geometry": { "type": "MultiPolygon", "coordinates": [ [ [ [ 92.0403753, 26.2437901 ], [ 92.0402229, 26.2439937 ], [ 92.0385897, 26.2429907 ], [ 92.0383198, 26.2434863 ], [ 92.0387202, 26.243728 ], [ 92.0388953, 26.2442268 ], [ 92.0393899, 26.2444392 ], [ 92.0392745, 26.2446493 ], [ 92.0447016, 26.2472741 ], [ 92.0437021, 26.2487423 ], [ 92.0419979, 26.2489292 ], [ 92.0413756, 26.2501031 ], [ 92.042942, 26.2507478 ], [ 92.0398212, 26.2547407 ], [ 92.0374126, 26.2577058 ], [ 92.035371, 26.2608519 ], [ 92.0350964, 26.2627408 ], [ 92.0349712, 26.2632323 ], [ 92.0351598, 26.2644398 ], [ 92.0351137, 26.2645839 ], [ 92.0351137, 26.2647377 ], [ 92.0374425, 26.2671847 ], [ 92.0374489, 26.2677685 ], [ 92.0375132, 26.2679031 ], [ 92.0387792, 26.2705296 ], [ 92.0384788, 26.2710876 ], [ 92.0389299, 26.27275 ], [ 92.0401923, 26.2740411 ], [ 92.0403501, 26.2740387 ], [ 92.0409551, 26.2739237 ], [ 92.0414498, 26.2691014 ], [ 92.0414498, 26.2689656 ], [ 92.0390949, 26.2662405 ], [ 92.039107, 26.2660554 ], [ 92.0391081, 26.2660148 ], [ 92.0391081, 26.2658852 ], [ 92.0393785, 26.2639808 ], [ 92.0396976, 26.2634829 ], [ 92.0411375, 26.2618032 ], [ 92.0417619, 26.2620727 ], [ 92.0428562, 26.2606103 ], [ 92.0449805, 26.2579547 ], [ 92.0473784, 26.2589794 ], [ 92.047424, 26.2589914 ], [ 92.0478317, 26.2580774 ], [ 92.0459032, 26.2568771 ], [ 92.0488643, 26.2560688 ], [ 92.0515466, 26.2538943 ], [ 92.0532203, 26.2507574 ], [ 92.0516646, 26.2504206 ], [ 92.0503664, 26.2518928 ], [ 92.0487356, 26.2511904 ], [ 92.0479417, 26.2526049 ], [ 92.0468473, 26.2526819 ], [ 92.0449161, 26.2553183 ], [ 92.0432853, 26.2549527 ], [ 92.0465255, 26.2511423 ], [ 92.0466444, 26.2505698 ], [ 92.0466757, 26.2505842 ], [ 92.0501713, 26.2444057 ], [ 92.0498443, 26.244018 ], [ 92.0491807, 26.2437849 ], [ 92.0482353, 26.243728 ], [ 92.0475656, 26.2436934 ], [ 92.0471268, 26.2435001 ], [ 92.0468265, 26.2431894 ], [ 92.0462685, 26.2428232 ], [ 92.0459967, 26.2427918 ], [ 92.0455717, 26.2430996 ], [ 92.0452484, 26.243362 ], [ 92.0443349, 26.2435995 ], [ 92.0433392, 26.2436589 ], [ 92.0425847, 26.2435968 ], [ 92.0403753, 26.2437901 ] ] ] ] } },
{ "type": "Feature", "properties": { "full_id": "w120581332", "osm_id": "120581332", "osm_type": "way", "landuse": "forest", "water": null, "residential": null, "industrial": null, "resource": null, "trees": null, "produce": null, "natural": "wood", "name": "Pobitora (Bura Mayang) Wildlife Sanctuary", "boundary": "protected_area", "type": null }, "geometry": { "type": "MultiPolygon", "coordinates": [ [ [ [ 91.999001, 26.2365286 ], [ 91.9972854, 26.2368295 ], [ 91.9956777, 26.2374475 ], [ 91.9936034, 26.2380132 ], [ 91.9914039, 26.2389777 ], [ 91.9881943, 26.2406436 ], [ 91.9879556, 26.240913 ], [ 91.9873509, 26.2416219 ], [ 91.9822445, 26.2439907 ], [ 91.9814168, 26.2445745 ], [ 91.978973, 26.2476723 ], [ 91.9788314, 26.2481912 ], [ 91.9785331, 26.2499665 ], [ 91.9788839, 26.2513189 ], [ 91.9792958, 26.2515371 ], [ 91.9794523, 26.2519271 ], [ 91.9793717, 26.2523921 ], [ 91.9790261, 26.2524438 ], [ 91.9786804, 26.2522991 ], [ 91.9769459, 26.2525723 ], [ 91.9766644, 26.2540349 ], [ 91.9768257, 26.2549441 ], [ 91.9766056, 26.2563611 ], [ 91.9751106, 26.2602552 ], [ 91.9765173, 26.2636771 ], [ 91.9772774, 26.2686651 ], [ 91.9778271, 26.2714248 ], [ 91.9785857, 26.2737742 ], [ 91.980212, 26.2752481 ], [ 91.9810967, 26.2759757 ], [ 91.9823919, 26.2758092 ], [ 91.9831332, 26.2758895 ], [ 91.9837791, 26.2757341 ], [ 91.9853354, 26.2749345 ], [ 91.9861398, 26.2738526 ], [ 91.9862525, 26.2723486 ], [ 91.985143, 26.2703089 ], [ 91.9849857, 26.2690388 ], [ 91.9849157, 26.2657616 ], [ 91.9851227, 26.265562 ], [ 91.9851999, 26.26548 ], [ 91.9860213, 26.2647045 ], [ 91.9875821, 26.2644066 ], [ 91.988988, 26.264513 ], [ 91.9892032, 26.2648523 ], [ 91.9891217, 26.265276 ], [ 91.9892602, 26.2659407 ], [ 91.989556, 26.2660918 ], [ 91.9899989, 26.2661952 ], [ 91.9915098, 26.2655017 ], [ 91.9918798, 26.2643451 ], [ 91.9916597, 26.2637467 ], [ 91.9916328, 26.2631708 ], [ 91.9910707, 26.2622859 ], [ 91.9912435, 26.2613044 ], [ 91.99239, 26.2601459 ], [ 91.9941236, 26.2595791 ], [ 91.9940429, 26.2590315 ], [ 91.9946274, 26.2586561 ], [ 91.9954138, 26.2585872 ], [ 91.9962673, 26.259222 ], [ 91.9968769, 26.2613147 ], [ 91.9971573, 26.2635158 ], [ 91.9972354, 26.2655146 ], [ 91.997374, 26.2662555 ], [ 91.9973525, 26.266917 ], [ 91.9974732, 26.2677733 ], [ 91.9974683, 26.267989 ], [ 91.9984821, 26.2694456 ], [ 91.9987233, 26.269753 ], [ 91.9989162, 26.2703004 ], [ 91.9990696, 26.2711089 ], [ 92.001211, 26.272397 ], [ 92.0035702, 26.2744554 ], [ 92.0032361, 26.2749925 ], [ 92.0033514, 26.2757053 ], [ 92.0038467, 26.2762838 ], [ 92.0046877, 26.2770792 ], [ 92.005421, 26.2774807 ], [ 92.0059292, 26.2775685 ], [ 92.0064618, 26.2775744 ], [ 92.00726, 26.2775937 ], [ 92.0079082, 26.2778266 ], [ 92.0084561, 26.2780657 ], [ 92.0089659, 26.2782489 ], [ 92.0095587, 26.278339 ], [ 92.0097869, 26.2784386 ], [ 92.0113989, 26.279117 ], [ 92.0123602, 26.2798182 ], [ 92.013077, 26.2804172 ], [ 92.0137124, 26.2811622 ], [ 92.0143641, 26.2817903 ], [ 92.0147225, 26.2821117 ], [ 92.0152864, 26.2820064 ], [ 92.0151251, 26.2815726 ], [ 92.0136147, 26.2797014 ], [ 92.0135984, 26.2792193 ], [ 92.0139242, 26.2788103 ], [ 92.0136473, 26.278445 ], [ 92.0133051, 26.2781237 ], [ 92.0134518, 26.2777731 ], [ 92.013904, 26.2776163 ], [ 92.0144147, 26.2777585 ], [ 92.0159516, 26.2760917 ], [ 92.0157164, 26.2745153 ], [ 92.0145107, 26.2732297 ], [ 92.0139079, 26.2730252 ], [ 92.0131422, 26.2731128 ], [ 92.012208, 26.2718359 ], [ 92.0119855, 26.2710675 ], [ 92.0113175, 26.2704247 ], [ 92.0111057, 26.269592 ], [ 92.0114641, 26.2690514 ], [ 92.0112523, 26.2685839 ], [ 92.0105192, 26.267196 ], [ 92.0104954, 26.2671387 ], [ 92.0101637, 26.2663418 ], [ 92.0092158, 26.2653113 ], [ 92.0083649, 26.2632957 ], [ 92.0098975, 26.2588208 ], [ 92.0096349, 26.2576521 ], [ 92.0090484, 26.2547299 ], [ 92.0094532, 26.2529324 ], [ 92.0114316, 26.2482451 ], [ 92.0114454, 26.2441588 ], [ 92.0098832, 26.2400508 ], [ 92.008483, 26.238193 ], [ 92.0070085, 26.2372723 ], [ 92.0054861, 26.236685 ], [ 92.0040352, 26.2363517 ], [ 92.0025031, 26.23637 ], [ 91.9997922, 26.2364885 ], [ 91.999001, 26.2365286 ] ] ] ] } },
{ "type": "Feature", "properties": { "full_id": "w169984566", "osm_id": "169984566", "osm_type": "way", "landuse": "railway", "water": null, "residential": null, "industrial": null, "resource": null, "trees": null, "produce": null, "natural": null, "name": null, "boundary": null, "type": null }, "geometry": { "type": "MultiPolygon", "coordinates": [ [ [ [ 92.4212007, 26.4514362 ], [ 92.4211927, 26.4512917 ], [ 92.4237704, 26.4512303 ], [ 92.4295593, 26.4512122 ], [ 92.4312132, 26.4512845 ], [ 92.4312092, 26.4514 ], [ 92.4263804, 26.4514723 ], [ 92.4263683, 26.4518551 ], [ 92.4260819, 26.4518551 ], [ 92.4260577, 26.4514687 ], [ 92.4212007, 26.4514362 ] ] ] ] } },
{ "type": "Feature", "properties": { "full_id": "w225904836", "osm_id": "225904836", "osm_type": "way", "landuse": "residential", "water": null, "residential": null, "industrial": null, "resource": null, "trees": null, "produce": null, "natural": null, "name": null, "boundary": null, "type": null }, "geometry": { "type": "MultiPolygon", "coordinates": [ [ [ [ 92.4812524, 26.4540866 ], [ 92.4817505, 26.4541646 ], [ 92.4823481, 26.4544367 ], [ 92.484349, 26.4554837 ], [ 92.4852918, 26.4556138 ], [ 92.4852824, 26.4563721 ], [ 92.4855385, 26.4563918 ], [ 92.4879056, 26.4566027 ], [ 92.4893207, 26.4569959 ], [ 92.4893094, 26.4568423 ], [ 92.4885171, 26.4565018 ], [ 92.4885319, 26.4556138 ], [ 92.487062, 26.45522 ], [ 92.4872873, 26.4538176 ], [ 92.4877789, 26.4538447 ], [ 92.4874563, 26.4535231 ], [ 92.4868752, 26.4529438 ], [ 92.4867254, 26.4530247 ], [ 92.4865055, 26.4532168 ], [ 92.4867791, 26.4533513 ], [ 92.4864969, 26.4534343 ], [ 92.4864237, 26.4537792 ], [ 92.4861461, 26.4541005 ], [ 92.4859731, 26.4542835 ], [ 92.4859301, 26.4545428 ], [ 92.4858658, 26.4546389 ], [ 92.4856203, 26.4544511 ], [ 92.4857424, 26.4540962 ], [ 92.4857156, 26.4539137 ], [ 92.4852663, 26.4543406 ], [ 92.4853025, 26.45388 ], [ 92.4856405, 26.4535102 ], [ 92.4861997, 26.4527653 ], [ 92.4865178, 26.4525875 ], [ 92.4865066, 26.4513413 ], [ 92.4861603, 26.4513639 ], [ 92.4861178, 26.4516894 ], [ 92.4850133, 26.4516973 ], [ 92.4850045, 26.451808 ], [ 92.4848566, 26.4517942 ], [ 92.4848084, 26.4524725 ], [ 92.484805, 26.4525204 ], [ 92.4841331, 26.4524872 ], [ 92.4841015, 26.4522232 ], [ 92.484086, 26.4520929 ], [ 92.484058, 26.4518581 ], [ 92.4837807, 26.4514038 ], [ 92.4827449, 26.4512722 ], [ 92.482686, 26.451872 ], [ 92.4825519, 26.4519008 ], [ 92.4825354, 26.4512456 ], [ 92.481969, 26.4511736 ], [ 92.4819819, 26.4512433 ], [ 92.4815863, 26.4513197 ], [ 92.4812483, 26.4514109 ], [ 92.4813008, 26.4511368 ], [ 92.4807957, 26.4512291 ], [ 92.480069, 26.4513619 ], [ 92.4789096, 26.4515737 ], [ 92.4788014, 26.4516323 ], [ 92.4790261, 26.4521318 ], [ 92.4789579, 26.452857 ], [ 92.4789403, 26.4530444 ], [ 92.4787271, 26.4536298 ], [ 92.4785983, 26.4534041 ], [ 92.4781077, 26.4534154 ], [ 92.4779887, 26.45318 ], [ 92.4776904, 26.4531404 ], [ 92.4774809, 26.4532173 ], [ 92.4767431, 26.4527459 ], [ 92.4765959, 26.4528255 ], [ 92.4763014, 26.4531527 ], [ 92.4762389, 26.4532222 ], [ 92.4781676, 26.4545428 ], [ 92.4781676, 26.4548886 ], [ 92.4782427, 26.4555226 ], [ 92.4778242, 26.455561 ], [ 92.4777937, 26.4547488 ], [ 92.4774289, 26.454624 ], [ 92.4768388, 26.4545183 ], [ 92.4767406, 26.4548502 ], [ 92.4767192, 26.4553785 ], [ 92.4761935, 26.4553401 ], [ 92.4762364, 26.4547349 ], [ 92.4756999, 26.4546773 ], [ 92.4756248, 26.4542739 ], [ 92.4755441, 26.4539944 ], [ 92.4751924, 26.4543852 ], [ 92.4748999, 26.4547103 ], [ 92.4748003, 26.4555269 ], [ 92.4747996, 26.4555845 ], [ 92.4747956, 26.4559256 ], [ 92.474788, 26.4565599 ], [ 92.4750991, 26.4565599 ], [ 92.4750562, 26.456752 ], [ 92.4750406, 26.4572316 ], [ 92.4755124, 26.4572179 ], [ 92.4755822, 26.4566752 ], [ 92.4755406, 26.4565018 ], [ 92.4757428, 26.4562814 ], [ 92.476408, 26.456339 ], [ 92.4764687, 26.4562569 ], [ 92.4767959, 26.4563097 ], [ 92.4767194, 26.4565071 ], [ 92.4768227, 26.4567083 ], [ 92.4769608, 26.4566848 ], [ 92.4781517, 26.4566176 ], [ 92.4782322, 26.4565071 ], [ 92.4785648, 26.4564783 ], [ 92.478888, 26.4573807 ], [ 92.4789792, 26.4577793 ], [ 92.4771017, 26.4580194 ], [ 92.4756414, 26.4583706 ], [ 92.4756922, 26.4588598 ], [ 92.4772344, 26.4587163 ], [ 92.4776743, 26.458577 ], [ 92.4780284, 26.4586683 ], [ 92.4786788, 26.4585189 ], [ 92.4790476, 26.4586154 ], [ 92.4787955, 26.459014 ], [ 92.4785983, 26.4593641 ], [ 92.4787539, 26.4600077 ], [ 92.4772304, 26.4602382 ], [ 92.4770158, 26.4603342 ], [ 92.4772948, 26.4609634 ], [ 92.4778135, 26.4619387 ], [ 92.4773414, 26.4622749 ], [ 92.4769442, 26.4630476 ], [ 92.4765792, 26.4632222 ], [ 92.4759309, 26.4636916 ], [ 92.4755943, 26.4637295 ], [ 92.4753461, 26.4638933 ], [ 92.4753408, 26.4643351 ], [ 92.4752496, 26.4644407 ], [ 92.4747317, 26.4645423 ], [ 92.474467, 26.4643783 ], [ 92.4737703, 26.4651644 ], [ 92.4739474, 26.465199 ], [ 92.4741713, 26.4651419 ], [ 92.474461, 26.4651851 ], [ 92.4749277, 26.4650746 ], [ 92.4749814, 26.4651755 ], [ 92.4748043, 26.4654204 ], [ 92.4746112, 26.4655117 ], [ 92.4744181, 26.465358 ], [ 92.4738562, 26.4653719 ], [ 92.4736564, 26.4655453 ], [ 92.473475, 26.4654976 ], [ 92.4728913, 26.4661562 ], [ 92.4727865, 26.4662645 ], [ 92.472569, 26.4665198 ], [ 92.4727833, 26.4667934 ], [ 92.4728785, 26.466717 ], [ 92.4733613, 26.4668227 ], [ 92.4735236, 26.4667501 ], [ 92.4737207, 26.4667698 ], [ 92.4738025, 26.4669134 ], [ 92.4735033, 26.467863 ], [ 92.4739118, 26.4681573 ], [ 92.4742128, 26.4683669 ], [ 92.4741888, 26.4682676 ], [ 92.4739675, 26.4681144 ], [ 92.4739889, 26.4679896 ], [ 92.4740694, 26.4677927 ], [ 92.4742424, 26.467773 ], [ 92.4743023, 26.4678103 ], [ 92.4744048, 26.4678741 ], [ 92.4745361, 26.467956 ], [ 92.4746649, 26.4680808 ], [ 92.4745798, 26.4682289 ], [ 92.4745683, 26.4682489 ], [ 92.4745847, 26.4683978 ], [ 92.4747624, 26.4685603 ], [ 92.4748245, 26.4685136 ], [ 92.4748978, 26.4684075 ], [ 92.4746877, 26.4678979 ], [ 92.4747185, 26.4677303 ], [ 92.4747668, 26.4676678 ], [ 92.4749473, 26.4678796 ], [ 92.4750329, 26.4679761 ], [ 92.4752654, 26.4679928 ], [ 92.4757096, 26.4674916 ], [ 92.4751239, 26.4670735 ], [ 92.4750618, 26.4670292 ], [ 92.4747413, 26.4668654 ], [ 92.4745629, 26.4667026 ], [ 92.4747987, 26.4664913 ], [ 92.4750256, 26.4659386 ], [ 92.4755865, 26.4654804 ], [ 92.475532, 26.465248 ], [ 92.4757402, 26.4650802 ], [ 92.4758802, 26.4649993 ], [ 92.47612, 26.4646708 ], [ 92.4763646, 26.4645172 ], [ 92.4766913, 26.464312 ], [ 92.4773055, 26.4639264 ], [ 92.4774954, 26.4636813 ], [ 92.4773752, 26.4634654 ], [ 92.4780284, 26.4626831 ], [ 92.4783993, 26.4630049 ], [ 92.4784374, 26.463038 ], [ 92.4788649, 26.4626783 ], [ 92.4790412, 26.4625923 ], [ 92.4789028, 26.4623709 ], [ 92.4791187, 26.4622648 ], [ 92.4791763, 26.4623181 ], [ 92.4793534, 26.4622173 ], [ 92.4794714, 26.4620348 ], [ 92.4794459, 26.4618566 ], [ 92.4796953, 26.4616398 ], [ 92.4797772, 26.4615113 ], [ 92.4798791, 26.4617101 ], [ 92.4797825, 26.4619483 ], [ 92.4798898, 26.462006 ], [ 92.4799165, 26.4620859 ], [ 92.4806797, 26.4617558 ], [ 92.480555, 26.4616122 ], [ 92.4806301, 26.4614393 ], [ 92.4807964, 26.4614057 ], [ 92.4809091, 26.4616252 ], [ 92.4812205, 26.461457 ], [ 92.4814584, 26.4611669 ], [ 92.4813865, 26.4609446 ], [ 92.4824486, 26.4604673 ], [ 92.4823475, 26.4599616 ], [ 92.4826552, 26.4597887 ], [ 92.4833458, 26.4605962 ], [ 92.4835577, 26.4603837 ], [ 92.483061, 26.4595879 ], [ 92.4830924, 26.4590818 ], [ 92.4832707, 26.4589367 ], [ 92.4833069, 26.4587499 ], [ 92.4833069, 26.4584954 ], [ 92.483146, 26.4578278 ], [ 92.4830548, 26.4573379 ], [ 92.4829583, 26.4570258 ], [ 92.4831974, 26.4566141 ], [ 92.4834263, 26.4564922 ], [ 92.483425, 26.4563822 ], [ 92.4831742, 26.4563289 ], [ 92.4832265, 26.4561373 ], [ 92.4828952, 26.4559831 ], [ 92.4828241, 26.4556906 ], [ 92.4822998, 26.4558631 ], [ 92.4814629, 26.4558439 ], [ 92.481365, 26.455681 ], [ 92.4812483, 26.455426 ], [ 92.4812524, 26.4540866 ] ] ] ] } },
{ "type": "Feature", "properties": { "full_id": "w225904844", "osm_id": "225904844", "osm_type": "way", "landuse": "farmland", "water": null, "residential": null, "industrial": null, "resource": null, "trees": null, "produce": null, "natural": null, "name": null, "boundary": null, "type": null }, "geometry": { "type": "MultiPolygon", "coordinates": [ [ [ [ 92.4740965, 26.4593496 ], [ 92.4740262, 26.4570006 ], [ 92.4741638, 26.45664 ], [ 92.4750562, 26.456752 ], [ 92.4750406, 26.4572316 ], [ 92.4750364, 26.4573615 ], [ 92.4756506, 26.4573675 ], [ 92.4759145, 26.4571747 ], [ 92.475893, 26.4566848 ], [ 92.4757428, 26.4566272 ], [ 92.4757428, 26.4562814 ], [ 92.476408, 26.456339 ], [ 92.4763978, 26.4565181 ], [ 92.4765904, 26.4565265 ], [ 92.4765896, 26.4567691 ], [ 92.4769461, 26.4567756 ], [ 92.4770625, 26.4573956 ], [ 92.4762256, 26.4576645 ], [ 92.4762273, 26.4579666 ], [ 92.4755943, 26.4581011 ], [ 92.4756264, 26.4582259 ], [ 92.4756414, 26.4583706 ], [ 92.4756922, 26.4588598 ], [ 92.4757536, 26.4594511 ], [ 92.4754215, 26.4595 ], [ 92.474788, 26.4594799 ], [ 92.4744304, 26.4594125 ], [ 92.4740965, 26.4593496 ] ] ] ] } },
{ "type": "Feature", "properties": { "full_id": "w225904846", "osm_id": "225904846", "osm_type": "way", "landuse": "farmland", "water": null, "residential": null, "industrial": null, "resource": null, "trees": null, "produce": null, "natural": null, "name": null, "boundary": null, "type": null }, "geometry": { "type": "MultiPolygon", "coordinates": [ [ [ [ 92.4762308, 26.4669035 ], [ 92.4785189, 26.4643239 ], [ 92.4793024, 26.4646981 ], [ 92.481979, 26.465038 ], [ 92.4848542, 26.4644511 ], [ 92.4871016, 26.4631061 ], [ 92.4886996, 26.4611541 ], [ 92.4888698, 26.460631 ], [ 92.4885316, 26.4605556 ], [ 92.4885316, 26.4601714 ], [ 92.4882849, 26.4601426 ], [ 92.4882312, 26.4605844 ], [ 92.4880703, 26.4605556 ], [ 92.488081, 26.460181 ], [ 92.4874265, 26.4601906 ], [ 92.4873944, 26.4604884 ], [ 92.4866075, 26.4605106 ], [ 92.4863751, 26.4605172 ], [ 92.4851683, 26.4606862 ], [ 92.4844241, 26.4607905 ], [ 92.4838447, 26.4613764 ], [ 92.4833925, 26.4615449 ], [ 92.4823089, 26.4620924 ], [ 92.4820101, 26.4617798 ], [ 92.4802076, 26.462625 ], [ 92.4801227, 26.4625124 ], [ 92.4799394, 26.4621544 ], [ 92.4790412, 26.4625923 ], [ 92.4788649, 26.4626783 ], [ 92.4784374, 26.463038 ], [ 92.4786182, 26.4633986 ], [ 92.4780979, 26.463706 ], [ 92.4779117, 26.463816 ], [ 92.4781048, 26.4642866 ], [ 92.4778473, 26.4644979 ], [ 92.4779423, 26.4647529 ], [ 92.4775244, 26.4649599 ], [ 92.4770196, 26.4653388 ], [ 92.4769337, 26.4653004 ], [ 92.4765491, 26.4648917 ], [ 92.4763606, 26.4649135 ], [ 92.4761398, 26.4651851 ], [ 92.4758802, 26.4649993 ], [ 92.4757402, 26.4650802 ], [ 92.4758839, 26.4652374 ], [ 92.4758888, 26.4653661 ], [ 92.476006, 26.4655976 ], [ 92.4758273, 26.4655477 ], [ 92.4756997, 26.4654451 ], [ 92.4755865, 26.4654804 ], [ 92.4750256, 26.4659386 ], [ 92.4747987, 26.4664913 ], [ 92.475303, 26.4668563 ], [ 92.4754253, 26.4667804 ], [ 92.47555, 26.466703 ], [ 92.4761629, 26.4663227 ], [ 92.4763115, 26.4662992 ], [ 92.4761505, 26.466597 ], [ 92.4762308, 26.4669035 ] ] ] ] } },
{ "type": "Feature", "properties": { "full_id": "w225906314", "osm_id": "225906314", "osm_type": "way", "landuse": "residential", "water": null, "residential": null, "industrial": null, "resource": null, "trees": null, "produce": null, "natural": null, "name": null, "boundary": null, "type": null }, "geometry": { "type": "MultiPolygon", "coordinates": [ [ [ [ 92.4754215, 26.4595 ], [ 92.4753837, 26.4599553 ], [ 92.4752049, 26.4605688 ], [ 92.4751544, 26.4607424 ], [ 92.4748387, 26.4611532 ], [ 92.4743908, 26.4601572 ], [ 92.4744304, 26.4594125 ], [ 92.474788, 26.4594799 ], [ 92.4754215, 26.4595 ] ] ] ] } },
{ "type": "Feature", "properties": { "full_id": "w225908251", "osm_id": "225908251", "osm_type": "way", "landuse": "farmland", "water": null, "residential": null, "industrial": null, "resource": null, "trees": null, "produce": null, "natural": null, "name": null, "boundary": null, "type": null }, "geometry": { "type": "MultiPolygon", "coordinates": [ [ [ [ 92.4754424, 26.4610071 ], [ 92.4753867, 26.4620335 ], [ 92.4751108, 26.4617585 ], [ 92.4748387, 26.4611532 ], [ 92.4751544, 26.4607424 ], [ 92.4752049, 26.4605688 ], [ 92.4756356, 26.4605748 ], [ 92.4758517, 26.4604447 ], [ 92.4758035, 26.4595385 ], [ 92.4764402, 26.4595567 ], [ 92.4768042, 26.4610503 ], [ 92.4764939, 26.4611703 ], [ 92.4764096, 26.461021 ], [ 92.4761414, 26.4610114 ], [ 92.47612, 26.4608961 ], [ 92.4757874, 26.4608193 ], [ 92.4757858, 26.4610167 ], [ 92.4754424, 26.4610071 ] ] ] ] } },
{ "type": "Feature", "properties": { "full_id": "w225908269", "osm_id": "225908269", "osm_type": "way", "landuse": "forest", "water": null, "residential": null, "industrial": null, "resource": null, "trees": null, "produce": null, "natural": null, "name": null, "boundary": null, "type": null }, "geometry": { "type": "MultiPolygon", "coordinates": [ [ [ [ 92.4881617, 26.4601378 ], [ 92.488081, 26.460181 ], [ 92.4880703, 26.4605556 ], [ 92.4882312, 26.4605844 ], [ 92.4882849, 26.4601426 ], [ 92.4881617, 26.4601378 ] ] ] ] } },
{ "type": "Feature", "properties": { "full_id": "w225908287", "osm_id": "225908287", "osm_type": "way", "landuse": "farmland", "water": null, "residential": null, "industrial": null, "resource": null, "trees": null, "produce": null, "natural": null, "name": null, "boundary": null, "type": null }, "geometry": { "type": "MultiPolygon", "coordinates": [ [ [ [ 92.488961, 26.4584425 ], [ 92.4891542, 26.4575829 ], [ 92.4889342, 26.4573476 ], [ 92.4881792, 26.4571165 ], [ 92.4880075, 26.4572366 ], [ 92.4878184, 26.4583561 ], [ 92.488961, 26.4584425 ] ] ] ] } },
{ "type": "Feature", "properties": { "full_id": "w226032564", "osm_id": "226032564", "osm_type": "way", "landuse": "farmland", "water": null, "residential": null, "industrial": null, "resource": null, "trees": null, "produce": null, "natural": null, "name": null, "boundary": null, "type": null }, "geometry": { "type": "MultiPolygon", "coordinates": [ [ [ [ 92.4847306, 26.4507796 ], [ 92.484492, 26.4510723 ], [ 92.4840678, 26.4512463 ], [ 92.4840586, 26.451439 ], [ 92.4841325, 26.4514484 ], [ 92.4845493, 26.4516474 ], [ 92.4846588, 26.45181 ], [ 92.484691, 26.4524344 ], [ 92.4848084, 26.4524725 ], [ 92.4848566, 26.4517942 ], [ 92.4850045, 26.451808 ], [ 92.4850133, 26.4516973 ], [ 92.4861178, 26.4516894 ], [ 92.4861603, 26.4513639 ], [ 92.4861797, 26.4512147 ], [ 92.4861443, 26.4508349 ], [ 92.4869219, 26.4507796 ], [ 92.4869396, 26.450566 ], [ 92.4847394, 26.4505185 ], [ 92.4847306, 26.4507796 ] ] ] ] } },
{ "type": "Feature", "properties": { "full_id": "w617210485", "osm_id": "617210485", "osm_type": "way", "landuse": "orchard", "water": null, "residential": null, "industrial": null, "resource": null, "trees": "tea_plants", "produce": "tea", "natural": null, "name": null, "boundary": null, "type": null }, "geometry": { "type": "MultiPolygon", "coordinates": [ [ [ [ 92.1069449, 26.5053489 ], [ 92.1051371, 26.5051761 ], [ 92.1047455, 26.5010715 ], [ 92.1037155, 26.5010715 ], [ 92.1037692, 26.5000297 ], [ 92.102825, 26.4966595 ], [ 92.1013069, 26.494259 ], [ 92.1004486, 26.49339 ], [ 92.1009743, 26.4890114 ], [ 92.1032381, 26.4898372 ], [ 92.1046328, 26.4874749 ], [ 92.1004057, 26.4867451 ], [ 92.1014571, 26.4833169 ], [ 92.1037424, 26.4842196 ], [ 92.1044183, 26.4843348 ], [ 92.10886, 26.4879359 ], [ 92.112261, 26.4910663 ], [ 92.1125615, 26.4923434 ], [ 92.1120465, 26.4952144 ], [ 92.1113813, 26.4961362 ], [ 92.1113813, 26.4967891 ], [ 92.1115529, 26.4974805 ], [ 92.1112525, 26.4992376 ], [ 92.1107483, 26.499612 ], [ 92.109772, 26.5018588 ], [ 92.1087849, 26.5026269 ], [ 92.1072829, 26.5044416 ], [ 92.1069449, 26.5053489 ] ] ] ] } },
{ "type": "Feature", "properties": { "full_id": "w1037631107", "osm_id": "1037631107", "osm_type": "way", "landuse": "residential", "water": null, "residential": null, "industrial": null, "resource": null, "trees": null, "produce": null, "natural": null, "name": null, "boundary": null, "type": null }, "geometry": { "type": "MultiPolygon", "coordinates": [ [ [ [ 92.2371345, 26.4075712 ], [ 92.2372246, 26.4075716 ], [ 92.2372252, 26.4075238 ], [ 92.2371348, 26.4075236 ], [ 92.2371345, 26.4075712 ] ] ] ] } },
{ "type": "Feature", "properties": { "full_id": "w1037693599", "osm_id": "1037693599", "osm_type": "way", "landuse": "meadow", "water": null, "residential": null, "industrial": null, "resource": null, "trees": null, "produce": null, "natural": null, "name": null, "boundary": null, "type": null }, "geometry": { "type": "MultiPolygon", "coordinates": [ [ [ [ 92.2973944, 26.40587 ], [ 92.2976735, 26.4058625 ], [ 92.2976694, 26.4055268 ], [ 92.2973778, 26.4055268 ], [ 92.2973944, 26.40587 ] ] ] ] } },
{ "type": "Feature", "properties": { "full_id": "w1037695788", "osm_id": "1037695788", "osm_type": "way", "landuse": "farmland", "water": null, "residential": null, "industrial": null, "resource": null, "trees": null, "produce": null, "natural": null, "name": null, "boundary": null, "type": null }, "geometry": { "type": "MultiPolygon", "coordinates": [ [ [ [ 92.2993971, 26.4036141 ], [ 92.2999248, 26.4036218 ], [ 92.2998621, 26.4032436 ], [ 92.300193, 26.4032053 ], [ 92.3001188, 26.4027683 ], [ 92.2997736, 26.4027734 ], [ 92.2997594, 26.4025844 ], [ 92.2993514, 26.4025665 ], [ 92.2993486, 26.4027172 ], [ 92.2989292, 26.4027045 ], [ 92.2987923, 26.4029344 ], [ 92.298798, 26.4031439 ], [ 92.2989349, 26.4033432 ], [ 92.2993743, 26.4033713 ], [ 92.2993971, 26.4036141 ] ] ] ] } },
{ "type": "Feature", "properties": { "full_id": "w1037696262", "osm_id": "1037696262", "osm_type": "way", "landuse": "farmland", "water": null, "residential": null, "industrial": null, "resource": null, "trees": null, "produce": null, "natural": null, "name": null, "boundary": null, "type": null }, "geometry": { "type": "MultiPolygon", "coordinates": [ [ [ [ 92.2974749, 26.4036247 ], [ 92.2981446, 26.4035861 ], [ 92.2981055, 26.4031196 ], [ 92.2974123, 26.4031898 ], [ 92.2974749, 26.4036247 ] ] ] ] } },
{ "type": "Feature", "properties": { "full_id": "w1046247463", "osm_id": "1046247463", "osm_type": "way", "landuse": "farmland", "water": null, "residential": null, "industrial": null, "resource": null, "trees": null, "produce": null, "natural": null, "name": null, "boundary": null, "type": null }, "geometry": { "type": "MultiPolygon", "coordinates": [ [ [ [ 92.4093682, 26.4198416 ], [ 92.4098937, 26.4194441 ], [ 92.4102505, 26.419187 ], [ 92.410339, 26.4191162 ], [ 92.4103848, 26.4190537 ], [ 92.4103955, 26.4184316 ], [ 92.409548, 26.4183355 ], [ 92.4092288, 26.418787 ], [ 92.409136, 26.4189312 ], [ 92.4090689, 26.4190429 ], [ 92.4090706, 26.4191582 ], [ 92.409212, 26.4195059 ], [ 92.4093157, 26.4196795 ], [ 92.4093682, 26.4198416 ] ] ] ] } },
{ "type": "Feature", "properties": { "full_id": "w1046247606", "osm_id": "1046247606", "osm_type": "way", "landuse": "farmland", "water": null, "residential": null, "industrial": null, "resource": null, "trees": null, "produce": null, "natural": null, "name": null, "boundary": null, "type": null }, "geometry": { "type": "MultiPolygon", "coordinates": [ [ [ [ 92.5409384, 26.3220517 ], [ 92.5412085, 26.3219973 ], [ 92.5411083, 26.3215458 ], [ 92.5408322, 26.3215866 ], [ 92.5409384, 26.3220517 ] ] ] ] } },
{ "type": "Feature", "properties": { "full_id": "w1046247624", "osm_id": "1046247624", "osm_type": "way", "landuse": "farmland", "water": null, "residential": null, "industrial": null, "resource": null, "trees": null, "produce": null, "natural": null, "name": null, "boundary": null, "type": null }, "geometry": { "type": "MultiPolygon", "coordinates": [ [ [ [ 92.4106369, 26.4228562 ], [ 92.4108676, 26.4228417 ], [ 92.4111466, 26.4227505 ], [ 92.4110393, 26.4225103 ], [ 92.4107871, 26.4225823 ], [ 92.4106316, 26.4226544 ], [ 92.4106209, 26.4227601 ], [ 92.4106369, 26.4228562 ] ] ] ] } },
{ "type": "Feature", "properties": { "full_id": "w1046247696", "osm_id": "1046247696", "osm_type": "way", "landuse": "farmland", "water": null, "residential": null, "industrial": null, "resource": null, "trees": null, "produce": null, "natural": null, "name": null, "boundary": null, "type": null }, "geometry": { "type": "MultiPolygon", "coordinates": [ [ [ [ 92.5408352, 26.3224923 ], [ 92.5414937, 26.3223835 ], [ 92.5414543, 26.3222257 ], [ 92.5407685, 26.3223182 ], [ 92.5408352, 26.3224923 ] ] ] ] } },
{ "type": "Feature", "properties": { "full_id": "w1046247697", "osm_id": "1046247697", "osm_type": "way", "landuse": "farmland", "water": null, "residential": null, "industrial": null, "resource": null, "trees": null, "produce": null, "natural": null, "name": null, "boundary": null, "type": null }, "geometry": { "type": "MultiPolygon", "coordinates": [ [ [ [ 92.5413723, 26.3220925 ], [ 92.5419277, 26.3220109 ], [ 92.541864, 26.3216464 ], [ 92.5412843, 26.3217307 ], [ 92.5413723, 26.3220925 ] ] ] ] } },
{ "type": "Feature", "properties": { "full_id": "w1046247932", "osm_id": "1046247932", "osm_type": "way", "landuse": "farmland", "water": null, "residential": null, "industrial": null, "resource": null, "trees": null, "produce": null, "natural": null, "name": null, "boundary": null, "type": null }, "geometry": { "type": "MultiPolygon", "coordinates": [ [ [ [ 92.5407685, 26.3215702 ], [ 92.5412297, 26.3214805 ], [ 92.5411842, 26.3212955 ], [ 92.5407199, 26.3213717 ], [ 92.5407685, 26.3215702 ] ] ] ] } },
{ "type": "Feature", "properties": { "full_id": "w1046247933", "osm_id": "1046247933", "osm_type": "way", "landuse": "farmland", "water": null, "residential": null, "industrial": null, "resource": null, "trees": null, "produce": null, "natural": null, "name": null, "boundary": null, "type": null }, "geometry": { "type": "MultiPolygon", "coordinates": [ [ [ [ 92.5408747, 26.3226827 ], [ 92.5408443, 26.3225249 ], [ 92.5415848, 26.3223808 ], [ 92.541609, 26.3225603 ], [ 92.5408747, 26.3226827 ] ] ] ] } },
{ "type": "Feature", "properties": { "full_id": "w1046247934", "osm_id": "1046247934", "osm_type": "way", "landuse": "farmland", "water": null, "residential": null, "industrial": null, "resource": null, "trees": null, "produce": null, "natural": null, "name": null, "boundary": null, "type": null }, "geometry": { "type": "MultiPolygon", "coordinates": [ [ [ [ 92.542392, 26.3227425 ], [ 92.5426226, 26.3226963 ], [ 92.542571, 26.322476 ], [ 92.5423222, 26.3224923 ], [ 92.542392, 26.3227425 ] ] ] ] } },
{ "type": "Feature", "properties": { "full_id": "w1046247935", "osm_id": "1046247935", "osm_type": "way", "landuse": "farmland", "water": null, "residential": null, "industrial": null, "resource": null, "trees": null, "produce": null, "natural": null, "name": null, "boundary": null, "type": null }, "geometry": { "type": "MultiPolygon", "coordinates": [ [ [ [ 92.5424466, 26.3222176 ], [ 92.5423889, 26.3220082 ], [ 92.5422099, 26.3220462 ], [ 92.542322, 26.3224767 ], [ 92.5427578, 26.3224089 ], [ 92.5426903, 26.3221648 ], [ 92.5424466, 26.3222176 ] ] ] ] } },
{ "type": "Feature", "properties": { "full_id": "w1046251311", "osm_id": "1046251311", "osm_type": "way", "landuse": "farmland", "water": null, "residential": null, "industrial": null, "resource": null, "trees": null, "produce": null, "natural": null, "name": null, "boundary": null, "type": null }, "geometry": { "type": "MultiPolygon", "coordinates": [ [ [ [ 92.5397216, 26.3225769 ], [ 92.5401303, 26.3224985 ], [ 92.5400566, 26.3221463 ], [ 92.5396322, 26.3222205 ], [ 92.5397216, 26.3225769 ] ] ] ] } },
{ "type": "Feature", "properties": { "full_id": "w1046251312", "osm_id": "1046251312", "osm_type": "way", "landuse": "farmland", "water": null, "residential": null, "industrial": null, "resource": null, "trees": null, "produce": null, "natural": null, "name": null, "boundary": null, "type": null }, "geometry": { "type": "MultiPolygon", "coordinates": [ [ [ [ 92.5400577, 26.3221461 ], [ 92.5401642, 26.3226571 ], [ 92.5405302, 26.3225661 ], [ 92.5404544, 26.3223818 ], [ 92.5405645, 26.3223656 ], [ 92.5404997, 26.3220455 ], [ 92.5400577, 26.3221461 ] ] ] ] } },
{ "type": "Feature", "properties": { "full_id": "w1046252573", "osm_id": "1046252573", "osm_type": "way", "landuse": "farmland", "water": null, "residential": null, "industrial": null, "resource": null, "trees": null, "produce": null, "natural": null, "name": null, "boundary": null, "type": null }, "geometry": { "type": "MultiPolygon", "coordinates": [ [ [ [ 92.5381555, 26.3189393 ], [ 92.5384541, 26.3188798 ], [ 92.5383775, 26.3185816 ], [ 92.5380756, 26.3186399 ], [ 92.5381555, 26.3189393 ] ] ] ] } },
{ "type": "Feature", "properties": { "full_id": "w1046252574", "osm_id": "1046252574", "osm_type": "way", "landuse": "farmland", "water": null, "residential": null, "industrial": null, "resource": null, "trees": null, "produce": null, "natural": null, "name": null, "boundary": null, "type": null }, "geometry": { "type": "MultiPolygon", "coordinates": [ [ [ [ 92.5383665, 26.3195827 ], [ 92.5386612, 26.3195209 ], [ 92.5384673, 26.3188965 ], [ 92.5381712, 26.3189685 ], [ 92.5383665, 26.3195827 ] ] ] ] } },
{ "type": "Feature", "properties": { "full_id": "w1046252575", "osm_id": "1046252575", "osm_type": "way", "landuse": "farmland", "water": null, "residential": null, "industrial": null, "resource": null, "trees": null, "produce": null, "natural": null, "name": null, "boundary": null, "type": null }, "geometry": { "type": "MultiPolygon", "coordinates": [ [ [ [ 92.5380752, 26.3186357 ], [ 92.5383773, 26.318574 ], [ 92.5383118, 26.3182916 ], [ 92.5380245, 26.3183392 ], [ 92.5380752, 26.3186357 ] ] ] ] } },
{ "type": "Feature", "properties": { "full_id": "w1046252576", "osm_id": "1046252576", "osm_type": "way", "landuse": "farmland", "water": null, "residential": null, "industrial": null, "resource": null, "trees": null, "produce": null, "natural": null, "name": null, "boundary": null, "type": null }, "geometry": { "type": "MultiPolygon", "coordinates": [ [ [ [ 92.5380244, 26.3183376 ], [ 92.5383108, 26.318287 ], [ 92.5382653, 26.3180446 ], [ 92.5379753, 26.3180416 ], [ 92.5380244, 26.3183376 ] ] ] ] } },
{ "type": "Feature", "properties": { "full_id": "w1046253001", "osm_id": "1046253001", "osm_type": "way", "landuse": "farmland", "water": null, "residential": null, "industrial": null, "resource": null, "trees": null, "produce": null, "natural": null, "name": null, "boundary": null, "type": null }, "geometry": { "type": "MultiPolygon", "coordinates": [ [ [ [ 92.4809852, 26.3194223 ], [ 92.4815638, 26.3192583 ], [ 92.4815332, 26.3190059 ], [ 92.4814809, 26.3187436 ], [ 92.4808649, 26.3187988 ], [ 92.4809852, 26.3194223 ] ] ] ] } },
{ "type": "Feature", "properties": { "full_id": "w1046253002", "osm_id": "1046253002", "osm_type": "way", "landuse": "farmland", "water": null, "residential": null, "industrial": null, "resource": null, "trees": null, "produce": null, "natural": null, "name": null, "boundary": null, "type": null }, "geometry": { "type": "MultiPolygon", "coordinates": [ [ [ [ 92.481537, 26.3189987 ], [ 92.4814576, 26.3186108 ], [ 92.4817793, 26.3185259 ], [ 92.4818533, 26.3189222 ], [ 92.481537, 26.3189987 ] ] ] ] } },
{ "type": "Feature", "properties": { "full_id": "w1046253003", "osm_id": "1046253003", "osm_type": "way", "landuse": "farmland", "water": null, "residential": null, "industrial": null, "resource": null, "trees": null, "produce": null, "natural": null, "name": null, "boundary": null, "type": null }, "geometry": { "type": "MultiPolygon", "coordinates": [ [ [ [ 92.4818339, 26.318761 ], [ 92.48178, 26.3184712 ], [ 92.482378, 26.3183688 ], [ 92.4824224, 26.3185997 ], [ 92.4818339, 26.318761 ] ] ] ] } },
{ "type": "Feature", "properties": { "full_id": "w1046253004", "osm_id": "1046253004", "osm_type": "way", "landuse": "farmland", "water": null, "residential": null, "industrial": null, "resource": null, "trees": null, "produce": null, "natural": null, "name": null, "boundary": null, "type": null }, "geometry": { "type": "MultiPolygon", "coordinates": [ [ [ [ 92.4824301, 26.3186005 ], [ 92.4823856, 26.3182128 ], [ 92.4828454, 26.318143 ], [ 92.4828977, 26.3184189 ], [ 92.4824301, 26.3186005 ] ] ] ] } },
{ "type": "Feature", "properties": { "full_id": "w1046253005", "osm_id": "1046253005", "osm_type": "way", "landuse": "meadow", "water": null, "residential": null, "industrial": null, "resource": null, "trees": null, "produce": null, "natural": null, "name": null, "boundary": null, "type": null }, "geometry": { "type": "MultiPolygon", "coordinates": [ [ [ [ 92.482212, 26.3194738 ], [ 92.4824093, 26.3193359 ], [ 92.4822811, 26.319113 ], [ 92.4820186, 26.3192032 ], [ 92.482212, 26.3194738 ] ] ] ] } },
{ "type": "Feature", "properties": { "full_id": "w1046254504", "osm_id": "1046254504", "osm_type": "way", "landuse": "meadow", "water": null, "residential": null, "industrial": null, "resource": null, "trees": null, "produce": null, "natural": null, "name": null, "boundary": null, "type": null }, "geometry": { "type": "MultiPolygon", "coordinates": [ [ [ [ 92.5111863, 26.3807059 ], [ 92.5111509, 26.3803522 ], [ 92.5122112, 26.3802444 ], [ 92.5122481, 26.3806485 ], [ 92.5111863, 26.3807059 ] ] ] ] } },
{ "type": "Feature", "properties": { "full_id": "w1046254505", "osm_id": "1046254505", "osm_type": "way", "landuse": "meadow", "water": null, "residential": null, "industrial": null, "resource": null, "trees": null, "produce": null, "natural": null, "name": null, "boundary": null, "type": null }, "geometry": { "type": "MultiPolygon", "coordinates": [ [ [ [ 92.5107899, 26.3807602 ], [ 92.5107596, 26.3805373 ], [ 92.5111207, 26.3804965 ], [ 92.511151, 26.3807249 ], [ 92.5107899, 26.3807602 ] ] ] ] } },
{ "type": "Feature", "properties": { "full_id": "w1046254506", "osm_id": "1046254506", "osm_type": "way", "landuse": "meadow", "water": null, "residential": null, "industrial": null, "resource": null, "trees": null, "produce": null, "natural": null, "name": null, "boundary": null, "type": null }, "geometry": { "type": "MultiPolygon", "coordinates": [ [ [ [ 92.5111055, 26.3802763 ], [ 92.5110721, 26.3800507 ], [ 92.5113634, 26.3800099 ], [ 92.5114089, 26.3802464 ], [ 92.5111055, 26.3802763 ] ] ] ] } },
{ "type": "Feature", "properties": { "full_id": "w1046254507", "osm_id": "1046254507", "osm_type": "way", "landuse": "meadow", "water": null, "residential": null, "industrial": null, "resource": null, "trees": null, "produce": null, "natural": null, "name": null, "boundary": null, "type": null }, "geometry": { "type": "MultiPolygon", "coordinates": [ [ [ [ 92.5114661, 26.380267 ], [ 92.5116772, 26.3802605 ], [ 92.5116555, 26.3800795 ], [ 92.5116266, 26.379989 ], [ 92.5115978, 26.379871 ], [ 92.5115581, 26.3797514 ], [ 92.5113343, 26.3797918 ], [ 92.5113903, 26.3800213 ], [ 92.5114227, 26.3801425 ], [ 92.5114354, 26.380183 ], [ 92.5114661, 26.380267 ] ] ] ] } },
{ "type": "Feature", "properties": { "full_id": "w1046254508", "osm_id": "1046254508", "osm_type": "way", "landuse": "meadow", "water": null, "residential": null, "industrial": null, "resource": null, "trees": null, "produce": null, "natural": null, "name": null, "boundary": null, "type": null }, "geometry": { "type": "MultiPolygon", "coordinates": [ [ [ [ 92.5116622, 26.3799652 ], [ 92.5117722, 26.3799474 ], [ 92.5118593, 26.3799345 ], [ 92.5119694, 26.3799135 ], [ 92.5120591, 26.3799086 ], [ 92.5122057, 26.3799001 ], [ 92.5122044, 26.3797373 ], [ 92.5121079, 26.3797454 ], [ 92.5120226, 26.3797587 ], [ 92.5118598, 26.3797777 ], [ 92.5117619, 26.3797926 ], [ 92.5116189, 26.3798019 ], [ 92.5116225, 26.3798537 ], [ 92.5116347, 26.3798957 ], [ 92.5116446, 26.3799272 ], [ 92.5116514, 26.3799632 ], [ 92.5116622, 26.3799652 ] ] ] ] } },
{ "type": "Feature", "properties": { "full_id": "w1046254509", "osm_id": "1046254509", "osm_type": "way", "landuse": "meadow", "water": null, "residential": null, "industrial": null, "resource": null, "trees": null, "produce": null, "natural": null, "name": null, "boundary": null, "type": null }, "geometry": { "type": "MultiPolygon", "coordinates": [ [ [ [ 92.5117085, 26.380254 ], [ 92.5117819, 26.38025 ], [ 92.5119216, 26.3802346 ], [ 92.5119158, 26.3801757 ], [ 92.5119133, 26.3801134 ], [ 92.5119082, 26.3800905 ], [ 92.5118937, 26.3799716 ], [ 92.5117435, 26.3799767 ], [ 92.5116631, 26.3799902 ], [ 92.5116672, 26.3800422 ], [ 92.5116752, 26.3801272 ], [ 92.5116937, 26.3802149 ], [ 92.5117012, 26.3802548 ], [ 92.5117085, 26.380254 ] ] ] ] } },
{ "type": "Feature", "properties": { "full_id": "w1046254510", "osm_id": "1046254510", "osm_type": "way", "landuse": "meadow", "water": null, "residential": null, "industrial": null, "resource": null, "trees": null, "produce": null, "natural": null, "name": null, "boundary": null, "type": null }, "geometry": { "type": "MultiPolygon", "coordinates": [ [ [ [ 92.5119589, 26.3802276 ], [ 92.5122373, 26.3802108 ], [ 92.5122233, 26.379921 ], [ 92.5119213, 26.3799484 ], [ 92.5119476, 26.3801651 ], [ 92.5119589, 26.3802276 ] ] ] ] } },
{ "type": "Feature", "properties": { "full_id": "w1046254511", "osm_id": "1046254511", "osm_type": "way", "landuse": "meadow", "water": null, "residential": null, "industrial": null, "resource": null, "trees": null, "produce": null, "natural": null, "name": null, "boundary": null, "type": null }, "geometry": { "type": "MultiPolygon", "coordinates": [ [ [ [ 92.5122716, 26.3800195 ], [ 92.5128916, 26.3800172 ], [ 92.5128483, 26.379672 ], [ 92.5122409, 26.3796652 ], [ 92.5122537, 26.3799807 ], [ 92.5122716, 26.3800195 ] ] ] ] } },
{ "type": "Feature", "properties": { "full_id": "w1046254512", "osm_id": "1046254512", "osm_type": "way", "landuse": "meadow", "water": null, "residential": null, "industrial": null, "resource": null, "trees": null, "produce": null, "natural": null, "name": null, "boundary": null, "type": null }, "geometry": { "type": "MultiPolygon", "coordinates": [ [ [ [ 92.512266, 26.3803086 ], [ 92.5124724, 26.3803045 ], [ 92.5124648, 26.3800626 ], [ 92.5122615, 26.3800666 ], [ 92.512266, 26.3803086 ] ] ] ] } },
{ "type": "Feature", "properties": { "full_id": "w1046254513", "osm_id": "1046254513", "osm_type": "way", "landuse": "meadow", "water": null, "residential": null, "industrial": null, "resource": null, "trees": null, "produce": null, "natural": null, "name": null, "boundary": null, "type": null }, "geometry": { "type": "MultiPolygon", "coordinates": [ [ [ [ 92.5112169, 26.38109 ], [ 92.5114701, 26.38109 ], [ 92.5114669, 26.3810333 ], [ 92.5114583, 26.3809516 ], [ 92.5114519, 26.3808949 ], [ 92.5114347, 26.3807296 ], [ 92.5111515, 26.3807392 ], [ 92.5111526, 26.3808094 ], [ 92.5111805, 26.3809074 ], [ 92.5111901, 26.3809853 ], [ 92.5112169, 26.38109 ] ] ] ] } },
{ "type": "Feature", "properties": { "full_id": "w1046254514", "osm_id": "1046254514", "osm_type": "way", "landuse": "meadow", "water": null, "residential": null, "industrial": null, "resource": null, "trees": null, "produce": null, "natural": null, "name": null, "boundary": null, "type": null }, "geometry": { "type": "MultiPolygon", "coordinates": [ [ [ [ 92.5115027, 26.3811509 ], [ 92.5118813, 26.3811557 ], [ 92.5118957, 26.381136 ], [ 92.5118874, 26.3810905 ], [ 92.5118669, 26.3808886 ], [ 92.5116825, 26.380892 ], [ 92.5116727, 26.3807269 ], [ 92.5114519, 26.3807282 ], [ 92.5114686, 26.3808906 ], [ 92.511483, 26.3810273 ], [ 92.5114913, 26.3811523 ], [ 92.5115027, 26.3811509 ] ] ] ] } },
{ "type": "Feature", "properties": { "full_id": "w1046254515", "osm_id": "1046254515", "osm_type": "way", "landuse": "meadow", "water": null, "residential": null, "industrial": null, "resource": null, "trees": null, "produce": null, "natural": null, "name": null, "boundary": null, "type": null }, "geometry": { "type": "MultiPolygon", "coordinates": [ [ [ [ 92.5116953, 26.3808756 ], [ 92.5116912, 26.3807204 ], [ 92.5119213, 26.3807034 ], [ 92.5120629, 26.3806945 ], [ 92.5121789, 26.3806933 ], [ 92.5122686, 26.3806917 ], [ 92.5122852, 26.3806953 ], [ 92.5122965, 26.3808482 ], [ 92.512031, 26.3808597 ], [ 92.5118679, 26.3808726 ], [ 92.5116953, 26.3808756 ] ] ] ] } },
{ "type": "Feature", "properties": { "full_id": "w1046268469", "osm_id": "1046268469", "osm_type": "way", "landuse": "farmland", "water": null, "residential": null, "industrial": null, "resource": null, "trees": null, "produce": null, "natural": null, "name": null, "boundary": null, "type": null }, "geometry": { "type": "MultiPolygon", "coordinates": [ [ [ [ 92.4749726, 26.4835895 ], [ 92.4751549, 26.4835691 ], [ 92.4751844, 26.4837044 ], [ 92.475515, 26.4836202 ], [ 92.4753876, 26.4828627 ], [ 92.4749717, 26.4829369 ], [ 92.4749726, 26.4835895 ] ] ] ] } },
{ "type": "Feature", "properties": { "full_id": "w1046290439", "osm_id": "1046290439", "osm_type": "way", "landuse": "farmland", "water": null, "residential": null, "industrial": null, "resource": null, "trees": null, "produce": null, "natural": null, "name": null, "boundary": null, "type": null }, "geometry": { "type": "MultiPolygon", "coordinates": [ [ [ [ 92.4751883, 26.4847525 ], [ 92.4753922, 26.4846661 ], [ 92.4751452, 26.4842544 ], [ 92.4748235, 26.4844164 ], [ 92.4749416, 26.4845941 ], [ 92.4749809, 26.4846593 ], [ 92.4750305, 26.4847167 ], [ 92.4750958, 26.4847 ], [ 92.4751883, 26.4847525 ] ] ] ] } },
{ "type": "Feature", "properties": { "full_id": "w1046290840", "osm_id": "1046290840", "osm_type": "way", "landuse": "farmland", "water": null, "residential": null, "industrial": null, "resource": null, "trees": null, "produce": null, "natural": null, "name": null, "boundary": null, "type": null }, "geometry": { "type": "MultiPolygon", "coordinates": [ [ [ [ 92.4736273, 26.4839315 ], [ 92.4739599, 26.483653 ], [ 92.4749094, 26.4846949 ], [ 92.4749362, 26.4849206 ], [ 92.474668, 26.485103 ], [ 92.4736273, 26.4839315 ] ] ] ] } },
{ "type": "Feature", "properties": { "full_id": "w1046335125", "osm_id": "1046335125", "osm_type": "way", "landuse": "farmland", "water": null, "residential": null, "industrial": null, "resource": null, "trees": null, "produce": null, "natural": null, "name": null, "boundary": null, "type": null }, "geometry": { "type": "MultiPolygon", "coordinates": [ [ [ [ 92.2996444, 26.38461 ], [ 92.2998792, 26.3846334 ], [ 92.2999782, 26.3838935 ], [ 92.2997293, 26.3838637 ], [ 92.2996735, 26.3842741 ], [ 92.2995523, 26.3842674 ], [ 92.2995351, 26.3844952 ], [ 92.2996467, 26.3845077 ], [ 92.2996444, 26.38461 ] ] ] ] } },
{ "type": "Feature", "properties": { "full_id": "w1046337222", "osm_id": "1046337222", "osm_type": "way", "landuse": "farmland", "water": null, "residential": null, "industrial": null, "resource": null, "trees": null, "produce": null, "natural": null, "name": null, "boundary": null, "type": null }, "geometry": { "type": "MultiPolygon", "coordinates": [ [ [ [ 92.3367834, 26.3639378 ], [ 92.3362153, 26.3638704 ], [ 92.3363476, 26.363295 ], [ 92.3358446, 26.363164 ], [ 92.3358875, 26.3627891 ], [ 92.3345577, 26.3625567 ], [ 92.3346395, 26.3671335 ], [ 92.3350453, 26.3671725 ], [ 92.3351312, 26.3681675 ], [ 92.3352843, 26.3692651 ], [ 92.3352975, 26.3693594 ], [ 92.3353726, 26.3695949 ], [ 92.3362255, 26.3698929 ], [ 92.3362738, 26.3706379 ], [ 92.3377222, 26.3705898 ], [ 92.3385, 26.3704648 ], [ 92.338618, 26.3699554 ], [ 92.3385268, 26.3694315 ], [ 92.3385912, 26.3686144 ], [ 92.339015, 26.3686 ], [ 92.3390043, 26.3692633 ], [ 92.339251, 26.3692537 ], [ 92.3395407, 26.3692441 ], [ 92.3396158, 26.3687682 ], [ 92.3398626, 26.368773 ], [ 92.3400664, 26.369321 ], [ 92.3402917, 26.369321 ], [ 92.3401966, 26.3673523 ], [ 92.3510742, 26.3672951 ], [ 92.3510715, 26.3670139 ], [ 92.3507121, 26.3670091 ], [ 92.3507443, 26.3667376 ], [ 92.3504895, 26.3667496 ], [ 92.3504439, 26.366132 ], [ 92.3501059, 26.3661608 ], [ 92.3500389, 26.365733 ], [ 92.3504439, 26.3656633 ], [ 92.3503983, 26.3654206 ], [ 92.3507175, 26.3653798 ], [ 92.3506316, 26.3647958 ], [ 92.3492905, 26.3650241 ], [ 92.3493844, 26.3655504 ], [ 92.3478663, 26.3656874 ], [ 92.3477912, 26.3646011 ], [ 92.3494327, 26.3643512 ], [ 92.3496151, 26.3647165 ], [ 92.3505056, 26.3646011 ], [ 92.349892, 26.3629362 ], [ 92.3484591, 26.363015 ], [ 92.3485556, 26.3633779 ], [ 92.3457071, 26.3638033 ], [ 92.3455703, 26.3651154 ], [ 92.3448193, 26.3651226 ], [ 92.3440683, 26.365077 ], [ 92.3441729, 26.3643608 ], [ 92.3437759, 26.3642767 ], [ 92.3437545, 26.3644906 ], [ 92.3430759, 26.3643103 ], [ 92.3430088, 26.3648198 ], [ 92.3424885, 26.3647742 ], [ 92.3425019, 26.3639859 ], [ 92.3402703, 26.3638609 ], [ 92.3394763, 26.363736 ], [ 92.3393422, 26.3640003 ], [ 92.339133, 26.3640244 ], [ 92.3390418, 26.3637263 ], [ 92.3388058, 26.3636975 ], [ 92.3387307, 26.3645338 ], [ 92.3381191, 26.3644521 ], [ 92.338205, 26.364058 ], [ 92.3377758, 26.3639715 ], [ 92.3378241, 26.3636879 ], [ 92.3373413, 26.3636014 ], [ 92.3373574, 26.3634043 ], [ 92.3368907, 26.3633514 ], [ 92.3367834, 26.3639378 ] ] ] ] } },
{ "type": "Feature", "properties": { "full_id": "w1046337323", "osm_id": "1046337323", "osm_type": "way", "landuse": "farmland", "water": null, "residential": null, "industrial": null, "resource": null, "trees": null, "produce": null, "natural": null, "name": null, "boundary": null, "type": null }, "geometry": { "type": "MultiPolygon", "coordinates": [ [ [ [ 92.3525768, 26.3601054 ], [ 92.3523831, 26.3601743 ], [ 92.3524475, 26.3603377 ], [ 92.3532575, 26.3601695 ], [ 92.3534238, 26.3607367 ], [ 92.3531073, 26.3608617 ], [ 92.353161, 26.3611212 ], [ 92.3536974, 26.3610203 ], [ 92.3537725, 26.3612991 ], [ 92.3528284, 26.3615298 ], [ 92.3528391, 26.361871 ], [ 92.3543894, 26.3614288 ], [ 92.354663, 26.3617364 ], [ 92.3552906, 26.3615971 ], [ 92.3553497, 26.3617989 ], [ 92.3549956, 26.3619383 ], [ 92.3548239, 26.3624142 ], [ 92.3552444, 26.3623838 ], [ 92.355414, 26.3623902 ], [ 92.3566532, 26.3624286 ], [ 92.3565084, 26.3606405 ], [ 92.354899, 26.3605396 ], [ 92.353971, 26.3607126 ], [ 92.3537511, 26.3599147 ], [ 92.3542875, 26.3597513 ], [ 92.3543197, 26.3593139 ], [ 92.3534882, 26.3594004 ], [ 92.3533326, 26.3590928 ], [ 92.3543417, 26.3589725 ], [ 92.3549259, 26.3588717 ], [ 92.3558425, 26.3574781 ], [ 92.356275, 26.3572927 ], [ 92.3564628, 26.3561511 ], [ 92.3563474, 26.3560766 ], [ 92.356436, 26.3554229 ], [ 92.3566398, 26.3554132 ], [ 92.3566241, 26.3542637 ], [ 92.3562723, 26.3543197 ], [ 92.356208, 26.3545648 ], [ 92.355921, 26.354548 ], [ 92.3558137, 26.3548364 ], [ 92.355009, 26.3548725 ], [ 92.3549983, 26.3551128 ], [ 92.3543841, 26.3552162 ], [ 92.3543867, 26.3555815 ], [ 92.3537269, 26.3556776 ], [ 92.3536813, 26.3552762 ], [ 92.3525146, 26.3554974 ], [ 92.3525548, 26.355805 ], [ 92.3513907, 26.3560357 ], [ 92.3514873, 26.356651 ], [ 92.3500925, 26.3569154 ], [ 92.3502105, 26.357497 ], [ 92.3503933, 26.3575997 ], [ 92.3504734, 26.3580594 ], [ 92.3502964, 26.3581651 ], [ 92.3503286, 26.3583285 ], [ 92.3496956, 26.3584103 ], [ 92.3497975, 26.3587804 ], [ 92.3502481, 26.3588188 ], [ 92.3502642, 26.3589678 ], [ 92.3506558, 26.3589678 ], [ 92.351144, 26.359785 ], [ 92.3520935, 26.3596888 ], [ 92.35219, 26.3599676 ], [ 92.3524958, 26.3599099 ], [ 92.3525768, 26.3601054 ] ] ] ] } },
{ "type": "Feature", "properties": { "full_id": "w1046337393", "osm_id": "1046337393", "osm_type": "way", "landuse": "farmland", "water": null, "residential": null, "industrial": null, "resource": null, "trees": null, "produce": null, "natural": null, "name": null, "boundary": null, "type": null }, "geometry": { "type": "MultiPolygon", "coordinates": [ [ [ [ 92.3516489, 26.3537386 ], [ 92.3515516, 26.3536035 ], [ 92.3511068, 26.3535499 ], [ 92.3509186, 26.3533631 ], [ 92.3504765, 26.3532608 ], [ 92.3499534, 26.353151 ], [ 92.3488533, 26.3532429 ], [ 92.3489124, 26.3526949 ], [ 92.3492396, 26.3518057 ], [ 92.3495454, 26.3518201 ], [ 92.3497492, 26.3517432 ], [ 92.3503554, 26.35176 ], [ 92.3508757, 26.351647 ], [ 92.3509616, 26.3510798 ], [ 92.3497921, 26.3510365 ], [ 92.3498565, 26.3508683 ], [ 92.3509669, 26.3508395 ], [ 92.3510045, 26.3505222 ], [ 92.3516697, 26.3502578 ], [ 92.3515892, 26.3498059 ], [ 92.3522597, 26.3496761 ], [ 92.3522276, 26.3495319 ], [ 92.3526514, 26.349455 ], [ 92.3524743, 26.348883 ], [ 92.3530215, 26.3487292 ], [ 92.3532039, 26.3489839 ], [ 92.353397, 26.3490128 ], [ 92.3536062, 26.3498059 ], [ 92.3539013, 26.349729 ], [ 92.3538154, 26.3490945 ], [ 92.3544699, 26.3489984 ], [ 92.3545933, 26.3495127 ], [ 92.3553228, 26.3494118 ], [ 92.3553014, 26.3491281 ], [ 92.3560899, 26.3490464 ], [ 92.3560363, 26.3485609 ], [ 92.3563957, 26.3485465 ], [ 92.3564708, 26.3497386 ], [ 92.3573774, 26.349604 ], [ 92.3573399, 26.3485369 ], [ 92.3578012, 26.3484311 ], [ 92.3583537, 26.3483927 ], [ 92.3584557, 26.3487099 ], [ 92.3586971, 26.3487099 ], [ 92.3588312, 26.3489166 ], [ 92.3589277, 26.349056 ], [ 92.3593247, 26.3490416 ], [ 92.3593247, 26.3488589 ], [ 92.3591477, 26.3488229 ], [ 92.3591262, 26.3483061 ], [ 92.3596519, 26.3483013 ], [ 92.3596385, 26.3491402 ], [ 92.3597646, 26.3491618 ], [ 92.359837, 26.3494358 ], [ 92.3598397, 26.3496113 ], [ 92.3596224, 26.3496545 ], [ 92.3596251, 26.3502145 ], [ 92.3593757, 26.3503419 ], [ 92.3593891, 26.3507649 ], [ 92.3590592, 26.350777 ], [ 92.3590833, 26.3511207 ], [ 92.3586541, 26.351188 ], [ 92.358638, 26.3517215 ], [ 92.3583591, 26.3517528 ], [ 92.3579541, 26.351748 ], [ 92.3579809, 26.3521638 ], [ 92.3579809, 26.3523993 ], [ 92.3569107, 26.3524113 ], [ 92.3568812, 26.3523128 ], [ 92.3561382, 26.3522864 ], [ 92.3557359, 26.3522791 ], [ 92.3558325, 26.3533271 ], [ 92.3554462, 26.3533535 ], [ 92.3554248, 26.3535578 ], [ 92.3547891, 26.3535578 ], [ 92.3547408, 26.3537332 ], [ 92.3540381, 26.3537909 ], [ 92.3540843, 26.354236 ], [ 92.3532307, 26.3543629 ], [ 92.3532522, 26.3547066 ], [ 92.3528767, 26.3547715 ], [ 92.3529679, 26.3550023 ], [ 92.3511413, 26.3552666 ], [ 92.3511493, 26.3548052 ], [ 92.3515114, 26.3546201 ], [ 92.3514014, 26.3541755 ], [ 92.3516697, 26.3541154 ], [ 92.3516489, 26.3537386 ] ] ] ] } },
{ "type": "Feature", "properties": { "full_id": "w1046337442", "osm_id": "1046337442", "osm_type": "way", "landuse": "farmland", "water": null, "residential": null, "industrial": null, "resource": null, "trees": null, "produce": null, "natural": null, "name": null, "boundary": null, "type": null }, "geometry": { "type": "MultiPolygon", "coordinates": [ [ [ [ 92.3409184, 26.3612838 ], [ 92.3406136, 26.3613183 ], [ 92.3406297, 26.3617076 ], [ 92.3403346, 26.3617989 ], [ 92.3403293, 26.3620393 ], [ 92.3408765, 26.3620393 ], [ 92.340914, 26.3616499 ], [ 92.3413636, 26.3616202 ], [ 92.3414773, 26.3617557 ], [ 92.3416972, 26.3617605 ], [ 92.3417938, 26.3618999 ], [ 92.3421854, 26.3618951 ], [ 92.3422712, 26.3623998 ], [ 92.3424697, 26.3625199 ], [ 92.34299, 26.3625295 ], [ 92.3431081, 26.3627891 ], [ 92.3434192, 26.3628323 ], [ 92.3434299, 26.362616 ], [ 92.3439717, 26.3625728 ], [ 92.344079, 26.3624046 ], [ 92.3444384, 26.362419 ], [ 92.3444599, 26.3621835 ], [ 92.3456562, 26.3622556 ], [ 92.3456347, 26.3624094 ], [ 92.3459351, 26.3624382 ], [ 92.3459619, 26.362616 ], [ 92.3462999, 26.3626064 ], [ 92.3463106, 26.3624622 ], [ 92.3468685, 26.3624334 ], [ 92.3470187, 26.3623469 ], [ 92.3469329, 26.361525 ], [ 92.3473889, 26.3614481 ], [ 92.3473459, 26.3612318 ], [ 92.3478985, 26.361126 ], [ 92.3477054, 26.3601983 ], [ 92.348054, 26.3601599 ], [ 92.3481345, 26.3604387 ], [ 92.3484832, 26.3604579 ], [ 92.3486388, 26.3611212 ], [ 92.3489767, 26.3610828 ], [ 92.3490518, 26.361376 ], [ 92.349304, 26.3613279 ], [ 92.3493952, 26.3615442 ], [ 92.3502213, 26.3613808 ], [ 92.3501784, 26.36115 ], [ 92.3499477, 26.3611549 ], [ 92.3498619, 26.3608809 ], [ 92.3501354, 26.3608184 ], [ 92.3500228, 26.3604098 ], [ 92.3495239, 26.3604627 ], [ 92.3494434, 26.3602608 ], [ 92.3491698, 26.3603089 ], [ 92.3491216, 26.3604963 ], [ 92.3488533, 26.3605588 ], [ 92.3485261, 26.3604531 ], [ 92.3483062, 26.3600301 ], [ 92.3482579, 26.3597657 ], [ 92.3486012, 26.3597561 ], [ 92.34851, 26.3593908 ], [ 92.3481184, 26.3594533 ], [ 92.3480487, 26.3588861 ], [ 92.3476249, 26.3589102 ], [ 92.3476088, 26.3590015 ], [ 92.3473245, 26.3590447 ], [ 92.3472655, 26.3589486 ], [ 92.3468953, 26.3589486 ], [ 92.3469543, 26.3595446 ], [ 92.3466539, 26.3597033 ], [ 92.3462731, 26.3597369 ], [ 92.3462516, 26.3594004 ], [ 92.3457473, 26.359386 ], [ 92.3453343, 26.3594773 ], [ 92.3450071, 26.3594773 ], [ 92.34505, 26.3606694 ], [ 92.3446155, 26.3607703 ], [ 92.3444599, 26.3606117 ], [ 92.3438054, 26.3604579 ], [ 92.3438162, 26.3597465 ], [ 92.344299, 26.359684 ], [ 92.3442614, 26.3591745 ], [ 92.3437786, 26.359213 ], [ 92.3427433, 26.359112 ], [ 92.3419815, 26.3592899 ], [ 92.3420405, 26.3599436 ], [ 92.3414183, 26.3600013 ], [ 92.3413758, 26.3603394 ], [ 92.3410428, 26.3603473 ], [ 92.3409784, 26.3595831 ], [ 92.3406619, 26.3596263 ], [ 92.3406639, 26.3598189 ], [ 92.3404419, 26.359833 ], [ 92.3404902, 26.3602945 ], [ 92.3400289, 26.3603089 ], [ 92.3399967, 26.3612894 ], [ 92.34034, 26.3612702 ], [ 92.3403507, 26.3607703 ], [ 92.3407209, 26.3607511 ], [ 92.3407316, 26.361001 ], [ 92.3409194, 26.3609962 ], [ 92.3409184, 26.3612838 ] ] ] ] } },
{ "type": "Feature", "properties": { "full_id": "w1046342703", "osm_id": "1046342703", "osm_type": "way", "landuse": "farmland", "water": null, "residential": null, "industrial": null, "resource": null, "trees": null, "produce": null, "natural": null, "name": null, "boundary": null, "type": null }, "geometry": { "type": "MultiPolygon", "coordinates": [ [ [ [ 92.2048628, 26.3607838 ], [ 92.2048441, 26.3605997 ], [ 92.2063012, 26.3608173 ], [ 92.2062451, 26.3611771 ], [ 92.2048628, 26.3607838 ] ] ] ] } },
{ "type": "Feature", "properties": { "full_id": "w1046342803", "osm_id": "1046342803", "osm_type": "way", "landuse": "farmland", "water": null, "residential": null, "industrial": null, "resource": null, "trees": null, "produce": null, "natural": null, "name": null, "boundary": null, "type": null }, "geometry": { "type": "MultiPolygon", "coordinates": [ [ [ [ 92.2060914, 26.3585807 ], [ 92.2061665, 26.3582827 ], [ 92.2075505, 26.3586191 ], [ 92.2074969, 26.3590037 ], [ 92.2060914, 26.3585807 ] ] ] ] } },
{ "type": "Feature", "properties": { "full_id": "w1046344050", "osm_id": "1046344050", "osm_type": "way", "landuse": "farmland", "water": null, "residential": null, "industrial": null, "resource": null, "trees": null, "produce": null, "natural": null, "name": null, "boundary": null, "type": null }, "geometry": { "type": "MultiPolygon", "coordinates": [ [ [ [ 92.5018322, 26.376083 ], [ 92.5018671, 26.3760806 ], [ 92.5018751, 26.3759893 ], [ 92.5018429, 26.3759893 ], [ 92.5018322, 26.376083 ] ] ] ] } },
{ "type": "Feature", "properties": { "full_id": "w1046344185", "osm_id": "1046344185", "osm_type": "way", "landuse": "farmland", "water": null, "residential": null, "industrial": null, "resource": null, "trees": null, "produce": null, "natural": null, "name": null, "boundary": null, "type": null }, "geometry": { "type": "MultiPolygon", "coordinates": [ [ [ [ 92.5003382, 26.375439 ], [ 92.5003758, 26.3754486 ], [ 92.5003918, 26.3753429 ], [ 92.500365, 26.3753405 ], [ 92.5003382, 26.375439 ] ] ] ] } },
{ "type": "Feature", "properties": { "full_id": "w1046344560", "osm_id": "1046344560", "osm_type": "way", "landuse": "farmland", "water": null, "residential": null, "industrial": null, "resource": null, "trees": null, "produce": null, "natural": null, "name": null, "boundary": null, "type": null }, "geometry": { "type": "MultiPolygon", "coordinates": [ [ [ [ 92.499606, 26.3750401 ], [ 92.4996569, 26.3750497 ], [ 92.4996703, 26.3749488 ], [ 92.4996221, 26.3749488 ], [ 92.499606, 26.3750401 ] ] ] ] } },
{ "type": "Feature", "properties": { "full_id": "w1046344619", "osm_id": "1046344619", "osm_type": "way", "landuse": "farmland", "water": null, "residential": null, "industrial": null, "resource": null, "trees": null, "produce": null, "natural": null, "name": null, "boundary": null, "type": null }, "geometry": { "type": "MultiPolygon", "coordinates": [ [ [ [ 92.3090548, 26.3995565 ], [ 92.3091015, 26.3993808 ], [ 92.3097273, 26.3995398 ], [ 92.3096806, 26.3996987 ], [ 92.3090548, 26.3995565 ] ] ] ] } },
{ "type": "Feature", "properties": { "full_id": "w1046344846", "osm_id": "1046344846", "osm_type": "way", "landuse": "farmland", "water": null, "residential": null, "industrial": null, "resource": null, "trees": null, "produce": null, "natural": null, "name": null, "boundary": null, "type": null }, "geometry": { "type": "MultiPolygon", "coordinates": [ [ [ [ 92.3101566, 26.4015697 ], [ 92.3104031, 26.4016001 ], [ 92.3104185, 26.4013269 ], [ 92.3101874, 26.4012938 ], [ 92.3101566, 26.4015697 ] ] ] ] } },
{ "type": "Feature", "properties": { "full_id": "w1046344847", "osm_id": "1046344847", "osm_type": "way", "landuse": "farmland", "water": null, "residential": null, "industrial": null, "resource": null, "trees": null, "produce": null, "natural": null, "name": null, "boundary": null, "type": null }, "geometry": { "type": "MultiPolygon", "coordinates": [ [ [ [ 92.5205016, 26.5015852 ], [ 92.5210292, 26.5015267 ], [ 92.5210648, 26.5015227 ], [ 92.521038, 26.5013691 ], [ 92.5204801, 26.5014027 ], [ 92.5205016, 26.5015852 ] ] ] ] } },
{ "type": "Feature", "properties": { "full_id": "w1046344959", "osm_id": "1046344959", "osm_type": "way", "landuse": "farmland", "water": null, "residential": null, "industrial": null, "resource": null, "trees": null, "produce": null, "natural": null, "name": null, "boundary": null, "type": null }, "geometry": { "type": "MultiPolygon", "coordinates": [ [ [ [ 92.5207752, 26.5018348 ], [ 92.5207215, 26.5015948 ], [ 92.5210292, 26.5015267 ], [ 92.5210809, 26.501782 ], [ 92.5207752, 26.5018348 ] ] ] ] } },
{ "type": "Feature", "properties": { "full_id": "w1046345457", "osm_id": "1046345457", "osm_type": "way", "landuse": "farmland", "water": null, "residential": null, "industrial": null, "resource": null, "trees": null, "produce": null, "natural": null, "name": null, "boundary": null, "type": null }, "geometry": { "type": "MultiPolygon", "coordinates": [ [ [ [ 92.3798925, 26.4297471 ], [ 92.379941, 26.4296398 ], [ 92.3802601, 26.4297554 ], [ 92.3802117, 26.4298627 ], [ 92.3798925, 26.4297471 ] ] ] ] } },
{ "type": "Feature", "properties": { "full_id": "w1046345642", "osm_id": "1046345642", "osm_type": "way", "landuse": "farmland", "water": null, "residential": null, "industrial": null, "resource": null, "trees": null, "produce": null, "natural": null, "name": null, "boundary": null, "type": null }, "geometry": { "type": "MultiPolygon", "coordinates": [ [ [ [ 92.3649441, 26.4379671 ], [ 92.3654708, 26.4379973 ], [ 92.3655043, 26.4375284 ], [ 92.3651767, 26.4375097 ], [ 92.3650981, 26.4375052 ], [ 92.3649776, 26.4374983 ], [ 92.3649441, 26.4379671 ] ] ] ] } },
{ "type": "Feature", "properties": { "full_id": "w1046351962", "osm_id": "1046351962", "osm_type": "way", "landuse": "farmland", "water": null, "residential": null, "industrial": null, "resource": null, "trees": null, "produce": null, "natural": null, "name": null, "boundary": null, "type": null }, "geometry": { "type": "MultiPolygon", "coordinates": [ [ [ [ 92.512758, 26.4424609 ], [ 92.5137558, 26.4422688 ], [ 92.5136031, 26.4412753 ], [ 92.5135734, 26.4410824 ], [ 92.5130423, 26.4410968 ], [ 92.5131174, 26.441457 ], [ 92.5125756, 26.4415579 ], [ 92.5126507, 26.4421823 ], [ 92.512758, 26.4424609 ] ] ] ] } },
{ "type": "Feature", "properties": { "full_id": "w1046352093", "osm_id": "1046352093", "osm_type": "way", "landuse": "farmland", "water": null, "residential": null, "industrial": null, "resource": null, "trees": null, "produce": null, "natural": null, "name": null, "boundary": null, "type": null }, "geometry": { "type": "MultiPolygon", "coordinates": [ [ [ [ 92.5149133, 26.4449609 ], [ 92.5150313, 26.4449417 ], [ 92.5150313, 26.4445959 ], [ 92.5151172, 26.4445431 ], [ 92.5150796, 26.4441444 ], [ 92.5149401, 26.4442021 ], [ 92.5148972, 26.4441108 ], [ 92.5147036, 26.4441169 ], [ 92.5145914, 26.4441204 ], [ 92.5148275, 26.4447064 ], [ 92.5149133, 26.4449609 ] ] ] ] } },
{ "type": "Feature", "properties": { "full_id": "w1046352154", "osm_id": "1046352154", "osm_type": "way", "landuse": "commercial", "water": null, "residential": null, "industrial": null, "resource": null, "trees": null, "produce": null, "natural": null, "name": null, "boundary": null, "type": null }, "geometry": { "type": "MultiPolygon", "coordinates": [ [ [ [ 92.5151279, 26.4435728 ], [ 92.515836, 26.4435728 ], [ 92.5158818, 26.4410608 ], [ 92.5157102, 26.4411088 ], [ 92.5157209, 26.441397 ], [ 92.5153776, 26.4414162 ], [ 92.5153025, 26.4416468 ], [ 92.5148197, 26.4416948 ], [ 92.5147982, 26.4414931 ], [ 92.5145515, 26.4414834 ], [ 92.5142618, 26.4415123 ], [ 92.5141116, 26.4412337 ], [ 92.5136031, 26.4412753 ], [ 92.5138219, 26.4421943 ], [ 92.5136288, 26.4423865 ], [ 92.5138434, 26.4432126 ], [ 92.5141116, 26.4432991 ], [ 92.5142296, 26.4437698 ], [ 92.5143154, 26.4441252 ], [ 92.5147036, 26.4441169 ], [ 92.5147017, 26.4436449 ], [ 92.5147017, 26.4432414 ], [ 92.5150343, 26.4432414 ], [ 92.5151279, 26.4435728 ] ] ] ] } },
{ "type": "Feature", "properties": { "full_id": "w1046690643", "osm_id": "1046690643", "osm_type": "way", "landuse": "aquaculture", "water": null, "residential": null, "industrial": null, "resource": null, "trees": null, "produce": null, "natural": null, "name": null, "boundary": null, "type": null }, "geometry": { "type": "MultiPolygon", "coordinates": [ [ [ [ 92.3450423, 26.397879 ], [ 92.3450272, 26.3978658 ], [ 92.3450177, 26.3978489 ], [ 92.3450149, 26.3978302 ], [ 92.3450189, 26.3978117 ], [ 92.3450295, 26.3977953 ], [ 92.3450454, 26.3977829 ], [ 92.345065, 26.3977758 ], [ 92.3450861, 26.3977748 ], [ 92.3451064, 26.39778 ], [ 92.3451237, 26.3977908 ], [ 92.3451362, 26.3978061 ], [ 92.3451425, 26.3978241 ], [ 92.3451418, 26.3978431 ], [ 92.3451343, 26.3978608 ], [ 92.3451209, 26.3978753 ], [ 92.3451029, 26.3978851 ], [ 92.3450823, 26.3978892 ], [ 92.3450613, 26.3978871 ], [ 92.3450423, 26.397879 ] ] ] ] } },
{ "type": "Feature", "properties": { "full_id": "w1050481116", "osm_id": "1050481116", "osm_type": "way", "landuse": "residential", "water": null, "residential": null, "industrial": null, "resource": null, "trees": null, "produce": null, "natural": null, "name": null, "boundary": null, "type": null }, "geometry": { "type": "MultiPolygon", "coordinates": [ [ [ [ 92.4913476, 26.4476806 ], [ 92.4914013, 26.4475029 ], [ 92.4915944, 26.4475221 ], [ 92.4917875, 26.4474644 ], [ 92.4918894, 26.4473059 ], [ 92.4918787, 26.4470082 ], [ 92.4916883, 26.4469829 ], [ 92.4915211, 26.4469829 ], [ 92.4913691, 26.4468401 ], [ 92.4914227, 26.446672 ], [ 92.4912832, 26.4465759 ], [ 92.4912457, 26.446499 ], [ 92.4909775, 26.4464558 ], [ 92.4909775, 26.4463213 ], [ 92.4909024, 26.4462637 ], [ 92.4908916, 26.4461916 ], [ 92.4908434, 26.4461676 ], [ 92.4908756, 26.4460139 ], [ 92.4909453, 26.445769 ], [ 92.4910472, 26.4453607 ], [ 92.4910043, 26.4452743 ], [ 92.4907951, 26.4452592 ], [ 92.4906663, 26.4456993 ], [ 92.4906395, 26.4462061 ], [ 92.4906127, 26.4464607 ], [ 92.4905537, 26.4465183 ], [ 92.490543, 26.4460235 ], [ 92.4907643, 26.4449045 ], [ 92.4906181, 26.4447568 ], [ 92.4904021, 26.4447844 ], [ 92.4902801, 26.4456537 ], [ 92.4901513, 26.4455865 ], [ 92.4899743, 26.4455048 ], [ 92.4898134, 26.4456489 ], [ 92.4897302, 26.446098 ], [ 92.489926, 26.4462637 ], [ 92.4902104, 26.4463886 ], [ 92.4903177, 26.4466527 ], [ 92.490382, 26.4468353 ], [ 92.4905483, 26.4469361 ], [ 92.490661, 26.4469121 ], [ 92.490779, 26.4469553 ], [ 92.4908809, 26.4467968 ], [ 92.4910365, 26.4469025 ], [ 92.4910311, 26.447133 ], [ 92.4911384, 26.4471763 ], [ 92.4912886, 26.4475941 ], [ 92.4913476, 26.4476806 ] ] ] ] } },
{ "type": "Feature", "properties": { "full_id": "w1050481407", "osm_id": "1050481407", "osm_type": "way", "landuse": "residential", "water": null, "residential": null, "industrial": null, "resource": null, "trees": null, "produce": null, "natural": null, "name": null, "boundary": null, "type": null }, "geometry": { "type": "MultiPolygon", "coordinates": [ [ [ [ 92.4918908, 26.4479408 ], [ 92.4918493, 26.4478757 ], [ 92.49187, 26.4476527 ], [ 92.4920465, 26.4476155 ], [ 92.492171, 26.4473461 ], [ 92.4923371, 26.4473925 ], [ 92.4923371, 26.4476063 ], [ 92.4921503, 26.4476713 ], [ 92.4920569, 26.4478107 ], [ 92.4918908, 26.4479408 ] ] ] ] } },
{ "type": "Feature", "properties": { "full_id": "w1050481408", "osm_id": "1050481408", "osm_type": "way", "landuse": "residential", "water": null, "residential": null, "industrial": null, "resource": null, "trees": null, "produce": null, "natural": null, "name": null, "boundary": null, "type": null }, "geometry": { "type": "MultiPolygon", "coordinates": [ [ [ [ 92.4926381, 26.4474576 ], [ 92.4928456, 26.4472903 ], [ 92.4930532, 26.4471974 ], [ 92.4929727, 26.4469915 ], [ 92.4927522, 26.4470952 ], [ 92.4926588, 26.4470301 ], [ 92.4926148, 26.4468809 ], [ 92.4924305, 26.4469651 ], [ 92.4926381, 26.4474576 ] ] ] ] } },
{ "type": "Feature", "properties": { "full_id": "w1050482201", "osm_id": "1050482201", "osm_type": "way", "landuse": "residential", "water": null, "residential": null, "industrial": null, "resource": null, "trees": null, "produce": null, "natural": null, "name": null, "boundary": null, "type": null }, "geometry": { "type": "MultiPolygon", "coordinates": [ [ [ [ 92.3623476, 26.403579 ], [ 92.3623744, 26.4026757 ], [ 92.3621169, 26.4025364 ], [ 92.3624307, 26.4016788 ], [ 92.3626037, 26.4016931 ], [ 92.362884, 26.4023634 ], [ 92.363525, 26.4024763 ], [ 92.3637316, 26.4027622 ], [ 92.3637048, 26.403209 ], [ 92.3628089, 26.403579 ], [ 92.3623476, 26.403579 ] ] ] ] } },
{ "type": "Feature", "properties": { "full_id": "w1050500327", "osm_id": "1050500327", "osm_type": "way", "landuse": "residential", "water": null, "residential": null, "industrial": null, "resource": null, "trees": null, "produce": null, "natural": null, "name": null, "boundary": null, "type": null }, "geometry": { "type": "MultiPolygon", "coordinates": [ [ [ [ 92.3681322, 26.3507068 ], [ 92.3680677, 26.3507244 ], [ 92.3680455, 26.3506591 ], [ 92.36811, 26.3506414 ], [ 92.3681322, 26.3507068 ] ] ] ] } },
{ "type": "Feature", "properties": { "full_id": "w1052512539", "osm_id": "1052512539", "osm_type": "way", "landuse": "farmland", "water": null, "residential": null, "industrial": null, "resource": null, "trees": null, "produce": null, "natural": null, "name": null, "boundary": null, "type": null }, "geometry": { "type": "MultiPolygon", "coordinates": [ [ [ [ 92.5202119, 26.5014075 ], [ 92.5198739, 26.5007738 ], [ 92.518844, 26.5012395 ], [ 92.5189834, 26.501542 ], [ 92.5186616, 26.5016812 ], [ 92.5188171, 26.5020172 ], [ 92.5202119, 26.5014075 ] ] ] ] } },
{ "type": "Feature", "properties": { "full_id": "w1052512540", "osm_id": "1052512540", "osm_type": "way", "landuse": "farmland", "water": null, "residential": null, "industrial": null, "resource": null, "trees": null, "produce": null, "natural": null, "name": null, "boundary": null, "type": null }, "geometry": { "type": "MultiPolygon", "coordinates": [ [ [ [ 92.5203675, 26.5017484 ], [ 92.5194823, 26.5021372 ], [ 92.519595, 26.5023677 ], [ 92.5205016, 26.5020268 ], [ 92.5203675, 26.5017484 ] ] ] ] } },
{ "type": "Feature", "properties": { "full_id": "w1052512541", "osm_id": "1052512541", "osm_type": "way", "landuse": "farmland", "water": null, "residential": null, "industrial": null, "resource": null, "trees": null, "produce": null, "natural": null, "name": null, "boundary": null, "type": null }, "geometry": { "type": "MultiPolygon", "coordinates": [ [ [ [ 92.5200188, 26.5009707 ], [ 92.5210487, 26.5009323 ], [ 92.5210434, 26.5012107 ], [ 92.5214296, 26.5012155 ], [ 92.5214618, 26.5014651 ], [ 92.5210648, 26.5015227 ], [ 92.5210809, 26.501782 ], [ 92.5207752, 26.5018348 ], [ 92.5208127, 26.5020364 ], [ 92.5213652, 26.5019692 ], [ 92.521435, 26.5025261 ], [ 92.5206947, 26.5025357 ], [ 92.5200188, 26.5009707 ] ] ] ] } },
{ "type": "Feature", "properties": { "full_id": "w1052512542", "osm_id": "1052512542", "osm_type": "way", "landuse": "farmland", "water": null, "residential": null, "industrial": null, "resource": null, "trees": null, "produce": null, "natural": null, "name": null, "boundary": null, "type": null }, "geometry": { "type": "MultiPolygon", "coordinates": [ [ [ [ 92.5198096, 26.5006106 ], [ 92.5206947, 26.5005386 ], [ 92.5207322, 26.5006874 ], [ 92.5198739, 26.5007738 ], [ 92.5198096, 26.5006106 ] ] ] ] } },
{ "type": "Feature", "properties": { "full_id": "w1052512543", "osm_id": "1052512543", "osm_type": "way", "landuse": "farmland", "water": null, "residential": null, "industrial": null, "resource": null, "trees": null, "produce": null, "natural": null, "name": null, "boundary": null, "type": null }, "geometry": { "type": "MultiPolygon", "coordinates": [ [ [ [ 92.5207322, 26.5006874 ], [ 92.5207644, 26.500841 ], [ 92.5213491, 26.500793 ], [ 92.5213438, 26.5003322 ], [ 92.5211828, 26.5003658 ], [ 92.5211989, 26.5006154 ], [ 92.5207322, 26.5006874 ] ] ] ] } },
{ "type": "Feature", "properties": { "full_id": "w1057703196", "osm_id": "1057703196", "osm_type": "way", "landuse": "residential", "water": null, "residential": null, "industrial": null, "resource": null, "trees": null, "produce": null, "natural": null, "name": null, "boundary": null, "type": null }, "geometry": { "type": "MultiPolygon", "coordinates": [ [ [ [ 92.3783035, 26.3451765 ], [ 92.3783223, 26.3446711 ], [ 92.3785942, 26.3446624 ], [ 92.3784627, 26.3451897 ], [ 92.3783035, 26.3451765 ] ] ] ] } },
{ "type": "Feature", "properties": { "full_id": "w1064308018", "osm_id": "1064308018", "osm_type": "way", "landuse": "farmland", "water": null, "residential": null, "industrial": null, "resource": null, "trees": null, "produce": null, "natural": null, "name": null, "boundary": null, "type": null }, "geometry": { "type": "MultiPolygon", "coordinates": [ [ [ [ 92.4080689, 26.4196074 ], [ 92.4080904, 26.4191846 ], [ 92.4078651, 26.4191942 ], [ 92.4078651, 26.4190405 ], [ 92.4074145, 26.4190597 ], [ 92.4074521, 26.4192182 ], [ 92.4075401, 26.419384 ], [ 92.4077198, 26.4194393 ], [ 92.407929, 26.4195281 ], [ 92.4080689, 26.4196074 ] ] ] ] } },
{ "type": "Feature", "properties": { "full_id": "w1064308019", "osm_id": "1064308019", "osm_type": "way", "landuse": "farmland", "water": null, "residential": null, "industrial": null, "resource": null, "trees": null, "produce": null, "natural": null, "name": null, "boundary": null, "type": null }, "geometry": { "type": "MultiPolygon", "coordinates": [ [ [ [ 92.406907, 26.4188549 ], [ 92.4068976, 26.418514 ], [ 92.4066291, 26.4185199 ], [ 92.4066386, 26.4188608 ], [ 92.406907, 26.4188549 ] ] ] ] } },
{ "type": "Feature", "properties": { "full_id": "w1064308020", "osm_id": "1064308020", "osm_type": "way", "landuse": "farmland", "water": null, "residential": null, "industrial": null, "resource": null, "trees": null, "produce": null, "natural": null, "name": null, "boundary": null, "type": null }, "geometry": { "type": "MultiPolygon", "coordinates": [ [ [ [ 92.4088978, 26.4185457 ], [ 92.4083077, 26.4185265 ], [ 92.4083077, 26.4188435 ], [ 92.4088871, 26.4188531 ], [ 92.4088978, 26.4185457 ] ] ] ] } },
{ "type": "Feature", "properties": { "full_id": "w1068601943", "osm_id": "1068601943", "osm_type": "way", "landuse": "residential", "water": null, "residential": null, "industrial": null, "resource": null, "trees": null, "produce": null, "natural": null, "name": null, "boundary": null, "type": null }, "geometry": { "type": "MultiPolygon", "coordinates": [ [ [ [ 92.4615808, 26.3682284 ], [ 92.4615826, 26.3681815 ], [ 92.4616395, 26.3681855 ], [ 92.4616377, 26.3682398 ], [ 92.4615808, 26.3682284 ] ] ] ] } },
{ "type": "Feature", "properties": { "full_id": "w1068662967", "osm_id": "1068662967", "osm_type": "way", "landuse": "farmland", "water": null, "residential": null, "industrial": null, "resource": null, "trees": null, "produce": null, "natural": null, "name": null, "boundary": null, "type": null }, "geometry": { "type": "MultiPolygon", "coordinates": [ [ [ [ 92.4554348, 26.4459619 ], [ 92.4554491, 26.4410947 ], [ 92.460928, 26.4411117 ], [ 92.4609375, 26.4460216 ], [ 92.4554348, 26.4459619 ] ] ] ] } },
{ "type": "Feature", "properties": { "full_id": "w1096837490", "osm_id": "1096837490", "osm_type": "way", "landuse": "farmland", "water": null, "residential": null, "industrial": null, "resource": null, "trees": null, "produce": null, "natural": null, "name": null, "boundary": null, "type": null }, "geometry": { "type": "MultiPolygon", "coordinates": [ [ [ [ 92.4585771, 26.352442 ], [ 92.4586197, 26.3519287 ], [ 92.459747, 26.3519588 ], [ 92.4597348, 26.352472 ], [ 92.4591958, 26.3524689 ], [ 92.4585771, 26.352442 ] ] ] ] } },
{ "type": "Feature", "properties": { "full_id": "w1096839250", "osm_id": "1096839250", "osm_type": "way", "landuse": "farmland", "water": null, "residential": null, "industrial": null, "resource": null, "trees": null, "produce": null, "natural": null, "name": null, "boundary": null, "type": null }, "geometry": { "type": "MultiPolygon", "coordinates": [ [ [ [ 92.319833, 26.3849663 ], [ 92.3204481, 26.385034 ], [ 92.3204783, 26.384814 ], [ 92.3198632, 26.3847463 ], [ 92.319833, 26.3849663 ] ] ] ] } },
{ "type": "Feature", "properties": { "full_id": "w1096839251", "osm_id": "1096839251", "osm_type": "way", "landuse": "farmland", "water": null, "residential": null, "industrial": null, "resource": null, "trees": null, "produce": null, "natural": null, "name": null, "boundary": null, "type": null }, "geometry": { "type": "MultiPolygon", "coordinates": [ [ [ [ 92.3198709, 26.3846602 ], [ 92.3202178, 26.3847047 ], [ 92.3202374, 26.3845821 ], [ 92.3204944, 26.3846151 ], [ 92.3205131, 26.3844981 ], [ 92.3199092, 26.3844206 ], [ 92.3198709, 26.3846602 ] ] ] ] } },
{ "type": "Feature", "properties": { "full_id": "w1096839252", "osm_id": "1096839252", "osm_type": "way", "landuse": "farmland", "water": null, "residential": null, "industrial": null, "resource": null, "trees": null, "produce": null, "natural": null, "name": null, "boundary": null, "type": null }, "geometry": { "type": "MultiPolygon", "coordinates": [ [ [ [ 92.3196199, 26.3854495 ], [ 92.3197222, 26.3849179 ], [ 92.3198355, 26.3843293 ], [ 92.3199169, 26.3839059 ], [ 92.3204693, 26.3839912 ], [ 92.3207853, 26.38404 ], [ 92.3209901, 26.3829758 ], [ 92.3191499, 26.3826916 ], [ 92.3184523, 26.3825839 ], [ 92.3179262, 26.3853183 ], [ 92.3195956, 26.3855761 ], [ 92.3196199, 26.3854495 ] ] ] ] } },
{ "type": "Feature", "properties": { "full_id": "w1096839256", "osm_id": "1096839256", "osm_type": "way", "landuse": "farmland", "water": null, "residential": null, "industrial": null, "resource": null, "trees": null, "produce": null, "natural": null, "name": null, "boundary": null, "type": null }, "geometry": { "type": "MultiPolygon", "coordinates": [ [ [ [ 92.3218035, 26.3858742 ], [ 92.3221601, 26.3858753 ], [ 92.3221832, 26.3854617 ], [ 92.3219985, 26.3854409 ], [ 92.3219695, 26.3855728 ], [ 92.321784, 26.3856098 ], [ 92.3218035, 26.3858742 ] ] ] ] } },
{ "type": "Feature", "properties": { "full_id": "w1096839257", "osm_id": "1096839257", "osm_type": "way", "landuse": "farmland", "water": null, "residential": null, "industrial": null, "resource": null, "trees": null, "produce": null, "natural": null, "name": null, "boundary": null, "type": null }, "geometry": { "type": "MultiPolygon", "coordinates": [ [ [ [ 92.3217049, 26.3868179 ], [ 92.3224865, 26.386758 ], [ 92.3225213, 26.3856924 ], [ 92.322457, 26.3854022 ], [ 92.3222312, 26.3854294 ], [ 92.3221691, 26.3859209 ], [ 92.3221033, 26.3862535 ], [ 92.3218746, 26.3862718 ], [ 92.3217049, 26.3868179 ] ] ] ] } },
{ "type": "Feature", "properties": { "full_id": "w1096839521", "osm_id": "1096839521", "osm_type": "way", "landuse": "farmland", "water": null, "residential": null, "industrial": null, "resource": null, "trees": null, "produce": null, "natural": null, "name": null, "boundary": null, "type": null }, "geometry": { "type": "MultiPolygon", "coordinates": [ [ [ [ 92.3145415, 26.4035152 ], [ 92.314563, 26.4033659 ], [ 92.3148125, 26.4033949 ], [ 92.3147909, 26.4035441 ], [ 92.3145415, 26.4035152 ] ] ] ] } },
{ "type": "Feature", "properties": { "full_id": "w1110015150", "osm_id": "1110015150", "osm_type": "way", "landuse": "farmland", "water": null, "residential": null, "industrial": null, "resource": null, "trees": null, "produce": null, "natural": null, "name": null, "boundary": null, "type": null }, "geometry": { "type": "MultiPolygon", "coordinates": [ [ [ [ 92.4363211, 26.3323742 ], [ 92.4361924, 26.3319199 ], [ 92.4361387, 26.3317132 ], [ 92.4357874, 26.3315857 ], [ 92.4358947, 26.3312853 ], [ 92.4362353, 26.3313454 ], [ 92.4362863, 26.3311651 ], [ 92.4363533, 26.331141 ], [ 92.4368039, 26.3312324 ], [ 92.436879, 26.3313526 ], [ 92.4367905, 26.3317035 ], [ 92.4373565, 26.3318742 ], [ 92.4375549, 26.3313694 ], [ 92.4380512, 26.3314752 ], [ 92.4380485, 26.3317107 ], [ 92.4384884, 26.3317588 ], [ 92.4384159, 26.3321987 ], [ 92.4385393, 26.3320617 ], [ 92.4386815, 26.3315857 ], [ 92.4389497, 26.3316266 ], [ 92.4389443, 26.3327853 ], [ 92.4383837, 26.3328021 ], [ 92.4384749, 26.332617 ], [ 92.4385688, 26.3324487 ], [ 92.4384803, 26.3323454 ], [ 92.4382765, 26.3324848 ], [ 92.4380136, 26.3326627 ], [ 92.4379439, 26.3328045 ], [ 92.4375979, 26.3328021 ], [ 92.4376944, 26.3324415 ], [ 92.4374879, 26.3323814 ], [ 92.4373162, 26.3327973 ], [ 92.4360636, 26.3327997 ], [ 92.4363211, 26.3323742 ] ] ] ] } },
{ "type": "Feature", "properties": { "full_id": "w1110017192", "osm_id": "1110017192", "osm_type": "way", "landuse": "farmland", "water": null, "residential": null, "industrial": null, "resource": null, "trees": null, "produce": null, "natural": null, "name": null, "boundary": null, "type": null }, "geometry": { "type": "MultiPolygon", "coordinates": [ [ [ [ 92.4389345, 26.3315785 ], [ 92.4381192, 26.3314055 ], [ 92.4380816, 26.3311699 ], [ 92.4375827, 26.3310977 ], [ 92.4375773, 26.3309343 ], [ 92.4371911, 26.3309006 ], [ 92.437175, 26.3305112 ], [ 92.4372608, 26.3304535 ], [ 92.4375505, 26.3304439 ], [ 92.4376042, 26.3301362 ], [ 92.4381567, 26.330242 ], [ 92.4389345, 26.3302996 ], [ 92.4389345, 26.3305424 ], [ 92.4389345, 26.3315785 ] ] ] ] } },
{ "type": "Feature", "properties": { "full_id": "w1110017678", "osm_id": "1110017678", "osm_type": "way", "landuse": "farmland", "water": null, "residential": null, "industrial": null, "resource": null, "trees": null, "produce": null, "natural": null, "name": null, "boundary": null, "type": null }, "geometry": { "type": "MultiPolygon", "coordinates": [ [ [ [ 92.4389345, 26.3302996 ], [ 92.4389506, 26.3286169 ], [ 92.4383391, 26.3286313 ], [ 92.4381084, 26.3292131 ], [ 92.4381299, 26.3293669 ], [ 92.4377168, 26.3295544 ], [ 92.4374964, 26.3295512 ], [ 92.4373842, 26.3295496 ], [ 92.43688, 26.3294967 ], [ 92.4373306, 26.3298477 ], [ 92.4376149, 26.3299775 ], [ 92.4379529, 26.3300929 ], [ 92.4381996, 26.3302083 ], [ 92.4389345, 26.3302996 ] ] ] ] } },
{ "type": "Feature", "properties": { "full_id": "w1110017819", "osm_id": "1110017819", "osm_type": "way", "landuse": "farmland", "water": null, "residential": null, "industrial": null, "resource": null, "trees": null, "produce": null, "natural": null, "name": null, "boundary": null, "type": null }, "geometry": { "type": "MultiPolygon", "coordinates": [ [ [ [ 92.43688, 26.3294967 ], [ 92.4366708, 26.3293861 ], [ 92.4364347, 26.3293092 ], [ 92.4362792, 26.3291458 ], [ 92.4363113, 26.3290977 ], [ 92.4366278, 26.3290784 ], [ 92.4369122, 26.3291217 ], [ 92.4374915, 26.3291746 ], [ 92.4374964, 26.3295512 ], [ 92.43688, 26.3294967 ] ] ] ] } },
{ "type": "Feature", "properties": { "full_id": "w1110018231", "osm_id": "1110018231", "osm_type": "way", "landuse": "farmland", "water": null, "residential": null, "industrial": null, "resource": null, "trees": null, "produce": null, "natural": null, "name": null, "boundary": null, "type": null }, "geometry": { "type": "MultiPolygon", "coordinates": [ [ [ [ 92.4374915, 26.3291746 ], [ 92.4381084, 26.3292131 ], [ 92.4380977, 26.3286169 ], [ 92.4373789, 26.3285832 ], [ 92.4373252, 26.3287034 ], [ 92.4370892, 26.3285015 ], [ 92.4370409, 26.3287515 ], [ 92.4375076, 26.3287803 ], [ 92.4374915, 26.3291746 ] ] ] ] } },
{ "type": "Feature", "properties": { "full_id": "w1110018879", "osm_id": "1110018879", "osm_type": "way", "landuse": "farmland", "water": null, "residential": null, "industrial": null, "resource": null, "trees": null, "produce": null, "natural": null, "name": null, "boundary": null, "type": null }, "geometry": { "type": "MultiPolygon", "coordinates": [ [ [ [ 92.436965, 26.3290833 ], [ 92.4365841, 26.3290496 ], [ 92.4366217, 26.3287563 ], [ 92.4362998, 26.3287323 ], [ 92.4363374, 26.3284727 ], [ 92.436686, 26.3284823 ], [ 92.4370401, 26.3284823 ], [ 92.436965, 26.3290833 ] ] ] ] } },
{ "type": "Feature", "properties": { "full_id": "w1110019253", "osm_id": "1110019253", "osm_type": "way", "landuse": "farmland", "water": null, "residential": null, "industrial": null, "resource": null, "trees": null, "produce": null, "natural": null, "name": null, "boundary": null, "type": null }, "geometry": { "type": "MultiPolygon", "coordinates": [ [ [ [ 92.4372761, 26.3303285 ], [ 92.437319, 26.3299054 ], [ 92.4370294, 26.3296698 ], [ 92.4367129, 26.3294919 ], [ 92.4366109, 26.3296121 ], [ 92.4365251, 26.3296602 ], [ 92.436273, 26.3296266 ], [ 92.4362623, 26.3298333 ], [ 92.436332, 26.3298718 ], [ 92.4362891, 26.3304006 ], [ 92.43645, 26.3304824 ], [ 92.4364715, 26.3302708 ], [ 92.4369113, 26.3302997 ], [ 92.4372761, 26.3303285 ] ] ] ] } },
{ "type": "Feature", "properties": { "full_id": "w1110020847", "osm_id": "1110020847", "osm_type": "way", "landuse": "farmland", "water": null, "residential": null, "industrial": null, "resource": null, "trees": null, "produce": null, "natural": null, "name": null, "boundary": null, "type": null }, "geometry": { "type": "MultiPolygon", "coordinates": [ [ [ [ 92.4389443, 26.3327853 ], [ 92.4396632, 26.3327901 ], [ 92.4397125, 26.3326134 ], [ 92.4392318, 26.3325305 ], [ 92.439201, 26.3324974 ], [ 92.4392626, 26.3320832 ], [ 92.4397926, 26.3321274 ], [ 92.4398788, 26.3318568 ], [ 92.4393304, 26.3317795 ], [ 92.439164, 26.331658 ], [ 92.4389497, 26.3316266 ], [ 92.4389443, 26.3327853 ] ] ] ] } },
{ "type": "Feature", "properties": { "full_id": "w1110020898", "osm_id": "1110020898", "osm_type": "way", "landuse": "farmland", "water": null, "residential": null, "industrial": null, "resource": null, "trees": null, "produce": null, "natural": null, "name": null, "boundary": null, "type": null }, "geometry": { "type": "MultiPolygon", "coordinates": [ [ [ [ 92.4389853, 26.3315751 ], [ 92.4393243, 26.3316027 ], [ 92.4394167, 26.3311057 ], [ 92.4389792, 26.3310339 ], [ 92.4389853, 26.3315751 ] ] ] ] } },
{ "type": "Feature", "properties": { "full_id": "w1110021116", "osm_id": "1110021116", "osm_type": "way", "landuse": "farmland", "water": null, "residential": null, "industrial": null, "resource": null, "trees": null, "produce": null, "natural": null, "name": null, "boundary": null, "type": null }, "geometry": { "type": "MultiPolygon", "coordinates": [ [ [ [ 92.4397926, 26.3327901 ], [ 92.4398419, 26.3326299 ], [ 92.4400082, 26.3325637 ], [ 92.4406614, 26.3326797 ], [ 92.4406553, 26.3327956 ], [ 92.4397926, 26.3327901 ] ] ] ] } },
{ "type": "Feature", "properties": { "full_id": "w1110036930", "osm_id": "1110036930", "osm_type": "way", "landuse": "farmland", "water": null, "residential": null, "industrial": null, "resource": null, "trees": null, "produce": null, "natural": null, "name": null, "boundary": null, "type": null }, "geometry": { "type": "MultiPolygon", "coordinates": [ [ [ [ 92.4398295, 26.3325029 ], [ 92.4406491, 26.3325968 ], [ 92.4406984, 26.3319562 ], [ 92.4402054, 26.3319672 ], [ 92.4401623, 26.3320059 ], [ 92.4400575, 26.3320224 ], [ 92.4400021, 26.3320169 ], [ 92.4399158, 26.3319562 ], [ 92.4398295, 26.3325029 ] ] ] ] } },
{ "type": "Feature", "properties": { "full_id": "w1110037105", "osm_id": "1110037105", "osm_type": "way", "landuse": "farmland", "water": null, "residential": null, "industrial": null, "resource": null, "trees": null, "produce": null, "natural": null, "name": null, "boundary": null, "type": null }, "geometry": { "type": "MultiPolygon", "coordinates": [ [ [ [ 92.4406553, 26.3327956 ], [ 92.4407169, 26.332271 ], [ 92.4408833, 26.3323096 ], [ 92.4409079, 26.3328011 ], [ 92.4406553, 26.3327956 ] ] ] ] } },
{ "type": "Feature", "properties": { "full_id": "w1110037492", "osm_id": "1110037492", "osm_type": "way", "landuse": "farmland", "water": null, "residential": null, "industrial": null, "resource": null, "trees": null, "produce": null, "natural": null, "name": null, "boundary": null, "type": null }, "geometry": { "type": "MultiPolygon", "coordinates": [ [ [ [ 92.4407662, 26.3313873 ], [ 92.4407908, 26.3310228 ], [ 92.44076, 26.3309455 ], [ 92.4408216, 26.3309842 ], [ 92.4408956, 26.3300453 ], [ 92.4399898, 26.3300343 ], [ 92.4399861, 26.3302391 ], [ 92.4399774, 26.3307136 ], [ 92.4399774, 26.3311112 ], [ 92.4402917, 26.3312934 ], [ 92.4404211, 26.3313708 ], [ 92.4407539, 26.331437 ], [ 92.4407662, 26.3313873 ] ] ] ] } },
{ "type": "Feature", "properties": { "full_id": "w1110037783", "osm_id": "1110037783", "osm_type": "way", "landuse": "farmland", "water": null, "residential": null, "industrial": null, "resource": null, "trees": null, "produce": null, "natural": null, "name": null, "boundary": null, "type": null }, "geometry": { "type": "MultiPolygon", "coordinates": [ [ [ [ 92.4412407, 26.3321495 ], [ 92.4425101, 26.3322599 ], [ 92.4426087, 26.331785 ], [ 92.4412961, 26.3318071 ], [ 92.4412407, 26.3321495 ] ] ] ] } },
{ "type": "Feature", "properties": { "full_id": "w1110039670", "osm_id": "1110039670", "osm_type": "way", "landuse": "farmland", "water": null, "residential": null, "industrial": null, "resource": null, "trees": null, "produce": null, "natural": null, "name": null, "boundary": null, "type": null }, "geometry": { "type": "MultiPolygon", "coordinates": [ [ [ [ 92.4389977, 26.3299459 ], [ 92.4399405, 26.3300287 ], [ 92.4408956, 26.3300453 ], [ 92.4409326, 26.329239 ], [ 92.4399959, 26.3292058 ], [ 92.4399713, 26.3286204 ], [ 92.4389506, 26.3286169 ], [ 92.4389977, 26.3299459 ] ] ] ] } },
{ "type": "Feature", "properties": { "full_id": "w1110040201", "osm_id": "1110040201", "osm_type": "way", "landuse": "farmland", "water": null, "residential": null, "industrial": null, "resource": null, "trees": null, "produce": null, "natural": null, "name": null, "boundary": null, "type": null }, "geometry": { "type": "MultiPolygon", "coordinates": [ [ [ [ 92.4389977, 26.3301944 ], [ 92.4399861, 26.3302391 ], [ 92.4399343, 26.3306639 ], [ 92.4393243, 26.3306639 ], [ 92.4390285, 26.3305644 ], [ 92.4389345, 26.3305424 ], [ 92.4389977, 26.3301944 ] ] ] ] } },
{ "type": "Feature", "properties": { "full_id": "w1110040961", "osm_id": "1110040961", "osm_type": "way", "landuse": "farmland", "water": null, "residential": null, "industrial": null, "resource": null, "trees": null, "produce": null, "natural": null, "name": null, "boundary": null, "type": null }, "geometry": { "type": "MultiPolygon", "coordinates": [ [ [ [ 92.4434097, 26.332271 ], [ 92.4441369, 26.3323262 ], [ 92.4442601, 26.3318292 ], [ 92.4444326, 26.3318126 ], [ 92.4444169, 26.330571 ], [ 92.4434967, 26.330552 ], [ 92.4429375, 26.3305266 ], [ 92.4428945, 26.330526 ], [ 92.4424561, 26.3305203 ], [ 92.4424561, 26.3305774 ], [ 92.4422933, 26.3305456 ], [ 92.442081, 26.3305837 ], [ 92.4425765, 26.3309136 ], [ 92.4426543, 26.3313386 ], [ 92.4426087, 26.331785 ], [ 92.4426402, 26.3319286 ], [ 92.4433693, 26.3319477 ], [ 92.4434097, 26.332271 ] ] ] ] } },
{ "type": "Feature", "properties": { "full_id": "w1110042060", "osm_id": "1110042060", "osm_type": "way", "landuse": "farmland", "water": null, "residential": null, "industrial": null, "resource": null, "trees": null, "produce": null, "natural": null, "name": null, "boundary": null, "type": null }, "geometry": { "type": "MultiPolygon", "coordinates": [ [ [ [ 92.4440691, 26.3304387 ], [ 92.442775, 26.3304005 ], [ 92.4427995, 26.3300667 ], [ 92.4427153, 26.3300504 ], [ 92.4426491, 26.3299588 ], [ 92.4426491, 26.3298833 ], [ 92.4425769, 26.3298833 ], [ 92.4424926, 26.329673 ], [ 92.4424084, 26.3295867 ], [ 92.4424325, 26.3300559 ], [ 92.4417947, 26.3300775 ], [ 92.441536, 26.3299804 ], [ 92.4414698, 26.330072 ], [ 92.4414818, 26.3301691 ], [ 92.4414758, 26.3302715 ], [ 92.4412712, 26.3302446 ], [ 92.4412712, 26.3301637 ], [ 92.4411088, 26.3300451 ], [ 92.4411268, 26.3298833 ], [ 92.4411389, 26.3294626 ], [ 92.4415419, 26.3294357 ], [ 92.4415781, 26.329069 ], [ 92.4418548, 26.329042 ], [ 92.4418849, 26.3286861 ], [ 92.4422159, 26.3286429 ], [ 92.4422399, 26.3281791 ], [ 92.4440811, 26.3281791 ], [ 92.4440691, 26.3304387 ] ] ] ] } },
{ "type": "Feature", "properties": { "full_id": "w1199674725", "osm_id": "1199674725", "osm_type": "way", "landuse": "military", "water": null, "residential": null, "industrial": null, "resource": null, "trees": null, "produce": null, "natural": null, "name": "3rd IR Mizo Batallion", "boundary": null, "type": null }, "geometry": { "type": "MultiPolygon", "coordinates": [ [ [ [ 92.0382972, 26.4532575 ], [ 92.0380397, 26.4532037 ], [ 92.0373616, 26.4528233 ], [ 92.0373616, 26.452662 ], [ 92.0373531, 26.4525352 ], [ 92.0381127, 26.4515247 ], [ 92.0383916, 26.4512211 ], [ 92.0385332, 26.4512442 ], [ 92.0387993, 26.451394 ], [ 92.0391255, 26.451759 ], [ 92.0392242, 26.4520049 ], [ 92.0390225, 26.4523853 ], [ 92.0384903, 26.4530961 ], [ 92.0382972, 26.4532575 ] ] ] ] } },
{ "type": "Feature", "properties": { "full_id": "w1266648176", "osm_id": "1266648176", "osm_type": "way", "landuse": "quarry", "water": null, "residential": null, "industrial": null, "resource": "clay", "trees": null, "produce": null, "natural": null, "name": null, "boundary": null, "type": null }, "geometry": { "type": "MultiPolygon", "coordinates": [ [ [ [ 92.0275623, 26.4838355 ], [ 92.0270365, 26.4836626 ], [ 92.0266986, 26.4836242 ], [ 92.0261246, 26.4839411 ], [ 92.0257974, 26.4839555 ], [ 92.0249122, 26.4840899 ], [ 92.0246923, 26.4843108 ], [ 92.0246977, 26.4845077 ], [ 92.0250785, 26.4851175 ], [ 92.0254004, 26.4850838 ], [ 92.0256042, 26.4851127 ], [ 92.0262104, 26.4853479 ], [ 92.0270526, 26.4852375 ], [ 92.0275944, 26.4852423 ], [ 92.0276727, 26.4852546 ], [ 92.0281148, 26.4853239 ], [ 92.028442, 26.4853239 ], [ 92.0289697, 26.4852619 ], [ 92.0286751, 26.4849508 ], [ 92.0285157, 26.4848218 ], [ 92.028125, 26.484798 ], [ 92.0277589, 26.4847303 ], [ 92.0277647, 26.4845128 ], [ 92.0275623, 26.4838355 ] ] ] ] } },
{ "type": "Feature", "properties": { "full_id": "w1266648183", "osm_id": "1266648183", "osm_type": "way", "landuse": "industrial", "water": null, "residential": null, "industrial": "brickyard", "resource": null, "trees": null, "produce": null, "natural": null, "name": null, "boundary": null, "type": null }, "geometry": { "type": "MultiPolygon", "coordinates": [ [ [ [ 92.0214035, 26.4875922 ], [ 92.0214566, 26.4876431 ], [ 92.0214528, 26.4877823 ], [ 92.0214983, 26.4878366 ], [ 92.0216386, 26.4878841 ], [ 92.0224542, 26.4880064 ], [ 92.0228221, 26.4879656 ], [ 92.0231939, 26.4880199 ], [ 92.0229852, 26.4876295 ], [ 92.0230383, 26.4871304 ], [ 92.0220369, 26.4869946 ], [ 92.0219952, 26.4871067 ], [ 92.021798, 26.487178 ], [ 92.0214035, 26.4875922 ] ] ] ] } },
{ "type": "Feature", "properties": { "full_id": "w1266648259", "osm_id": "1266648259", "osm_type": "way", "landuse": "quarry", "water": null, "residential": null, "industrial": null, "resource": "clay", "trees": null, "produce": null, "natural": null, "name": null, "boundary": null, "type": null }, "geometry": { "type": "MultiPolygon", "coordinates": [ [ [ [ 92.0323312, 26.4841764 ], [ 92.0323688, 26.4843732 ], [ 92.0333451, 26.4844621 ], [ 92.0335489, 26.4843204 ], [ 92.0336482, 26.4841116 ], [ 92.0336509, 26.4838355 ], [ 92.0336696, 26.4836914 ], [ 92.0336616, 26.4833889 ], [ 92.0335972, 26.4833073 ], [ 92.0334899, 26.4832881 ], [ 92.0328301, 26.4832833 ], [ 92.0325029, 26.4832161 ], [ 92.0324331, 26.4840731 ], [ 92.0323312, 26.4841764 ] ] ] ] } },
{ "type": "Feature", "properties": { "full_id": "w1266648301", "osm_id": "1266648301", "osm_type": "way", "landuse": "quarry", "water": null, "residential": null, "industrial": null, "resource": "clay", "trees": null, "produce": null, "natural": null, "name": null, "boundary": null, "type": null }, "geometry": { "type": "MultiPolygon", "coordinates": [ [ [ [ 92.0297377, 26.5066663 ], [ 92.0296878, 26.5066436 ], [ 92.0293047, 26.5065146 ], [ 92.028952, 26.5064484 ], [ 92.0286314, 26.5063601 ], [ 92.0286314, 26.5061938 ], [ 92.0283678, 26.5061955 ], [ 92.0283033, 26.5061514 ], [ 92.0282919, 26.5060869 ], [ 92.028254, 26.5054793 ], [ 92.0282692, 26.5053469 ], [ 92.0283299, 26.5053061 ], [ 92.0284019, 26.5053028 ], [ 92.0283944, 26.5049905 ], [ 92.028713, 26.5049837 ], [ 92.0299458, 26.5051466 ], [ 92.0303175, 26.5052349 ], [ 92.0303858, 26.5052722 ], [ 92.0303782, 26.5055573 ], [ 92.0307613, 26.5055573 ], [ 92.0315162, 26.5056422 ], [ 92.0315465, 26.5057067 ], [ 92.0315124, 26.5062804 ], [ 92.0315313, 26.5066232 ], [ 92.0314858, 26.506759 ], [ 92.0312506, 26.5067895 ], [ 92.030621, 26.5067386 ], [ 92.0305906, 26.5059477 ], [ 92.0303592, 26.5059104 ], [ 92.0303592, 26.5056626 ], [ 92.0299192, 26.505666 ], [ 92.0297675, 26.5059647 ], [ 92.0297561, 26.5061887 ], [ 92.0297377, 26.5066663 ] ] ] ] } },
{ "type": "Feature", "properties": { "full_id": "w1266648302", "osm_id": "1266648302", "osm_type": "way", "landuse": "quarry", "water": null, "residential": null, "industrial": null, "resource": "clay", "trees": null, "produce": null, "natural": null, "name": null, "boundary": null, "type": null }, "geometry": { "type": "MultiPolygon", "coordinates": [ [ [ [ 92.2415597, 26.3965716 ], [ 92.2429275, 26.3963529 ], [ 92.243008, 26.3964154 ], [ 92.2431904, 26.3971746 ], [ 92.2430938, 26.3972275 ], [ 92.2419458, 26.3972876 ], [ 92.2416723, 26.3974149 ], [ 92.2415757, 26.3974581 ], [ 92.2416615, 26.3978473 ], [ 92.241624, 26.3980443 ], [ 92.2414201, 26.3981068 ], [ 92.2413075, 26.3980972 ], [ 92.2411251, 26.3979963 ], [ 92.2409105, 26.3980684 ], [ 92.2408086, 26.3980251 ], [ 92.2406584, 26.3976647 ], [ 92.2405511, 26.3976263 ], [ 92.2401488, 26.3977753 ], [ 92.2400361, 26.3977704 ], [ 92.2399181, 26.3973908 ], [ 92.2398376, 26.3973236 ], [ 92.2396779, 26.3973898 ], [ 92.2396284, 26.3973044 ], [ 92.2395641, 26.3971122 ], [ 92.2394621, 26.3970785 ], [ 92.2391295, 26.3966172 ], [ 92.2397947, 26.3962665 ], [ 92.240712, 26.3959541 ], [ 92.2410232, 26.3958868 ], [ 92.2411251, 26.3959061 ], [ 92.2413772, 26.3964587 ], [ 92.2414309, 26.3965403 ], [ 92.2403687, 26.3968791 ], [ 92.2403097, 26.3969848 ], [ 92.240425, 26.3973452 ], [ 92.2406048, 26.3974557 ], [ 92.2419137, 26.3971458 ], [ 92.2415597, 26.3965716 ] ] ] ] } },
{ "type": "Feature", "properties": { "full_id": "w1266648344", "osm_id": "1266648344", "osm_type": "way", "landuse": "quarry", "water": null, "residential": null, "industrial": null, "resource": "clay", "trees": null, "produce": null, "natural": null, "name": null, "boundary": null, "type": null }, "geometry": { "type": "MultiPolygon", "coordinates": [ [ [ [ 92.0133846, 26.4780313 ], [ 92.013377, 26.4783335 ], [ 92.012827, 26.4784354 ], [ 92.0124363, 26.4784625 ], [ 92.0121215, 26.4784591 ], [ 92.0120608, 26.478415 ], [ 92.0120342, 26.4782215 ], [ 92.0115752, 26.4781535 ], [ 92.0114311, 26.478089 ], [ 92.0113021, 26.4780041 ], [ 92.0112756, 26.4778683 ], [ 92.0114539, 26.4776476 ], [ 92.0114766, 26.4775831 ], [ 92.0114614, 26.4774473 ], [ 92.0116056, 26.4774032 ], [ 92.0116132, 26.4772674 ], [ 92.0116549, 26.4771417 ], [ 92.0117877, 26.477084 ], [ 92.0121442, 26.4770229 ], [ 92.0121442, 26.4769584 ], [ 92.0122239, 26.4768395 ], [ 92.0122884, 26.4768056 ], [ 92.0124325, 26.4768022 ], [ 92.0125577, 26.4767309 ], [ 92.0127777, 26.4767445 ], [ 92.0135174, 26.4768735 ], [ 92.0135439, 26.4766053 ], [ 92.0135705, 26.4765408 ], [ 92.0136615, 26.4764321 ], [ 92.0137374, 26.4764117 ], [ 92.0138739, 26.4764728 ], [ 92.0139688, 26.4765849 ], [ 92.0144164, 26.4765815 ], [ 92.0146402, 26.4766053 ], [ 92.0147805, 26.4765679 ], [ 92.0148564, 26.4765781 ], [ 92.0148298, 26.476646 ], [ 92.0145681, 26.4768022 ], [ 92.0145795, 26.4770059 ], [ 92.0145567, 26.4770738 ], [ 92.0144619, 26.4771893 ], [ 92.0142381, 26.4772436 ], [ 92.0140977, 26.4773081 ], [ 92.0140734, 26.4771948 ], [ 92.0139447, 26.47719 ], [ 92.0135316, 26.4772405 ], [ 92.0134538, 26.4774733 ], [ 92.0127699, 26.4773989 ], [ 92.0126197, 26.4774181 ], [ 92.0125258, 26.4775093 ], [ 92.0124695, 26.4776342 ], [ 92.0124668, 26.477771 ], [ 92.0125017, 26.4779391 ], [ 92.0125365, 26.4779991 ], [ 92.012727, 26.4780712 ], [ 92.0133846, 26.4780313 ] ] ] ] } },
{ "type": "Feature", "properties": { "full_id": "w1266648370", "osm_id": "1266648370", "osm_type": "way", "landuse": "quarry", "water": null, "residential": null, "industrial": null, "resource": "clay", "trees": null, "produce": null, "natural": null, "name": null, "boundary": null, "type": null }, "geometry": { "type": "MultiPolygon", "coordinates": [ [ [ [ 92.0231939, 26.4880199 ], [ 92.0235277, 26.4878909 ], [ 92.0238273, 26.4876804 ], [ 92.0240132, 26.4874631 ], [ 92.0240473, 26.4872628 ], [ 92.0240359, 26.4871983 ], [ 92.0238046, 26.486757 ], [ 92.0234556, 26.4862918 ], [ 92.0232887, 26.4861391 ], [ 92.0232204, 26.4861085 ], [ 92.0229094, 26.486078 ], [ 92.0222911, 26.4859659 ], [ 92.0220938, 26.4858539 ], [ 92.0219497, 26.4856773 ], [ 92.0218321, 26.4855891 ], [ 92.0212859, 26.4855144 ], [ 92.02121, 26.4855246 ], [ 92.0211531, 26.4855789 ], [ 92.0212062, 26.4862002 ], [ 92.0212972, 26.4868147 ], [ 92.0212821, 26.4868826 ], [ 92.0211759, 26.4869912 ], [ 92.0209407, 26.4870014 ], [ 92.0208876, 26.4870523 ], [ 92.0208762, 26.4871881 ], [ 92.0209293, 26.4874598 ], [ 92.0210279, 26.487565 ], [ 92.0210962, 26.4876023 ], [ 92.0213276, 26.487582 ], [ 92.0214035, 26.4875922 ], [ 92.021798, 26.487178 ], [ 92.0219952, 26.4871067 ], [ 92.0220369, 26.4869946 ], [ 92.0230383, 26.4871304 ], [ 92.0229852, 26.4876295 ], [ 92.0231939, 26.4880199 ] ] ] ] } },
{ "type": "Feature", "properties": { "full_id": "w1266648388", "osm_id": "1266648388", "osm_type": "way", "landuse": "quarry", "water": null, "residential": null, "industrial": null, "resource": "clay", "trees": null, "produce": null, "natural": null, "name": null, "boundary": null, "type": null }, "geometry": { "type": "MultiPolygon", "coordinates": [ [ [ [ 92.0292645, 26.4844855 ], [ 92.0293379, 26.4840275 ], [ 92.0293432, 26.4837394 ], [ 92.0292199, 26.4835762 ], [ 92.027946, 26.4837755 ], [ 92.0280112, 26.483939 ], [ 92.028493, 26.4839221 ], [ 92.0285537, 26.484231 ], [ 92.0287433, 26.4842378 ], [ 92.0287585, 26.4844347 ], [ 92.0292645, 26.4844855 ] ] ] ] } },
{ "type": "Feature", "properties": { "full_id": "w1266648394", "osm_id": "1266648394", "osm_type": "way", "landuse": "quarry", "water": null, "residential": null, "industrial": null, "resource": "clay", "trees": null, "produce": null, "natural": null, "name": null, "boundary": null, "type": null }, "geometry": { "type": "MultiPolygon", "coordinates": [ [ [ [ 92.0177202, 26.4845603 ], [ 92.0175458, 26.4847063 ], [ 92.0175306, 26.48491 ], [ 92.0174927, 26.4849745 ], [ 92.0172764, 26.4850526 ], [ 92.017212, 26.4852529 ], [ 92.0169995, 26.4853446 ], [ 92.0169578, 26.4854736 ], [ 92.0169995, 26.4856094 ], [ 92.0169957, 26.4858199 ], [ 92.016935, 26.4858675 ], [ 92.0167795, 26.4858505 ], [ 92.0167226, 26.4858064 ], [ 92.0166126, 26.4856298 ], [ 92.0165557, 26.4855823 ], [ 92.0164761, 26.4855959 ], [ 92.0163888, 26.4854057 ], [ 92.0163281, 26.4853582 ], [ 92.0158616, 26.4853378 ], [ 92.0158047, 26.4852903 ], [ 92.0158767, 26.4845569 ], [ 92.0157971, 26.4843668 ], [ 92.0157288, 26.4843363 ], [ 92.0153267, 26.4843634 ], [ 92.0152547, 26.4843431 ], [ 92.0152736, 26.4841393 ], [ 92.0153305, 26.4840884 ], [ 92.0154822, 26.484085 ], [ 92.0157819, 26.4841326 ], [ 92.0158502, 26.4840103 ], [ 92.0160702, 26.48399 ], [ 92.0161309, 26.4839492 ], [ 92.016093, 26.4837455 ], [ 92.0160854, 26.4832702 ], [ 92.0163694, 26.4832089 ], [ 92.016702, 26.4830888 ], [ 92.0169139, 26.4830216 ], [ 92.0171499, 26.483 ], [ 92.0173216, 26.4830096 ], [ 92.0174471, 26.4830461 ], [ 92.0174964, 26.4831004 ], [ 92.0176444, 26.4830936 ], [ 92.0177923, 26.4830563 ], [ 92.0178644, 26.4830699 ], [ 92.0179365, 26.4831887 ], [ 92.0179478, 26.4833279 ], [ 92.0177392, 26.4834332 ], [ 92.0176975, 26.4834909 ], [ 92.0173725, 26.4834297 ], [ 92.0170534, 26.4833985 ], [ 92.0168817, 26.4833745 ], [ 92.0166537, 26.4833961 ], [ 92.0165706, 26.4834682 ], [ 92.0166162, 26.483593 ], [ 92.0166054, 26.4837322 ], [ 92.0165759, 26.4838643 ], [ 92.0166001, 26.4840107 ], [ 92.0165947, 26.4840996 ], [ 92.0166269, 26.4841836 ], [ 92.0166886, 26.4842364 ], [ 92.0166993, 26.4843564 ], [ 92.0168361, 26.4844068 ], [ 92.0169702, 26.4843612 ], [ 92.0169514, 26.4842916 ], [ 92.0173457, 26.4842772 ], [ 92.0175335, 26.4842772 ], [ 92.0176166, 26.4843012 ], [ 92.0177202, 26.4845603 ] ] ] ] } },
{ "type": "Feature", "properties": { "full_id": "w1266648398", "osm_id": "1266648398", "osm_type": "way", "landuse": "quarry", "water": null, "residential": null, "industrial": null, "resource": "clay", "trees": null, "produce": null, "natural": null, "name": null, "boundary": null, "type": null }, "geometry": { "type": "MultiPolygon", "coordinates": [ [ [ [ 92.0155922, 26.4825708 ], [ 92.0153571, 26.4825776 ], [ 92.0151219, 26.4825368 ], [ 92.0147653, 26.4823773 ], [ 92.0147084, 26.4822516 ], [ 92.0147691, 26.4820479 ], [ 92.0148033, 26.4817831 ], [ 92.0148602, 26.4817322 ], [ 92.0150726, 26.4816643 ], [ 92.0150878, 26.4815352 ], [ 92.015194, 26.481447 ], [ 92.0155619, 26.4814198 ], [ 92.0163471, 26.4814368 ], [ 92.0164192, 26.4814605 ], [ 92.0164457, 26.4815964 ], [ 92.0165064, 26.4816371 ], [ 92.0167302, 26.4816269 ], [ 92.0169426, 26.4816778 ], [ 92.0168478, 26.482014 ], [ 92.0167871, 26.4820581 ], [ 92.0164799, 26.4821328 ], [ 92.0163395, 26.4822041 ], [ 92.0162257, 26.482306 ], [ 92.016184, 26.4823705 ], [ 92.0161802, 26.4824418 ], [ 92.0162409, 26.4825742 ], [ 92.0162978, 26.4826217 ], [ 92.0161593, 26.4826302 ], [ 92.0160209, 26.4826251 ], [ 92.0158066, 26.4825742 ], [ 92.0155922, 26.4825708 ] ] ] ] } },
{ "type": "Feature", "properties": { "full_id": "w1266648404", "osm_id": "1266648404", "osm_type": "way", "landuse": "industrial", "water": null, "residential": null, "industrial": "brickyard", "resource": null, "trees": null, "produce": null, "natural": null, "name": null, "boundary": null, "type": null }, "geometry": { "type": "MultiPolygon", "coordinates": [ [ [ [ 92.0289697, 26.4852619 ], [ 92.0291769, 26.4852375 ], [ 92.029354, 26.4851415 ], [ 92.0293808, 26.4849494 ], [ 92.0292645, 26.4844855 ], [ 92.0287585, 26.4844347 ], [ 92.0287433, 26.4842378 ], [ 92.0285537, 26.484231 ], [ 92.028493, 26.4839221 ], [ 92.0280112, 26.483939 ], [ 92.027946, 26.4837755 ], [ 92.0275623, 26.4838355 ], [ 92.0277647, 26.4845128 ], [ 92.0277589, 26.4847303 ], [ 92.028125, 26.484798 ], [ 92.0285157, 26.4848218 ], [ 92.0286751, 26.4849508 ], [ 92.0289697, 26.4852619 ] ] ] ] } },
{ "type": "Feature", "properties": { "full_id": "w1266648407", "osm_id": "1266648407", "osm_type": "way", "landuse": "quarry", "water": null, "residential": null, "industrial": null, "resource": "clay", "trees": null, "produce": null, "natural": null, "name": null, "boundary": null, "type": null }, "geometry": { "type": "MultiPolygon", "coordinates": [ [ [ [ 92.256708, 26.4062928 ], [ 92.2558508, 26.4064355 ], [ 92.2557256, 26.4065137 ], [ 92.2556915, 26.4066496 ], [ 92.2557825, 26.4072747 ], [ 92.2557825, 26.4076348 ], [ 92.2557332, 26.4076926 ], [ 92.2551832, 26.407645 ], [ 92.2550277, 26.4076688 ], [ 92.2549556, 26.4076926 ], [ 92.254929, 26.407893 ], [ 92.2551263, 26.407995 ], [ 92.255168, 26.4080527 ], [ 92.255168, 26.4082565 ], [ 92.2552287, 26.4082973 ], [ 92.2555208, 26.4083381 ], [ 92.2560518, 26.4083687 ], [ 92.2563363, 26.4084672 ], [ 92.2565639, 26.4084536 ], [ 92.2566891, 26.4083823 ], [ 92.2567194, 26.4082464 ], [ 92.2567877, 26.4082158 ], [ 92.2572126, 26.4082039 ], [ 92.2576146, 26.4082056 ], [ 92.2577701, 26.4081852 ], [ 92.2578081, 26.4075669 ], [ 92.2578346, 26.4075057 ], [ 92.2580584, 26.4074751 ], [ 92.2584302, 26.4075091 ], [ 92.2584871, 26.4074684 ], [ 92.2584302, 26.4073393 ], [ 92.2583657, 26.4072951 ], [ 92.2581305, 26.4072679 ], [ 92.2581002, 26.4072034 ], [ 92.2580964, 26.4069384 ], [ 92.2580395, 26.4068908 ], [ 92.2578043, 26.4068568 ], [ 92.2577588, 26.4067991 ], [ 92.2577398, 26.4066632 ], [ 92.2578119, 26.4062623 ], [ 92.2576564, 26.4062487 ], [ 92.257497, 26.4062759 ], [ 92.2568721, 26.4062893 ], [ 92.2569475, 26.4068132 ], [ 92.2570547, 26.4068372 ], [ 92.2572961, 26.4070559 ], [ 92.257272, 26.4076877 ], [ 92.2569716, 26.4078078 ], [ 92.2566175, 26.4077525 ], [ 92.2565666, 26.4073009 ], [ 92.2568482, 26.406818 ], [ 92.256708, 26.4062928 ] ] ] ] } },
{ "type": "Feature", "properties": { "full_id": "w1266648421", "osm_id": "1266648421", "osm_type": "way", "landuse": "industrial", "water": null, "residential": null, "industrial": "brickyard", "resource": null, "trees": null, "produce": null, "natural": null, "name": null, "boundary": null, "type": null }, "geometry": { "type": "MultiPolygon", "coordinates": [ [ [ [ 92.0245181, 26.4999577 ], [ 92.0243843, 26.4999588 ], [ 92.0243865, 26.4998569 ], [ 92.0243329, 26.4997681 ], [ 92.024231, 26.4996913 ], [ 92.0240727, 26.4996504 ], [ 92.024062, 26.4992136 ], [ 92.0241317, 26.4986183 ], [ 92.0248023, 26.4987095 ], [ 92.0247486, 26.4996432 ], [ 92.0244777, 26.4996937 ], [ 92.0245181, 26.4999577 ] ] ] ] } },
{ "type": "Feature", "properties": { "full_id": "w1266648474", "osm_id": "1266648474", "osm_type": "way", "landuse": "industrial", "water": null, "residential": null, "industrial": "brickyard", "resource": null, "trees": null, "produce": null, "natural": null, "name": null, "boundary": null, "type": null }, "geometry": { "type": "MultiPolygon", "coordinates": [ [ [ [ 92.0205765, 26.4836097 ], [ 92.0202106, 26.4836019 ], [ 92.0197097, 26.4835913 ], [ 92.0195992, 26.4835798 ], [ 92.0194593, 26.4833241 ], [ 92.0194669, 26.4829829 ], [ 92.0195751, 26.483002 ], [ 92.019871, 26.4829748 ], [ 92.0199279, 26.4829307 ], [ 92.0199241, 26.4827949 ], [ 92.0199582, 26.4827337 ], [ 92.0202541, 26.4827134 ], [ 92.0203848, 26.482731 ], [ 92.0204303, 26.482928 ], [ 92.0204866, 26.4831032 ], [ 92.0206904, 26.4831489 ], [ 92.0207119, 26.4834682 ], [ 92.0205765, 26.4836097 ] ] ] ] } },
{ "type": "Feature", "properties": { "full_id": "w1266648510", "osm_id": "1266648510", "osm_type": "way", "landuse": "industrial", "water": null, "residential": null, "industrial": "brickyard", "resource": null, "trees": null, "produce": null, "natural": null, "name": null, "boundary": null, "type": null }, "geometry": { "type": "MultiPolygon", "coordinates": [ [ [ [ 92.030621, 26.5067386 ], [ 92.0298965, 26.5067386 ], [ 92.0297377, 26.5066663 ], [ 92.0297561, 26.5061887 ], [ 92.0297675, 26.5059647 ], [ 92.0299192, 26.505666 ], [ 92.0303592, 26.5056626 ], [ 92.0303592, 26.5059104 ], [ 92.0305906, 26.5059477 ], [ 92.030621, 26.5067386 ] ] ] ] } },
{ "type": "Feature", "properties": { "full_id": "w1266648522", "osm_id": "1266648522", "osm_type": "way", "landuse": "industrial", "water": null, "residential": null, "industrial": "brickyard", "resource": null, "trees": null, "produce": null, "natural": null, "name": null, "boundary": null, "type": null }, "geometry": { "type": "MultiPolygon", "coordinates": [ [ [ [ 92.0176975, 26.4834909 ], [ 92.0176747, 26.4836301 ], [ 92.0177165, 26.4838338 ], [ 92.0178909, 26.4842242 ], [ 92.0178947, 26.4843668 ], [ 92.0178568, 26.4845094 ], [ 92.0177961, 26.4845536 ], [ 92.0177202, 26.4845603 ], [ 92.0176166, 26.4843012 ], [ 92.0175335, 26.4842772 ], [ 92.0173457, 26.4842772 ], [ 92.0169514, 26.4842916 ], [ 92.0169702, 26.4843612 ], [ 92.0168361, 26.4844068 ], [ 92.0166993, 26.4843564 ], [ 92.0166886, 26.4842364 ], [ 92.0166269, 26.4841836 ], [ 92.0165947, 26.4840996 ], [ 92.0166001, 26.4840107 ], [ 92.0165759, 26.4838643 ], [ 92.0166054, 26.4837322 ], [ 92.0166162, 26.483593 ], [ 92.0165706, 26.4834682 ], [ 92.0166537, 26.4833961 ], [ 92.0168817, 26.4833745 ], [ 92.0170534, 26.4833985 ], [ 92.0173725, 26.4834297 ], [ 92.0176975, 26.4834909 ] ] ] ] } },
{ "type": "Feature", "properties": { "full_id": "w1266648566", "osm_id": "1266648566", "osm_type": "way", "landuse": "industrial", "water": null, "residential": null, "industrial": "brickyard", "resource": null, "trees": null, "produce": null, "natural": null, "name": null, "boundary": null, "type": null }, "geometry": { "type": "MultiPolygon", "coordinates": [ [ [ [ 92.0140977, 26.4773081 ], [ 92.0140825, 26.4774473 ], [ 92.0141205, 26.477651 ], [ 92.0140712, 26.4777054 ], [ 92.0138625, 26.477797 ], [ 92.0136805, 26.477943 ], [ 92.0134529, 26.477994 ], [ 92.0133846, 26.4780313 ], [ 92.012727, 26.4780712 ], [ 92.0125365, 26.4779991 ], [ 92.0125017, 26.4779391 ], [ 92.0124668, 26.477771 ], [ 92.0124695, 26.4776342 ], [ 92.0125258, 26.4775093 ], [ 92.0126197, 26.4774181 ], [ 92.0127699, 26.4773989 ], [ 92.0134538, 26.4774733 ], [ 92.0135316, 26.4772405 ], [ 92.0139447, 26.47719 ], [ 92.0140734, 26.4771948 ], [ 92.0140977, 26.4773081 ] ] ] ] } },
{ "type": "Feature", "properties": { "full_id": "w1266648573", "osm_id": "1266648573", "osm_type": "way", "landuse": "quarry", "water": null, "residential": null, "industrial": null, "resource": "clay", "trees": null, "produce": null, "natural": null, "name": null, "boundary": null, "type": null }, "geometry": { "type": "MultiPolygon", "coordinates": [ [ [ [ 92.0243843, 26.4999588 ], [ 92.023558, 26.4999563 ], [ 92.0237097, 26.498354 ], [ 92.0258226, 26.4983675 ], [ 92.025466, 26.4991279 ], [ 92.0252612, 26.4997424 ], [ 92.0251853, 26.5002991 ], [ 92.0244722, 26.5004315 ], [ 92.0245181, 26.4999577 ], [ 92.0244777, 26.4996937 ], [ 92.0247486, 26.4996432 ], [ 92.0248023, 26.4987095 ], [ 92.0241317, 26.4986183 ], [ 92.024062, 26.4992136 ], [ 92.0240727, 26.4996504 ], [ 92.024231, 26.4996913 ], [ 92.0243329, 26.4997681 ], [ 92.0243865, 26.4998569 ], [ 92.0243843, 26.4999588 ] ] ] ] } },
{ "type": "Feature", "properties": { "full_id": "w1266648579", "osm_id": "1266648579", "osm_type": "way", "landuse": "quarry", "water": null, "residential": null, "industrial": null, "resource": "clay", "trees": null, "produce": null, "natural": null, "name": null, "boundary": null, "type": null }, "geometry": { "type": "MultiPolygon", "coordinates": [ [ [ [ 92.0203848, 26.482731 ], [ 92.0216614, 26.4829035 ], [ 92.0217373, 26.4829239 ], [ 92.0217638, 26.4829884 ], [ 92.0217221, 26.4831921 ], [ 92.0217562, 26.4832566 ], [ 92.0222797, 26.4833177 ], [ 92.022329, 26.4833754 ], [ 92.0223366, 26.4834467 ], [ 92.0222456, 26.4835656 ], [ 92.0218966, 26.4837251 ], [ 92.0218852, 26.4837964 ], [ 92.0218245, 26.483844 ], [ 92.0215097, 26.4839153 ], [ 92.0210393, 26.4838813 ], [ 92.0207283, 26.4838236 ], [ 92.0206562, 26.4837964 ], [ 92.0205765, 26.4836097 ], [ 92.0207119, 26.4834682 ], [ 92.0206904, 26.4831489 ], [ 92.0204866, 26.4831032 ], [ 92.0204303, 26.482928 ], [ 92.0203848, 26.482731 ] ] ] ] } },
{ "type": "Feature", "properties": { "full_id": "w1266648582", "osm_id": "1266648582", "osm_type": "way", "landuse": "quarry", "water": null, "residential": null, "industrial": null, "resource": "clay", "trees": null, "produce": null, "natural": null, "name": null, "boundary": null, "type": null }, "geometry": { "type": "MultiPolygon", "coordinates": [ [ [ [ 92.0195992, 26.4835798 ], [ 92.0190061, 26.4835282 ], [ 92.0189151, 26.4837183 ], [ 92.0187634, 26.4837285 ], [ 92.018752, 26.4838711 ], [ 92.0188582, 26.4839662 ], [ 92.0190024, 26.4839934 ], [ 92.0190517, 26.4840511 ], [ 92.019063, 26.484119 ], [ 92.0190024, 26.4843906 ], [ 92.0189568, 26.4844483 ], [ 92.0188848, 26.4844755 ], [ 92.0187292, 26.4844721 ], [ 92.0184144, 26.4844245 ], [ 92.0182627, 26.4843804 ], [ 92.0181451, 26.4841971 ], [ 92.0182247, 26.4836606 ], [ 92.018183, 26.4832634 ], [ 92.0182172, 26.483131 ], [ 92.0183423, 26.4828933 ], [ 92.0183841, 26.4828356 ], [ 92.018532, 26.4828186 ], [ 92.0194669, 26.4829829 ], [ 92.0194593, 26.4833241 ], [ 92.0195992, 26.4835798 ] ] ] ] } },
{ "type": "Feature", "properties": { "full_id": "w1266648606", "osm_id": "1266648606", "osm_type": "way", "landuse": "quarry", "water": null, "residential": null, "industrial": null, "resource": "clay", "trees": null, "produce": null, "natural": null, "name": null, "boundary": null, "type": null }, "geometry": { "type": "MultiPolygon", "coordinates": [ [ [ [ 92.2350146, 26.3944658 ], [ 92.2349824, 26.3943077 ], [ 92.2348477, 26.3936723 ], [ 92.2351929, 26.3935619 ], [ 92.2355817, 26.3935058 ], [ 92.2358112, 26.3936248 ], [ 92.2358871, 26.39399 ], [ 92.2355172, 26.3941395 ], [ 92.2356291, 26.3945201 ], [ 92.2357581, 26.3944487 ], [ 92.236054, 26.394391 ], [ 92.2360919, 26.3943366 ], [ 92.236054, 26.3942041 ], [ 92.236145, 26.3940988 ], [ 92.2362361, 26.3938983 ], [ 92.2362968, 26.3938609 ], [ 92.2363461, 26.3936639 ], [ 92.2363385, 26.3935993 ], [ 92.2362512, 26.3934838 ], [ 92.2360388, 26.3934022 ], [ 92.2358492, 26.3930217 ], [ 92.2358529, 26.3929537 ], [ 92.235944, 26.3927702 ], [ 92.2360839, 26.3926469 ], [ 92.236053, 26.392516 ], [ 92.2360839, 26.3924703 ], [ 92.2361657, 26.3924415 ], [ 92.2360843, 26.39223 ], [ 92.2360222, 26.3922397 ], [ 92.2359417, 26.3922649 ], [ 92.2357312, 26.3923274 ], [ 92.2357403, 26.3923746 ], [ 92.2357375, 26.3924468 ], [ 92.2356026, 26.3924916 ], [ 92.2354433, 26.3925086 ], [ 92.2353978, 26.3924508 ], [ 92.2353219, 26.392444 ], [ 92.2349426, 26.392563 ], [ 92.234806, 26.3925052 ], [ 92.2347377, 26.3925358 ], [ 92.2346619, 26.3925358 ], [ 92.2345936, 26.3925018 ], [ 92.2344343, 26.392546 ], [ 92.2343167, 26.3926411 ], [ 92.2344039, 26.3928348 ], [ 92.2347074, 26.393144 ], [ 92.2347567, 26.3934192 ], [ 92.2347415, 26.3935585 ], [ 92.2343508, 26.3936197 ], [ 92.2342901, 26.3936673 ], [ 92.2342636, 26.3937352 ], [ 92.2342591, 26.3939013 ], [ 92.2338644, 26.3940056 ], [ 92.2339423, 26.3943146 ], [ 92.2337544, 26.3943564 ], [ 92.2338724, 26.3947744 ], [ 92.2340307, 26.3948609 ], [ 92.2343736, 26.3948599 ], [ 92.2345936, 26.3949176 ], [ 92.234825, 26.3952778 ], [ 92.2348971, 26.395305 ], [ 92.2350412, 26.395254 ], [ 92.2350146, 26.3944658 ] ] ] ] } },
{ "type": "Feature", "properties": { "full_id": "w1266648620", "osm_id": "1266648620", "osm_type": "way", "landuse": "industrial", "water": null, "residential": null, "industrial": "brickyard", "resource": null, "trees": null, "produce": null, "natural": null, "name": null, "boundary": null, "type": null }, "geometry": { "type": "MultiPolygon", "coordinates": [ [ [ [ 92.0160854, 26.4832702 ], [ 92.0160285, 26.4832227 ], [ 92.0158047, 26.4831887 ], [ 92.0156529, 26.4832023 ], [ 92.0155809, 26.4831683 ], [ 92.0155922, 26.4825708 ], [ 92.0158066, 26.4825742 ], [ 92.0160209, 26.4826251 ], [ 92.0161593, 26.4826302 ], [ 92.0162978, 26.4826217 ], [ 92.016514, 26.4826794 ], [ 92.0167226, 26.4827643 ], [ 92.0170906, 26.4828356 ], [ 92.0172423, 26.4828424 ], [ 92.0173106, 26.4828186 ], [ 92.017432, 26.4829069 ], [ 92.0174471, 26.4830461 ], [ 92.0173216, 26.4830096 ], [ 92.0171499, 26.483 ], [ 92.0169139, 26.4830216 ], [ 92.016702, 26.4830888 ], [ 92.0163694, 26.4832089 ], [ 92.0160854, 26.4832702 ] ] ] ] } },
{ "type": "Feature", "properties": { "full_id": "w1266857763", "osm_id": "1266857763", "osm_type": "way", "landuse": "industrial", "water": null, "residential": null, "industrial": "brickyard", "resource": null, "trees": null, "produce": null, "natural": null, "name": null, "boundary": null, "type": null }, "geometry": { "type": "MultiPolygon", "coordinates": [ [ [ [ 92.2568721, 26.4062893 ], [ 92.256708, 26.4062928 ], [ 92.2568482, 26.406818 ], [ 92.2565666, 26.4073009 ], [ 92.2566175, 26.4077525 ], [ 92.2569716, 26.4078078 ], [ 92.257272, 26.4076877 ], [ 92.2572961, 26.4070559 ], [ 92.2570547, 26.4068372 ], [ 92.2569475, 26.4068132 ], [ 92.2568721, 26.4062893 ] ] ] ] } },
{ "type": "Feature", "properties": { "full_id": "w1270576685", "osm_id": "1270576685", "osm_type": "way", "landuse": "residential", "water": null, "residential": null, "industrial": null, "resource": null, "trees": null, "produce": null, "natural": null, "name": null, "boundary": null, "type": null }, "geometry": { "type": "MultiPolygon", "coordinates": [ [ [ [ 92.4847131, 26.5091683 ], [ 92.4847157, 26.5090891 ], [ 92.4847667, 26.5090915 ], [ 92.4847721, 26.5091611 ], [ 92.4847131, 26.5091683 ] ] ] ] } },
{ "type": "Feature", "properties": { "full_id": "w1270585994", "osm_id": "1270585994", "osm_type": "way", "landuse": "residential", "water": null, "residential": null, "industrial": null, "resource": null, "trees": null, "produce": null, "natural": null, "name": null, "boundary": null, "type": null }, "geometry": { "type": "MultiPolygon", "coordinates": [ [ [ [ 92.4849606, 26.5093202 ], [ 92.4850572, 26.5093154 ], [ 92.4850572, 26.5092674 ], [ 92.4849446, 26.5092674 ], [ 92.4849606, 26.5093202 ] ] ] ] } },
{ "type": "Feature", "properties": { "full_id": "w1270585995", "osm_id": "1270585995", "osm_type": "way", "landuse": "residential", "water": null, "residential": null, "industrial": null, "resource": null, "trees": null, "produce": null, "natural": null, "name": null, "boundary": null, "type": null }, "geometry": { "type": "MultiPolygon", "coordinates": [ [ [ [ 92.4847756, 26.509229 ], [ 92.4848614, 26.5092242 ], [ 92.484856, 26.5091762 ], [ 92.4847783, 26.5091762 ], [ 92.4847756, 26.509229 ] ] ] ] } },
{ "type": "Feature", "properties": { "full_id": "w1270585996", "osm_id": "1270585996", "osm_type": "way", "landuse": "residential", "water": null, "residential": null, "industrial": null, "resource": null, "trees": null, "produce": null, "natural": null, "name": null, "boundary": null, "type": null }, "geometry": { "type": "MultiPolygon", "coordinates": [ [ [ [ 92.4848534, 26.509157 ], [ 92.4848882, 26.5091666 ], [ 92.484907, 26.5091138 ], [ 92.4848453, 26.5091018 ], [ 92.4848534, 26.509157 ] ] ] ] } },
{ "type": "Feature", "properties": { "full_id": "w1271174330", "osm_id": "1271174330", "osm_type": "way", "landuse": "farmland", "water": null, "residential": null, "industrial": null, "resource": null, "trees": null, "produce": null, "natural": null, "name": null, "boundary": null, "type": null }, "geometry": { "type": "MultiPolygon", "coordinates": [ [ [ [ 92.3905891, 26.3796966 ], [ 92.3925838, 26.3801179 ], [ 92.3962569, 26.3787523 ], [ 92.3960143, 26.3772206 ], [ 92.395738, 26.3754761 ], [ 92.3949758, 26.3755342 ], [ 92.3949758, 26.3753671 ], [ 92.3935974, 26.3752654 ], [ 92.3932244, 26.3766166 ], [ 92.3923162, 26.3764422 ], [ 92.3917162, 26.3774156 ], [ 92.3926244, 26.377452 ], [ 92.3925271, 26.3778806 ], [ 92.3917649, 26.3778515 ], [ 92.3916838, 26.3782583 ], [ 92.3911648, 26.3782147 ], [ 92.3908405, 26.3787232 ], [ 92.3905891, 26.3796966 ] ] ] ] } },
{ "type": "Feature", "properties": { "full_id": "w1273315248", "osm_id": "1273315248", "osm_type": "way", "landuse": "farmland", "water": null, "residential": null, "industrial": null, "resource": null, "trees": null, "produce": null, "natural": null, "name": null, "boundary": null, "type": null }, "geometry": { "type": "MultiPolygon", "coordinates": [ [ [ [ 92.53357, 26.4204045 ], [ 92.5344684, 26.4202625 ], [ 92.5342796, 26.4197947 ], [ 92.533432, 26.4199437 ], [ 92.53357, 26.4204045 ] ] ] ] } },
{ "type": "Feature", "properties": { "full_id": "w1273315635", "osm_id": "1273315635", "osm_type": "way", "landuse": "farmland", "water": null, "residential": null, "industrial": null, "resource": null, "trees": null, "produce": null, "natural": null, "name": null, "boundary": null, "type": null }, "geometry": { "type": "MultiPolygon", "coordinates": [ [ [ [ 92.5288591, 26.4144732 ], [ 92.5287583, 26.4136647 ], [ 92.5288558, 26.4116548 ], [ 92.5376698, 26.4116839 ], [ 92.5377666, 26.412263 ], [ 92.5350841, 26.4128637 ], [ 92.5338157, 26.413155 ], [ 92.5288591, 26.4144732 ] ] ] ] } },
{ "type": "Feature", "properties": { "full_id": "w1273315636", "osm_id": "1273315636", "osm_type": "way", "landuse": "farmland", "water": null, "residential": null, "industrial": null, "resource": null, "trees": null, "produce": null, "natural": null, "name": null, "boundary": null, "type": null }, "geometry": { "type": "MultiPolygon", "coordinates": [ [ [ [ 92.5302193, 26.4150771 ], [ 92.5289946, 26.4154102 ], [ 92.5288683, 26.4146815 ], [ 92.5377185, 26.4124267 ], [ 92.5372307, 26.4140871 ], [ 92.53473, 26.4148398 ], [ 92.5337311, 26.4148765 ], [ 92.5303066, 26.4150725 ], [ 92.5302193, 26.4150771 ] ] ] ] } },
{ "type": "Feature", "properties": { "full_id": "w1289632185", "osm_id": "1289632185", "osm_type": "way", "landuse": "residential", "water": null, "residential": null, "industrial": null, "resource": null, "trees": null, "produce": null, "natural": null, "name": "Group of Houses", "boundary": null, "type": null }, "geometry": { "type": "MultiPolygon", "coordinates": [ [ [ [ 92.5378907, 26.4655554 ], [ 92.5381172, 26.4655459 ], [ 92.5380287, 26.4644877 ], [ 92.53788, 26.4644877 ], [ 92.5378907, 26.4655554 ] ] ] ] } },
{ "type": "Feature", "properties": { "full_id": "w1289632915", "osm_id": "1289632915", "osm_type": "way", "landuse": "residential", "water": null, "residential": null, "industrial": null, "resource": null, "trees": null, "produce": null, "natural": null, "name": "Village Houses", "boundary": null, "type": null }, "geometry": { "type": "MultiPolygon", "coordinates": [ [ [ [ 92.5381065, 26.4642881 ], [ 92.5383331, 26.4642691 ], [ 92.5384463, 26.4649661 ], [ 92.5394762, 26.4650707 ], [ 92.5394939, 26.4653495 ], [ 92.5381844, 26.4653337 ], [ 92.5381065, 26.4642881 ] ] ] ] } },
{ "type": "Feature", "properties": { "full_id": "w1289632997", "osm_id": "1289632997", "osm_type": "way", "landuse": "residential", "water": null, "residential": null, "industrial": null, "resource": null, "trees": null, "produce": null, "natural": null, "name": "Village Houses", "boundary": null, "type": null }, "geometry": { "type": "MultiPolygon", "coordinates": [ [ [ [ 92.5382304, 26.4656156 ], [ 92.5396178, 26.4656283 ], [ 92.5396142, 26.465416 ], [ 92.5382269, 26.4653812 ], [ 92.5382304, 26.4656156 ] ] ] ] } },
{ "type": "Feature", "properties": { "full_id": "w1289633144", "osm_id": "1289633144", "osm_type": "way", "landuse": "residential", "water": null, "residential": null, "industrial": null, "resource": null, "trees": null, "produce": null, "natural": null, "name": "Group of houses", "boundary": null, "type": null }, "geometry": { "type": "MultiPolygon", "coordinates": [ [ [ [ 92.5396813, 26.4656342 ], [ 92.5422991, 26.465615 ], [ 92.5422669, 26.4654805 ], [ 92.5396867, 26.4654661 ], [ 92.5396813, 26.4656342 ] ] ] ] } },
{ "type": "Feature", "properties": { "full_id": "w1289633343", "osm_id": "1289633343", "osm_type": "way", "landuse": "residential", "water": null, "residential": null, "industrial": null, "resource": null, "trees": null, "produce": null, "natural": null, "name": "Village", "boundary": null, "type": null }, "geometry": { "type": "MultiPolygon", "coordinates": [ [ [ [ 92.5395955, 26.4653172 ], [ 92.5395686, 26.4650675 ], [ 92.5422562, 26.465298 ], [ 92.5425298, 26.4654757 ], [ 92.5395955, 26.4653172 ] ] ] ] } },
{ "type": "Feature", "properties": { "full_id": "w1289633750", "osm_id": "1289633750", "osm_type": "way", "landuse": "residential", "water": null, "residential": null, "industrial": null, "resource": null, "trees": null, "produce": null, "natural": null, "name": "Village Houses", "boundary": null, "type": null }, "geometry": { "type": "MultiPolygon", "coordinates": [ [ [ [ 92.539397, 26.4648658 ], [ 92.5394506, 26.4644336 ], [ 92.5400461, 26.4644 ], [ 92.5401051, 26.4641118 ], [ 92.5402338, 26.4641599 ], [ 92.5402553, 26.46452 ], [ 92.540663, 26.4646257 ], [ 92.5406415, 26.4650051 ], [ 92.5404323, 26.4650099 ], [ 92.5404323, 26.4648082 ], [ 92.5402338, 26.4647938 ], [ 92.539397, 26.4648658 ] ] ] ] } },
{ "type": "Feature", "properties": { "full_id": "w1289633998", "osm_id": "1289633998", "osm_type": "way", "landuse": "residential", "water": null, "residential": null, "industrial": null, "resource": null, "trees": null, "produce": null, "natural": null, "name": "Village", "boundary": null, "type": null }, "geometry": { "type": "MultiPolygon", "coordinates": [ [ [ [ 92.5430868, 26.4649074 ], [ 92.5433027, 26.4649327 ], [ 92.5432213, 26.4656234 ], [ 92.542839, 26.4656298 ], [ 92.5425488, 26.4654587 ], [ 92.5425453, 26.4653668 ], [ 92.5430195, 26.465427 ], [ 92.5430868, 26.4649074 ] ] ] ] } },
{ "type": "Feature", "properties": { "full_id": "w1290803363", "osm_id": "1290803363", "osm_type": "way", "landuse": "farmland", "water": null, "residential": null, "industrial": null, "resource": null, "trees": null, "produce": null, "natural": null, "name": null, "boundary": null, "type": null }, "geometry": { "type": "MultiPolygon", "coordinates": [ [ [ [ 92.3367512, 26.3644089 ], [ 92.3380226, 26.3647405 ], [ 92.3379643, 26.3649838 ], [ 92.3355871, 26.3648607 ], [ 92.3356301, 26.3643416 ], [ 92.3367512, 26.3644089 ] ] ] ] } },
{ "type": "Feature", "properties": { "full_id": "w1290804480", "osm_id": "1290804480", "osm_type": "way", "landuse": "farmland", "water": null, "residential": null, "industrial": null, "resource": null, "trees": null, "produce": null, "natural": null, "name": null, "boundary": null, "type": null }, "geometry": { "type": "MultiPolygon", "coordinates": [ [ [ [ 92.3620579, 26.3503138 ], [ 92.3623717, 26.3507193 ], [ 92.3628545, 26.3507433 ], [ 92.3632193, 26.351248 ], [ 92.363584, 26.3511952 ], [ 92.3637772, 26.351522 ], [ 92.3641312, 26.351474 ], [ 92.3641419, 26.3512625 ], [ 92.3648447, 26.3511327 ], [ 92.3647803, 26.350825 ], [ 92.3651826, 26.3507289 ], [ 92.3653999, 26.3511037 ], [ 92.3657298, 26.3509644 ], [ 92.3659605, 26.3511808 ], [ 92.3664218, 26.3509692 ], [ 92.3663413, 26.3507337 ], [ 92.3669583, 26.3504164 ], [ 92.3667812, 26.3498925 ], [ 92.3675752, 26.3497098 ], [ 92.3676288, 26.3488974 ], [ 92.3676181, 26.3476331 ], [ 92.3691845, 26.3476187 ], [ 92.3691469, 26.3469745 ], [ 92.3694366, 26.3469072 ], [ 92.3694098, 26.3465227 ], [ 92.3698765, 26.3464746 ], [ 92.3698765, 26.3457631 ], [ 92.3688251, 26.3458352 ], [ 92.3688412, 26.3454122 ], [ 92.3681116, 26.3454362 ], [ 92.3680901, 26.345244 ], [ 92.3687714, 26.3452151 ], [ 92.3686802, 26.3445277 ], [ 92.3690826, 26.3443883 ], [ 92.3687714, 26.3440145 ], [ 92.3686172, 26.3440722 ], [ 92.3684348, 26.3439376 ], [ 92.368129, 26.3441239 ], [ 92.3678662, 26.3442861 ], [ 92.3676664, 26.3440229 ], [ 92.3673445, 26.3442825 ], [ 92.366749, 26.3435326 ], [ 92.3667008, 26.3428018 ], [ 92.3667115, 26.3425134 ], [ 92.3666042, 26.3420134 ], [ 92.3660678, 26.3419654 ], [ 92.3660999, 26.3414606 ], [ 92.3653704, 26.3414029 ], [ 92.3653972, 26.3409991 ], [ 92.3654348, 26.3407299 ], [ 92.3657137, 26.340677 ], [ 92.3656923, 26.3400808 ], [ 92.3652899, 26.3399943 ], [ 92.3651987, 26.3395568 ], [ 92.3645979, 26.3394991 ], [ 92.3646194, 26.3391097 ], [ 92.36426, 26.3390376 ], [ 92.36426, 26.338754 ], [ 92.3650646, 26.3387588 ], [ 92.3650646, 26.3385521 ], [ 92.3640507, 26.3385617 ], [ 92.3640722, 26.3382925 ], [ 92.3644262, 26.3381867 ], [ 92.3646301, 26.3379079 ], [ 92.3645443, 26.337379 ], [ 92.3641312, 26.3365954 ], [ 92.3639381, 26.3371002 ], [ 92.3636001, 26.3370473 ], [ 92.3639542, 26.3362156 ], [ 92.3639542, 26.3359319 ], [ 92.3638523, 26.3357252 ], [ 92.3629886, 26.3357685 ], [ 92.3629779, 26.3354367 ], [ 92.3636645, 26.3353454 ], [ 92.3634928, 26.3349752 ], [ 92.3627686, 26.3349223 ], [ 92.3616368, 26.3349223 ], [ 92.3616046, 26.3342925 ], [ 92.3620337, 26.3342637 ], [ 92.3620498, 26.3334656 ], [ 92.3612022, 26.3333742 ], [ 92.3613203, 26.3330329 ], [ 92.3621142, 26.3330858 ], [ 92.3620981, 26.3328214 ], [ 92.3624682, 26.3326723 ], [ 92.3623502, 26.3322444 ], [ 92.3618782, 26.33223 ], [ 92.361685, 26.3320713 ], [ 92.361449, 26.3320473 ], [ 92.3613042, 26.3324512 ], [ 92.3606926, 26.3325665 ], [ 92.3603654, 26.3338839 ], [ 92.3593032, 26.3337685 ], [ 92.3592174, 26.3331387 ], [ 92.3585951, 26.3330233 ], [ 92.3584074, 26.3346291 ], [ 92.3578763, 26.33473 ], [ 92.357769, 26.3354319 ], [ 92.3576617, 26.3366242 ], [ 92.3573774, 26.3375184 ], [ 92.3572111, 26.339177 ], [ 92.3569107, 26.3406289 ], [ 92.3567229, 26.3416 ], [ 92.3572272, 26.3419269 ], [ 92.3574437, 26.3428614 ], [ 92.3576349, 26.3437825 ], [ 92.3577744, 26.344869 ], [ 92.3582733, 26.3454507 ], [ 92.3589331, 26.3456718 ], [ 92.3630744, 26.3446527 ], [ 92.3631227, 26.3443354 ], [ 92.363576, 26.3443186 ], [ 92.3636243, 26.3449387 ], [ 92.3633614, 26.3452031 ], [ 92.3627862, 26.3452923 ], [ 92.362082, 26.3466861 ], [ 92.3630154, 26.3466621 ], [ 92.3630476, 26.3471091 ], [ 92.3618835, 26.3472678 ], [ 92.361846, 26.347537 ], [ 92.361803, 26.3477533 ], [ 92.3616554, 26.3477694 ], [ 92.3614973, 26.3484311 ], [ 92.3613335, 26.3484232 ], [ 92.36117, 26.3489839 ], [ 92.3608214, 26.3490584 ], [ 92.3608267, 26.3492099 ], [ 92.3609233, 26.3496858 ], [ 92.3612237, 26.3496473 ], [ 92.3613417, 26.3499165 ], [ 92.3612344, 26.349955 ], [ 92.3614544, 26.3504164 ], [ 92.3620579, 26.3503138 ] ] ] ] } },
{ "type": "Feature", "properties": { "full_id": "w1290804481", "osm_id": "1290804481", "osm_type": "way", "landuse": "farmland", "water": null, "residential": null, "industrial": null, "resource": null, "trees": null, "produce": null, "natural": null, "name": null, "boundary": null, "type": null }, "geometry": { "type": "MultiPolygon", "coordinates": [ [ [ [ 92.3455515, 26.3551736 ], [ 92.3462087, 26.3551368 ], [ 92.3470402, 26.3552474 ], [ 92.3475498, 26.355257 ], [ 92.3476785, 26.3543053 ], [ 92.3463186, 26.3541849 ], [ 92.3463589, 26.3531853 ], [ 92.3486173, 26.3532958 ], [ 92.3485249, 26.3517963 ], [ 92.3476249, 26.3517336 ], [ 92.3476356, 26.3513586 ], [ 92.3480244, 26.3513507 ], [ 92.3480433, 26.3510462 ], [ 92.3484564, 26.3509981 ], [ 92.3485261, 26.3505799 ], [ 92.3489499, 26.3504837 ], [ 92.348966, 26.350104 ], [ 92.3488104, 26.3494887 ], [ 92.3478824, 26.3494935 ], [ 92.3478448, 26.3499021 ], [ 92.3468631, 26.3500751 ], [ 92.3468095, 26.3511856 ], [ 92.3459162, 26.3512305 ], [ 92.3458278, 26.3532718 ], [ 92.3455381, 26.3532526 ], [ 92.3455515, 26.3551736 ] ] ] ] } },
{ "type": "Feature", "properties": { "full_id": "w1290807664", "osm_id": "1290807664", "osm_type": "way", "landuse": "farmland", "water": null, "residential": null, "industrial": null, "resource": null, "trees": null, "produce": null, "natural": null, "name": null, "boundary": null, "type": null }, "geometry": { "type": "MultiPolygon", "coordinates": [ [ [ [ 92.3464772, 26.3488163 ], [ 92.3464715, 26.3478975 ], [ 92.3470804, 26.3478663 ], [ 92.3470536, 26.3473681 ], [ 92.3477403, 26.3473554 ], [ 92.3484805, 26.3472942 ], [ 92.3486227, 26.347138 ], [ 92.349379, 26.3469331 ], [ 92.3505633, 26.3469409 ], [ 92.350519, 26.3475815 ], [ 92.3509213, 26.3476163 ], [ 92.3507658, 26.3479312 ], [ 92.3505485, 26.348335 ], [ 92.3502591, 26.3483163 ], [ 92.3501515, 26.348782 ], [ 92.34759, 26.3487748 ], [ 92.3476142, 26.3493661 ], [ 92.3467693, 26.3493733 ], [ 92.34667, 26.3488301 ], [ 92.3464772, 26.3488163 ] ] ] ] } },
{ "type": "Feature", "properties": { "full_id": "w1298995049", "osm_id": "1298995049", "osm_type": "way", "landuse": "farmyard", "water": null, "residential": null, "industrial": null, "resource": null, "trees": null, "produce": null, "natural": null, "name": null, "boundary": null, "type": null }, "geometry": { "type": "MultiPolygon", "coordinates": [ [ [ [ 92.5024276, 26.4171858 ], [ 92.5027763, 26.4170799 ], [ 92.5026456, 26.4167202 ], [ 92.5022222, 26.4168875 ], [ 92.5024276, 26.4171858 ] ] ] ] } },
{ "type": "Feature", "properties": { "full_id": "w1300099859", "osm_id": "1300099859", "osm_type": "way", "landuse": "farmland", "water": null, "residential": null, "industrial": null, "resource": null, "trees": null, "produce": null, "natural": null, "name": null, "boundary": null, "type": null }, "geometry": { "type": "MultiPolygon", "coordinates": [ [ [ [ 92.2237897, 26.3058566 ], [ 92.2242773, 26.3058249 ], [ 92.2242499, 26.3055278 ], [ 92.2240066, 26.3055456 ], [ 92.2239561, 26.3055143 ], [ 92.2238359, 26.3055263 ], [ 92.2237592, 26.3055737 ], [ 92.2237897, 26.3058566 ] ] ] ] } },
{ "type": "Feature", "properties": { "full_id": "w1300102929", "osm_id": "1300102929", "osm_type": "way", "landuse": "farmland", "water": null, "residential": null, "industrial": null, "resource": null, "trees": null, "produce": null, "natural": null, "name": null, "boundary": null, "type": null }, "geometry": { "type": "MultiPolygon", "coordinates": [ [ [ [ 92.2252562, 26.3078727 ], [ 92.2252557, 26.307566 ], [ 92.2232887, 26.3076065 ], [ 92.223309, 26.3078907 ], [ 92.2252562, 26.3078727 ] ] ] ] } },
{ "type": "Feature", "properties": { "full_id": "w1300103370", "osm_id": "1300103370", "osm_type": "way", "landuse": "farmland", "water": null, "residential": null, "industrial": null, "resource": null, "trees": null, "produce": null, "natural": null, "name": null, "boundary": null, "type": null }, "geometry": { "type": "MultiPolygon", "coordinates": [ [ [ [ 92.2206836, 26.3060758 ], [ 92.2211823, 26.3060928 ], [ 92.2212311, 26.3048915 ], [ 92.2219452, 26.3049229 ], [ 92.2226197, 26.3048528 ], [ 92.2226255, 26.3039924 ], [ 92.2222744, 26.303941 ], [ 92.2222518, 26.3041789 ], [ 92.2219574, 26.3041675 ], [ 92.2209763, 26.3040654 ], [ 92.2206836, 26.3060758 ] ] ] ] } },
{ "type": "Feature", "properties": { "full_id": "w1300103901", "osm_id": "1300103901", "osm_type": "way", "landuse": "farmland", "water": null, "residential": null, "industrial": null, "resource": null, "trees": null, "produce": null, "natural": null, "name": null, "boundary": null, "type": null }, "geometry": { "type": "MultiPolygon", "coordinates": [ [ [ [ 92.2206512, 26.3060528 ], [ 92.2207904, 26.3050101 ], [ 92.2203964, 26.3049805 ], [ 92.2202454, 26.3060169 ], [ 92.2206512, 26.3060528 ] ] ] ] } },
{ "type": "Feature", "properties": { "full_id": "w1300104939", "osm_id": "1300104939", "osm_type": "way", "landuse": "farmland", "water": null, "residential": null, "industrial": null, "resource": null, "trees": null, "produce": null, "natural": null, "name": null, "boundary": null, "type": null }, "geometry": { "type": "MultiPolygon", "coordinates": [ [ [ [ 92.2203258, 26.3051944 ], [ 92.2205001, 26.3039719 ], [ 92.2199895, 26.3039133 ], [ 92.2199179, 26.3051776 ], [ 92.2203258, 26.3051944 ] ] ] ] } },
{ "type": "Feature", "properties": { "full_id": "w1300107438", "osm_id": "1300107438", "osm_type": "way", "landuse": "farmland", "water": null, "residential": null, "industrial": null, "resource": null, "trees": null, "produce": null, "natural": null, "name": null, "boundary": null, "type": null }, "geometry": { "type": "MultiPolygon", "coordinates": [ [ [ [ 92.2203984, 26.3060559 ], [ 92.2206599, 26.3060838 ], [ 92.2206401, 26.3065021 ], [ 92.2211849, 26.3066054 ], [ 92.2211834, 26.3066333 ], [ 92.2213811, 26.3066682 ], [ 92.2213468, 26.3070156 ], [ 92.2216753, 26.3070603 ], [ 92.2216628, 26.3071552 ], [ 92.2201902, 26.3068035 ], [ 92.2203085, 26.3067003 ], [ 92.2203984, 26.3060559 ] ] ] ] } },
{ "type": "Feature", "properties": { "full_id": "w1300269128", "osm_id": "1300269128", "osm_type": "way", "landuse": "aquaculture", "water": null, "residential": null, "industrial": null, "resource": null, "trees": null, "produce": null, "natural": null, "name": null, "boundary": null, "type": null }, "geometry": { "type": "MultiPolygon", "coordinates": [ [ [ [ 92.1160635, 26.2761194 ], [ 92.1165965, 26.2759841 ], [ 92.1165103, 26.2757326 ], [ 92.1159557, 26.2758459 ], [ 92.1160635, 26.2761194 ] ] ] ] } },
{ "type": "Feature", "properties": { "full_id": "w1300269132", "osm_id": "1300269132", "osm_type": "way", "landuse": "aquaculture", "water": null, "residential": null, "industrial": null, "resource": null, "trees": null, "produce": null, "natural": null, "name": null, "boundary": null, "type": null }, "geometry": { "type": "MultiPolygon", "coordinates": [ [ [ [ 92.1186116, 26.2751884 ], [ 92.1188919, 26.2751442 ], [ 92.1188488, 26.2749425 ], [ 92.1185438, 26.2749922 ], [ 92.1186116, 26.2751884 ] ] ] ] } },
{ "type": "Feature", "properties": { "full_id": "w1300295437", "osm_id": "1300295437", "osm_type": "way", "landuse": "residential", "water": null, "residential": null, "industrial": null, "resource": null, "trees": null, "produce": null, "natural": null, "name": null, "boundary": null, "type": null }, "geometry": { "type": "MultiPolygon", "coordinates": [ [ [ [ 92.293715, 26.2850029 ], [ 92.298255, 26.2847806 ], [ 92.2982034, 26.2837248 ], [ 92.2935858, 26.2836831 ], [ 92.293715, 26.2850029 ] ] ] ] } },
{ "type": "Feature", "properties": { "full_id": "w1300295438", "osm_id": "1300295438", "osm_type": "way", "landuse": "residential", "water": null, "residential": null, "industrial": null, "resource": null, "trees": null, "produce": null, "natural": null, "name": null, "boundary": null, "type": null }, "geometry": { "type": "MultiPolygon", "coordinates": [ [ [ [ 92.2943916, 26.2816269 ], [ 92.2952335, 26.2815528 ], [ 92.295125, 26.2807377 ], [ 92.2929609, 26.2810526 ], [ 92.2927749, 26.2803904 ], [ 92.2957552, 26.2800153 ], [ 92.2959308, 26.2789269 ], [ 92.2914269, 26.2792094 ], [ 92.2917574, 26.2817288 ], [ 92.2943916, 26.2816269 ] ] ] ] } },
{ "type": "Feature", "properties": { "full_id": "w1300295443", "osm_id": "1300295443", "osm_type": "way", "landuse": "residential", "water": null, "residential": null, "industrial": null, "resource": null, "trees": null, "produce": null, "natural": null, "name": null, "boundary": null, "type": null }, "geometry": { "type": "MultiPolygon", "coordinates": [ [ [ [ 92.2915508, 26.2808742 ], [ 92.2891848, 26.2810529 ], [ 92.2898972, 26.2790307 ], [ 92.2913699, 26.2795007 ], [ 92.2915508, 26.2808742 ] ] ] ] } },
{ "type": "Feature", "properties": { "full_id": "w1300295444", "osm_id": "1300295444", "osm_type": "way", "landuse": "residential", "water": null, "residential": null, "industrial": null, "resource": null, "trees": null, "produce": null, "natural": null, "name": null, "boundary": null, "type": null }, "geometry": { "type": "MultiPolygon", "coordinates": [ [ [ [ 92.2867134, 26.283499 ], [ 92.2875246, 26.283678 ], [ 92.2894932, 26.2834618 ], [ 92.2882319, 26.2801398 ], [ 92.2863883, 26.2801668 ], [ 92.2867134, 26.283499 ] ] ] ] } },
{ "type": "Feature", "properties": { "full_id": "w1300295451", "osm_id": "1300295451", "osm_type": "way", "landuse": "residential", "water": null, "residential": null, "industrial": null, "resource": null, "trees": null, "produce": null, "natural": null, "name": null, "boundary": null, "type": null }, "geometry": { "type": "MultiPolygon", "coordinates": [ [ [ [ 92.2930831, 26.2834894 ], [ 92.2948243, 26.283504 ], [ 92.2945241, 26.2816811 ], [ 92.2924134, 26.2817092 ], [ 92.2930831, 26.2834894 ] ] ] ] } },
{ "type": "Feature", "properties": { "full_id": "w1300297488", "osm_id": "1300297488", "osm_type": "way", "landuse": "residential", "water": null, "residential": null, "industrial": null, "resource": null, "trees": null, "produce": null, "natural": null, "name": null, "boundary": null, "type": null }, "geometry": { "type": "MultiPolygon", "coordinates": [ [ [ [ 92.2913997, 26.2759877 ], [ 92.2928271, 26.2759536 ], [ 92.2932458, 26.2737435 ], [ 92.2909429, 26.2737577 ], [ 92.2913997, 26.2759877 ] ] ] ] } },
{ "type": "Feature", "properties": { "full_id": "w1300459143", "osm_id": "1300459143", "osm_type": "way", "landuse": "residential", "water": null, "residential": null, "industrial": null, "resource": null, "trees": null, "produce": null, "natural": null, "name": null, "boundary": null, "type": null }, "geometry": { "type": "MultiPolygon", "coordinates": [ [ [ [ 92.3084202, 26.2726401 ], [ 92.3092105, 26.272713 ], [ 92.3092214, 26.2719626 ], [ 92.3103814, 26.2719723 ], [ 92.3103691, 26.2713365 ], [ 92.3121539, 26.2713686 ], [ 92.3121722, 26.270906 ], [ 92.3129768, 26.2709282 ], [ 92.312959, 26.2717684 ], [ 92.3137235, 26.2717879 ], [ 92.3137235, 26.2732982 ], [ 92.3130093, 26.2733109 ], [ 92.3123654, 26.2733255 ], [ 92.3123556, 26.2736696 ], [ 92.3107164, 26.2736842 ], [ 92.3106871, 26.2745883 ], [ 92.3082511, 26.2745649 ], [ 92.3081807, 26.2760873 ], [ 92.3066007, 26.2760698 ], [ 92.3066543, 26.2750235 ], [ 92.30536, 26.274986 ], [ 92.3053534, 26.2743803 ], [ 92.3053797, 26.2725787 ], [ 92.3075551, 26.2726226 ], [ 92.3084202, 26.2726401 ] ] ] ] } },
{ "type": "Feature", "properties": { "full_id": "w1300459144", "osm_id": "1300459144", "osm_type": "way", "landuse": "residential", "water": null, "residential": null, "industrial": null, "resource": null, "trees": null, "produce": null, "natural": null, "name": null, "boundary": null, "type": null }, "geometry": { "type": "MultiPolygon", "coordinates": [ [ [ [ 92.30957, 26.2676593 ], [ 92.3095905, 26.264915 ], [ 92.3101905, 26.263934 ], [ 92.314637, 26.2639313 ], [ 92.3157495, 26.2633235 ], [ 92.3185024, 26.263344 ], [ 92.3190243, 26.263849 ], [ 92.3190003, 26.2666028 ], [ 92.3182831, 26.2665207 ], [ 92.3173551, 26.2671852 ], [ 92.3147789, 26.268335 ], [ 92.3138563, 26.2681747 ], [ 92.3117471, 26.2677875 ], [ 92.30957, 26.2676593 ] ] ] ] } },
{ "type": "Feature", "properties": { "full_id": "w1300528704", "osm_id": "1300528704", "osm_type": "way", "landuse": "farmland", "water": null, "residential": null, "industrial": null, "resource": null, "trees": null, "produce": null, "natural": null, "name": null, "boundary": null, "type": null }, "geometry": { "type": "MultiPolygon", "coordinates": [ [ [ [ 92.2701106, 26.2897741 ], [ 92.2706256, 26.2898185 ], [ 92.2706522, 26.2894455 ], [ 92.2701505, 26.2894167 ], [ 92.2701106, 26.2897741 ] ] ] ] } },
{ "type": "Feature", "properties": { "full_id": "w1300529021", "osm_id": "1300529021", "osm_type": "way", "landuse": "farmland", "water": null, "residential": null, "industrial": null, "resource": null, "trees": null, "produce": null, "natural": null, "name": null, "boundary": null, "type": null }, "geometry": { "type": "MultiPolygon", "coordinates": [ [ [ [ 92.2700801, 26.2901989 ], [ 92.2706539, 26.2902321 ], [ 92.2706845, 26.2898073 ], [ 92.2701106, 26.2897741 ], [ 92.270105, 26.2898519 ], [ 92.2700801, 26.2901989 ] ] ] ] } },
{ "type": "Feature", "properties": { "full_id": "w1300529120", "osm_id": "1300529120", "osm_type": "way", "landuse": "farmland", "water": null, "residential": null, "industrial": null, "resource": null, "trees": null, "produce": null, "natural": null, "name": null, "boundary": null, "type": null }, "geometry": { "type": "MultiPolygon", "coordinates": [ [ [ [ 92.271339, 26.2894578 ], [ 92.2707169, 26.289438 ], [ 92.270704, 26.2897628 ], [ 92.2713262, 26.2897825 ], [ 92.271339, 26.2894578 ] ] ] ] } },
{ "type": "Feature", "properties": { "full_id": "w1300529409", "osm_id": "1300529409", "osm_type": "way", "landuse": "farmland", "water": null, "residential": null, "industrial": null, "resource": null, "trees": null, "produce": null, "natural": null, "name": null, "boundary": null, "type": null }, "geometry": { "type": "MultiPolygon", "coordinates": [ [ [ [ 92.2713335, 26.2903473 ], [ 92.2707138, 26.2903809 ], [ 92.2707219, 26.2898374 ], [ 92.2713335, 26.2898567 ], [ 92.2713335, 26.2903473 ] ] ] ] } },
{ "type": "Feature", "properties": { "full_id": "w1300529704", "osm_id": "1300529704", "osm_type": "way", "landuse": "farmland", "water": null, "residential": null, "industrial": null, "resource": null, "trees": null, "produce": null, "natural": null, "name": null, "boundary": null, "type": null }, "geometry": { "type": "MultiPolygon", "coordinates": [ [ [ [ 92.2713702, 26.2894524 ], [ 92.2713817, 26.289746 ], [ 92.2718935, 26.2897299 ], [ 92.271882, 26.2894362 ], [ 92.2713702, 26.2894524 ] ] ] ] } },
{ "type": "Feature", "properties": { "full_id": "w1300529892", "osm_id": "1300529892", "osm_type": "way", "landuse": "farmland", "water": null, "residential": null, "industrial": null, "resource": null, "trees": null, "produce": null, "natural": null, "name": null, "boundary": null, "type": null }, "geometry": { "type": "MultiPolygon", "coordinates": [ [ [ [ 92.272604, 26.2893926 ], [ 92.2726, 26.2890975 ], [ 92.2713721, 26.2891106 ], [ 92.271376, 26.2894059 ], [ 92.272604, 26.2893926 ] ] ] ] } },
{ "type": "Feature", "properties": { "full_id": "w1300530274", "osm_id": "1300530274", "osm_type": "way", "landuse": "farmland", "water": null, "residential": null, "industrial": null, "resource": null, "trees": null, "produce": null, "natural": null, "name": null, "boundary": null, "type": null }, "geometry": { "type": "MultiPolygon", "coordinates": [ [ [ [ 92.2715626, 26.2901517 ], [ 92.2719885, 26.2901027 ], [ 92.2719336, 26.2897184 ], [ 92.2715076, 26.2897674 ], [ 92.2715626, 26.2901517 ] ] ] ] } },
{ "type": "Feature", "properties": { "full_id": "w1300530359", "osm_id": "1300530359", "osm_type": "way", "landuse": "farmland", "water": null, "residential": null, "industrial": null, "resource": null, "trees": null, "produce": null, "natural": null, "name": null, "boundary": null, "type": null }, "geometry": { "type": "MultiPolygon", "coordinates": [ [ [ [ 92.2723255, 26.2899077 ], [ 92.2726774, 26.2898618 ], [ 92.2726054, 26.2894176 ], [ 92.2722534, 26.2894636 ], [ 92.2723255, 26.2899077 ] ] ] ] } },
{ "type": "Feature", "properties": { "full_id": "w1300530553", "osm_id": "1300530553", "osm_type": "way", "landuse": "farmland", "water": null, "residential": null, "industrial": null, "resource": null, "trees": null, "produce": null, "natural": null, "name": null, "boundary": null, "type": null }, "geometry": { "type": "MultiPolygon", "coordinates": [ [ [ [ 92.270332, 26.2889515 ], [ 92.2708413, 26.2889416 ], [ 92.2708336, 26.2886217 ], [ 92.2703242, 26.2886316 ], [ 92.270332, 26.2889515 ] ] ] ] } },
{ "type": "Feature", "properties": { "full_id": "w1300531474", "osm_id": "1300531474", "osm_type": "way", "landuse": "commercial", "water": null, "residential": null, "industrial": null, "resource": null, "trees": null, "produce": null, "natural": null, "name": null, "boundary": null, "type": null }, "geometry": { "type": "MultiPolygon", "coordinates": [ [ [ [ 92.2706646, 26.2893839 ], [ 92.2710051, 26.2893911 ], [ 92.2710133, 26.2890761 ], [ 92.2706727, 26.289069 ], [ 92.2706646, 26.2893839 ] ] ] ] } },
{ "type": "Feature", "properties": { "full_id": "w1300531592", "osm_id": "1300531592", "osm_type": "way", "landuse": "commercial", "water": null, "residential": null, "industrial": null, "resource": null, "trees": null, "produce": null, "natural": null, "name": null, "boundary": null, "type": null }, "geometry": { "type": "MultiPolygon", "coordinates": [ [ [ [ 92.270892, 26.2884011 ], [ 92.27134, 26.2883671 ], [ 92.2713718, 26.2887052 ], [ 92.2709238, 26.2887391 ], [ 92.270892, 26.2884011 ] ] ] ] } },
{ "type": "Feature", "properties": { "full_id": "w1300531759", "osm_id": "1300531759", "osm_type": "way", "landuse": "farmland", "water": null, "residential": null, "industrial": null, "resource": null, "trees": null, "produce": null, "natural": null, "name": null, "boundary": null, "type": null }, "geometry": { "type": "MultiPolygon", "coordinates": [ [ [ [ 92.2710345, 26.289199 ], [ 92.2713321, 26.2891964 ], [ 92.2713297, 26.2889729 ], [ 92.271032, 26.2889756 ], [ 92.2710345, 26.289199 ] ] ] ] } },
{ "type": "Feature", "properties": { "full_id": "w1300532017", "osm_id": "1300532017", "osm_type": "way", "landuse": "farmland", "water": null, "residential": null, "industrial": null, "resource": null, "trees": null, "produce": null, "natural": null, "name": null, "boundary": null, "type": null }, "geometry": { "type": "MultiPolygon", "coordinates": [ [ [ [ 92.2713389, 26.2883329 ], [ 92.270864, 26.2883504 ], [ 92.2708513, 26.288074 ], [ 92.2713262, 26.2880565 ], [ 92.2713389, 26.2883329 ] ] ] ] } },
{ "type": "Feature", "properties": { "full_id": "w1300845629", "osm_id": "1300845629", "osm_type": "way", "landuse": "commercial", "water": null, "residential": null, "industrial": null, "resource": null, "trees": null, "produce": null, "natural": null, "name": null, "boundary": null, "type": null }, "geometry": { "type": "MultiPolygon", "coordinates": [ [ [ [ 92.3003379, 26.2686609 ], [ 92.3003238, 26.2682291 ], [ 92.3008949, 26.2682141 ], [ 92.300909, 26.2686459 ], [ 92.3003379, 26.2686609 ] ] ] ] } },
{ "type": "Feature", "properties": { "full_id": "w1300846798", "osm_id": "1300846798", "osm_type": "way", "landuse": "commercial", "water": null, "residential": null, "industrial": null, "resource": null, "trees": null, "produce": null, "natural": null, "name": null, "boundary": null, "type": null }, "geometry": { "type": "MultiPolygon", "coordinates": [ [ [ [ 92.2998378, 26.2675469 ], [ 92.2998262, 26.2673636 ], [ 92.3004292, 26.2673331 ], [ 92.3004407, 26.2675163 ], [ 92.2998378, 26.2675469 ] ] ] ] } },
{ "type": "Feature", "properties": { "full_id": "w1300847066", "osm_id": "1300847066", "osm_type": "way", "landuse": "commercial", "water": null, "residential": null, "industrial": null, "resource": null, "trees": null, "produce": null, "natural": null, "name": null, "boundary": null, "type": null }, "geometry": { "type": "MultiPolygon", "coordinates": [ [ [ [ 92.3004299, 26.2673142 ], [ 92.2997901, 26.2673334 ], [ 92.2997806, 26.2670761 ], [ 92.3004204, 26.2670571 ], [ 92.3004299, 26.2673142 ] ] ] ] } },
{ "type": "Feature", "properties": { "full_id": "w1300847888", "osm_id": "1300847888", "osm_type": "way", "landuse": "commercial", "water": null, "residential": null, "industrial": null, "resource": null, "trees": null, "produce": null, "natural": null, "name": null, "boundary": null, "type": null }, "geometry": { "type": "MultiPolygon", "coordinates": [ [ [ [ 92.3009615, 26.2669855 ], [ 92.3009798, 26.2674895 ], [ 92.3004736, 26.2675043 ], [ 92.3004553, 26.2670004 ], [ 92.3009615, 26.2669855 ] ] ] ] } },
{ "type": "Feature", "properties": { "full_id": "w1300850286", "osm_id": "1300850286", "osm_type": "way", "landuse": "commercial", "water": null, "residential": null, "industrial": null, "resource": null, "trees": null, "produce": null, "natural": null, "name": null, "boundary": null, "type": null }, "geometry": { "type": "MultiPolygon", "coordinates": [ [ [ [ 92.3016708, 26.2682794 ], [ 92.3019778, 26.2682811 ], [ 92.3019814, 26.2677534 ], [ 92.3016742, 26.2677518 ], [ 92.3016708, 26.2682794 ] ] ] ] } },
{ "type": "Feature", "properties": { "full_id": "w1300850461", "osm_id": "1300850461", "osm_type": "way", "landuse": "farmland", "water": null, "residential": null, "industrial": null, "resource": null, "trees": null, "produce": null, "natural": null, "name": null, "boundary": null, "type": null }, "geometry": { "type": "MultiPolygon", "coordinates": [ [ [ [ 92.2998204, 26.2688121 ], [ 92.3003221, 26.2688003 ], [ 92.3003071, 26.2682894 ], [ 92.2998055, 26.2683012 ], [ 92.2998204, 26.2688121 ] ] ] ] } },
{ "type": "Feature", "properties": { "full_id": "w1300979305", "osm_id": "1300979305", "osm_type": "way", "landuse": "residential", "water": null, "residential": null, "industrial": null, "resource": null, "trees": null, "produce": null, "natural": null, "name": null, "boundary": null, "type": null }, "geometry": { "type": "MultiPolygon", "coordinates": [ [ [ [ 92.2630013, 26.322308 ], [ 92.2644107, 26.3220769 ], [ 92.2658253, 26.3216187 ], [ 92.2657817, 26.3215925 ], [ 92.2654624, 26.3214014 ], [ 92.2652605, 26.3212929 ], [ 92.265161, 26.3212394 ], [ 92.264669, 26.3212268 ], [ 92.2646549, 26.3203798 ], [ 92.2644815, 26.3196945 ], [ 92.2647469, 26.3195454 ], [ 92.2646018, 26.3190981 ], [ 92.2651327, 26.3181813 ], [ 92.2649593, 26.3174295 ], [ 92.2631614, 26.3177023 ], [ 92.2626814, 26.3190393 ], [ 92.262422, 26.3199947 ], [ 92.2630013, 26.322308 ] ] ] ] } },
{ "type": "Feature", "properties": { "full_id": "w1300979311", "osm_id": "1300979311", "osm_type": "way", "landuse": "residential", "water": null, "residential": null, "industrial": null, "resource": null, "trees": null, "produce": null, "natural": null, "name": null, "boundary": null, "type": null }, "geometry": { "type": "MultiPolygon", "coordinates": [ [ [ [ 92.2663047, 26.3229218 ], [ 92.2632148, 26.3229458 ], [ 92.263188, 26.3222967 ], [ 92.265205, 26.3218592 ], [ 92.2654893, 26.3226333 ], [ 92.2662779, 26.3226814 ], [ 92.2663047, 26.3229218 ] ] ] ] } },
{ "type": "Feature", "properties": { "full_id": "w1300979395", "osm_id": "1300979395", "osm_type": "way", "landuse": "residential", "water": null, "residential": null, "industrial": null, "resource": null, "trees": null, "produce": null, "natural": null, "name": null, "boundary": null, "type": null }, "geometry": { "type": "MultiPolygon", "coordinates": [ [ [ [ 92.2657817, 26.3215925 ], [ 92.268389, 26.320739 ], [ 92.2692423, 26.3204632 ], [ 92.2698613, 26.3202632 ], [ 92.2712699, 26.3197746 ], [ 92.2740447, 26.3188166 ], [ 92.2751416, 26.3184775 ], [ 92.27478, 26.3178189 ], [ 92.2729829, 26.318271 ], [ 92.2707178, 26.3190514 ], [ 92.2698755, 26.319394 ], [ 92.2683182, 26.3196922 ], [ 92.2678157, 26.3189118 ], [ 92.2666761, 26.3190958 ], [ 92.2663363, 26.3202822 ], [ 92.2659116, 26.3205423 ], [ 92.2657559, 26.3209484 ], [ 92.2652605, 26.3212929 ], [ 92.2654624, 26.3214014 ], [ 92.2657817, 26.3215925 ] ] ] ] } },
{ "type": "Feature", "properties": { "full_id": "w1300979396", "osm_id": "1300979396", "osm_type": "way", "landuse": "residential", "water": null, "residential": null, "industrial": null, "resource": null, "trees": null, "produce": null, "natural": null, "name": null, "boundary": null, "type": null }, "geometry": { "type": "MultiPolygon", "coordinates": [ [ [ [ 92.2651347, 26.3218484 ], [ 92.2652627, 26.3222344 ], [ 92.2654893, 26.3226333 ], [ 92.2671017, 26.3220597 ], [ 92.2671577, 26.3218588 ], [ 92.267933, 26.3216077 ], [ 92.268456, 26.3214319 ], [ 92.2689137, 26.3213146 ], [ 92.2689724, 26.3214621 ], [ 92.2689956, 26.3216478 ], [ 92.2690966, 26.3219254 ], [ 92.2687736, 26.3221518 ], [ 92.2688109, 26.3229136 ], [ 92.2709486, 26.3229448 ], [ 92.2703773, 26.3201496 ], [ 92.2692423, 26.3204632 ], [ 92.2667054, 26.3213347 ], [ 92.2651347, 26.3218484 ] ] ] ] } },
{ "type": "Feature", "properties": { "full_id": "w1300979397", "osm_id": "1300979397", "osm_type": "way", "landuse": "residential", "water": null, "residential": null, "industrial": null, "resource": null, "trees": null, "produce": null, "natural": null, "name": null, "boundary": null, "type": null }, "geometry": { "type": "MultiPolygon", "coordinates": [ [ [ [ 92.2710152, 26.3228969 ], [ 92.2723975, 26.3229387 ], [ 92.2717904, 26.3219258 ], [ 92.2713047, 26.3217918 ], [ 92.2709871, 26.3204273 ], [ 92.274144, 26.3192803 ], [ 92.2741433, 26.3188317 ], [ 92.2703773, 26.3201496 ], [ 92.2707797, 26.3216458 ], [ 92.2710152, 26.3228969 ] ] ] ] } },
{ "type": "Feature", "properties": { "full_id": "w1301398032", "osm_id": "1301398032", "osm_type": "way", "landuse": "residential", "water": null, "residential": null, "industrial": null, "resource": null, "trees": null, "produce": null, "natural": null, "name": null, "boundary": null, "type": null }, "geometry": { "type": "MultiPolygon", "coordinates": [ [ [ [ 92.5015992, 26.2695311 ], [ 92.5017147, 26.2695252 ], [ 92.5017065, 26.2693809 ], [ 92.5015911, 26.2693794 ], [ 92.5015992, 26.2695311 ] ] ] ] } },
{ "type": "Feature", "properties": { "full_id": "w1301398033", "osm_id": "1301398033", "osm_type": "way", "landuse": "residential", "water": null, "residential": null, "industrial": null, "resource": null, "trees": null, "produce": null, "natural": null, "name": null, "boundary": null, "type": null }, "geometry": { "type": "MultiPolygon", "coordinates": [ [ [ [ 92.500918, 26.2690286 ], [ 92.500996, 26.2690257 ], [ 92.5009895, 26.2689265 ], [ 92.5009017, 26.2689294 ], [ 92.500918, 26.2690286 ] ] ] ] } },
{ "type": "Feature", "properties": { "full_id": "w1301398034", "osm_id": "1301398034", "osm_type": "way", "landuse": "residential", "water": null, "residential": null, "industrial": null, "resource": null, "trees": null, "produce": null, "natural": null, "name": null, "boundary": null, "type": null }, "geometry": { "type": "MultiPolygon", "coordinates": [ [ [ [ 92.5003946, 26.2692277 ], [ 92.5005277, 26.2692167 ], [ 92.5004982, 26.2691017 ], [ 92.5003774, 26.2691106 ], [ 92.5003946, 26.2692277 ] ] ] ] } },
{ "type": "Feature", "properties": { "full_id": "w1301398035", "osm_id": "1301398035", "osm_type": "way", "landuse": "residential", "water": null, "residential": null, "industrial": null, "resource": null, "trees": null, "produce": null, "natural": null, "name": null, "boundary": null, "type": null }, "geometry": { "type": "MultiPolygon", "coordinates": [ [ [ [ 92.5004587, 26.2689956 ], [ 92.5004932, 26.269084 ], [ 92.5003774, 26.2690929 ], [ 92.5003355, 26.2690089 ], [ 92.5004587, 26.2689956 ] ] ] ] } },
{ "type": "Feature", "properties": { "full_id": "w1301398036", "osm_id": "1301398036", "osm_type": "way", "landuse": "residential", "water": null, "residential": null, "industrial": null, "resource": null, "trees": null, "produce": null, "natural": null, "name": null, "boundary": null, "type": null }, "geometry": { "type": "MultiPolygon", "coordinates": [ [ [ [ 92.5001654, 26.2690089 ], [ 92.500264, 26.2689978 ], [ 92.5002394, 26.2688895 ], [ 92.5001482, 26.2689139 ], [ 92.5001654, 26.2690089 ] ] ] ] } },
{ "type": "Feature", "properties": { "full_id": "w1301398037", "osm_id": "1301398037", "osm_type": "way", "landuse": "residential", "water": null, "residential": null, "industrial": null, "resource": null, "trees": null, "produce": null, "natural": null, "name": null, "boundary": null, "type": null }, "geometry": { "type": "MultiPolygon", "coordinates": [ [ [ [ 92.5009396, 26.2697519 ], [ 92.5010154, 26.269753 ], [ 92.5010191, 26.2696199 ], [ 92.5008965, 26.2696116 ], [ 92.5008922, 26.2696707 ], [ 92.500939, 26.2696734 ], [ 92.5009396, 26.2697519 ] ] ] ] } },
{ "type": "Feature", "properties": { "full_id": "w1301398038", "osm_id": "1301398038", "osm_type": "way", "landuse": "residential", "water": null, "residential": null, "industrial": null, "resource": null, "trees": null, "produce": null, "natural": null, "name": null, "boundary": null, "type": null }, "geometry": { "type": "MultiPolygon", "coordinates": [ [ [ [ 92.5017849, 26.269616 ], [ 92.5018748, 26.269616 ], [ 92.5018736, 26.2695734 ], [ 92.5018551, 26.2695767 ], [ 92.501857, 26.2695458 ], [ 92.5017935, 26.2695353 ], [ 92.5017849, 26.269616 ] ] ] ] } },
{ "type": "Feature", "properties": { "full_id": "w1301398039", "osm_id": "1301398039", "osm_type": "way", "landuse": "residential", "water": null, "residential": null, "industrial": null, "resource": null, "trees": null, "produce": null, "natural": null, "name": null, "boundary": null, "type": null }, "geometry": { "type": "MultiPolygon", "coordinates": [ [ [ [ 92.4989916, 26.2693587 ], [ 92.4991477, 26.2693456 ], [ 92.4991363, 26.2692479 ], [ 92.4989688, 26.2692639 ], [ 92.4989916, 26.2693587 ] ] ] ] } },
{ "type": "Feature", "properties": { "full_id": "w1301398040", "osm_id": "1301398040", "osm_type": "way", "landuse": "residential", "water": null, "residential": null, "industrial": null, "resource": null, "trees": null, "produce": null, "natural": null, "name": null, "boundary": null, "type": null }, "geometry": { "type": "MultiPolygon", "coordinates": [ [ [ [ 92.4987704, 26.2693018 ], [ 92.4989005, 26.2692872 ], [ 92.4988745, 26.2691939 ], [ 92.498733, 26.2692012 ], [ 92.4987704, 26.2693018 ] ] ] ] } },
{ "type": "Feature", "properties": { "full_id": "w1301398041", "osm_id": "1301398041", "osm_type": "way", "landuse": "residential", "water": null, "residential": null, "industrial": null, "resource": null, "trees": null, "produce": null, "natural": null, "name": null, "boundary": null, "type": null }, "geometry": { "type": "MultiPolygon", "coordinates": [ [ [ [ 92.4994541, 26.2696449 ], [ 92.499536, 26.2696382 ], [ 92.4995225, 26.2695659 ], [ 92.4994547, 26.2695581 ], [ 92.4994541, 26.2696449 ] ] ] ] } },
{ "type": "Feature", "properties": { "full_id": "w1301398042", "osm_id": "1301398042", "osm_type": "way", "landuse": "residential", "water": null, "residential": null, "industrial": null, "resource": null, "trees": null, "produce": null, "natural": null, "name": null, "boundary": null, "type": null }, "geometry": { "type": "MultiPolygon", "coordinates": [ [ [ [ 92.4994781, 26.2697222 ], [ 92.4995447, 26.26972 ], [ 92.4995428, 26.2696526 ], [ 92.4994738, 26.2696515 ], [ 92.4994781, 26.2697222 ] ] ] ] } },
{ "type": "Feature", "properties": { "full_id": "w1301398043", "osm_id": "1301398043", "osm_type": "way", "landuse": "residential", "water": null, "residential": null, "industrial": null, "resource": null, "trees": null, "produce": null, "natural": null, "name": null, "boundary": null, "type": null }, "geometry": { "type": "MultiPolygon", "coordinates": [ [ [ [ 92.5001441, 26.2695654 ], [ 92.5002099, 26.2695625 ], [ 92.5002002, 26.2694888 ], [ 92.5001384, 26.2694881 ], [ 92.5001441, 26.2695654 ] ] ] ] } },
{ "type": "Feature", "properties": { "full_id": "w1301398044", "osm_id": "1301398044", "osm_type": "way", "landuse": "residential", "water": null, "residential": null, "industrial": null, "resource": null, "trees": null, "produce": null, "natural": null, "name": null, "boundary": null, "type": null }, "geometry": { "type": "MultiPolygon", "coordinates": [ [ [ [ 92.5001071, 26.2692745 ], [ 92.5001758, 26.2692658 ], [ 92.5001393, 26.2691004 ], [ 92.5000803, 26.2690994 ], [ 92.5001071, 26.2692745 ] ] ] ] } },
{ "type": "Feature", "properties": { "full_id": "w1301398045", "osm_id": "1301398045", "osm_type": "way", "landuse": "residential", "water": null, "residential": null, "industrial": null, "resource": null, "trees": null, "produce": null, "natural": null, "name": null, "boundary": null, "type": null }, "geometry": { "type": "MultiPolygon", "coordinates": [ [ [ [ 92.4994868, 26.2694018 ], [ 92.4995654, 26.2693954 ], [ 92.4995548, 26.2692653 ], [ 92.4994861, 26.2692564 ], [ 92.4994868, 26.2694018 ] ] ] ] } },
{ "type": "Feature", "properties": { "full_id": "w1301398046", "osm_id": "1301398046", "osm_type": "way", "landuse": "residential", "water": null, "residential": null, "industrial": null, "resource": null, "trees": null, "produce": null, "natural": null, "name": null, "boundary": null, "type": null }, "geometry": { "type": "MultiPolygon", "coordinates": [ [ [ [ 92.4995633, 26.2691828 ], [ 92.4996376, 26.2691784 ], [ 92.4996234, 26.2690692 ], [ 92.4995569, 26.2690724 ], [ 92.4995633, 26.2691828 ] ] ] ] } },
{ "type": "Feature", "properties": { "full_id": "w1301398047", "osm_id": "1301398047", "osm_type": "way", "landuse": "residential", "water": null, "residential": null, "industrial": null, "resource": null, "trees": null, "produce": null, "natural": null, "name": null, "boundary": null, "type": null }, "geometry": { "type": "MultiPolygon", "coordinates": [ [ [ [ 92.4994486, 26.2691085 ], [ 92.4995456, 26.2691155 ], [ 92.4995449, 26.2690717 ], [ 92.4994529, 26.2690489 ], [ 92.4994486, 26.2691085 ] ] ] ] } },
{ "type": "Feature", "properties": { "full_id": "w1301398048", "osm_id": "1301398048", "osm_type": "way", "landuse": "residential", "water": null, "residential": null, "industrial": null, "resource": null, "trees": null, "produce": null, "natural": null, "name": null, "boundary": null, "type": null }, "geometry": { "type": "MultiPolygon", "coordinates": [ [ [ [ 92.4994437, 26.2689327 ], [ 92.4995194, 26.2689327 ], [ 92.4995109, 26.2688375 ], [ 92.4994401, 26.2688426 ], [ 92.4994437, 26.2689327 ] ] ] ] } },
{ "type": "Feature", "properties": { "full_id": "w1301398049", "osm_id": "1301398049", "osm_type": "way", "landuse": "residential", "water": null, "residential": null, "industrial": null, "resource": null, "trees": null, "produce": null, "natural": null, "name": null, "boundary": null, "type": null }, "geometry": { "type": "MultiPolygon", "coordinates": [ [ [ [ 92.5007553, 26.2687724 ], [ 92.5008385, 26.2687652 ], [ 92.5008281, 26.2687089 ], [ 92.5007486, 26.2687033 ], [ 92.5007553, 26.2687724 ] ] ] ] } },
{ "type": "Feature", "properties": { "full_id": "w1301398050", "osm_id": "1301398050", "osm_type": "way", "landuse": "residential", "water": null, "residential": null, "industrial": null, "resource": null, "trees": null, "produce": null, "natural": null, "name": null, "boundary": null, "type": null }, "geometry": { "type": "MultiPolygon", "coordinates": [ [ [ [ 92.5007448, 26.2692312 ], [ 92.5007878, 26.2692308 ], [ 92.5007784, 26.2691525 ], [ 92.5007275, 26.2691504 ], [ 92.5007448, 26.2692312 ] ] ] ] } },
{ "type": "Feature", "properties": { "full_id": "w1301398051", "osm_id": "1301398051", "osm_type": "way", "landuse": "residential", "water": null, "residential": null, "industrial": null, "resource": null, "trees": null, "produce": null, "natural": null, "name": null, "boundary": null, "type": null }, "geometry": { "type": "MultiPolygon", "coordinates": [ [ [ [ 92.5007929, 26.2692272 ], [ 92.5008787, 26.269219 ], [ 92.5008669, 26.2691541 ], [ 92.5007838, 26.269157 ], [ 92.5007929, 26.2692272 ] ] ] ] } },
{ "type": "Feature", "properties": { "full_id": "w1301398052", "osm_id": "1301398052", "osm_type": "way", "landuse": "residential", "water": null, "residential": null, "industrial": null, "resource": null, "trees": null, "produce": null, "natural": null, "name": null, "boundary": null, "type": null }, "geometry": { "type": "MultiPolygon", "coordinates": [ [ [ [ 92.5001525, 26.2663105 ], [ 92.5002662, 26.2663076 ], [ 92.5002501, 26.266196 ], [ 92.5001439, 26.2661931 ], [ 92.5001525, 26.2663105 ] ] ] ] } },
{ "type": "Feature", "properties": { "full_id": "w1301398053", "osm_id": "1301398053", "osm_type": "way", "landuse": "residential", "water": null, "residential": null, "industrial": null, "resource": null, "trees": null, "produce": null, "natural": null, "name": null, "boundary": null, "type": null }, "geometry": { "type": "MultiPolygon", "coordinates": [ [ [ [ 92.5000785, 26.2663191 ], [ 92.5001385, 26.2663115 ], [ 92.5001332, 26.2662556 ], [ 92.5000742, 26.2662489 ], [ 92.5000785, 26.2663191 ] ] ] ] } },
{ "type": "Feature", "properties": { "full_id": "w1301398054", "osm_id": "1301398054", "osm_type": "way", "landuse": "residential", "water": null, "residential": null, "industrial": null, "resource": null, "trees": null, "produce": null, "natural": null, "name": null, "boundary": null, "type": null }, "geometry": { "type": "MultiPolygon", "coordinates": [ [ [ [ 92.5000077, 26.2662162 ], [ 92.5000667, 26.2662104 ], [ 92.5000549, 26.2661556 ], [ 92.5000001, 26.2661537 ], [ 92.5000077, 26.2662162 ] ] ] ] } },
{ "type": "Feature", "properties": { "full_id": "w1301398055", "osm_id": "1301398055", "osm_type": "way", "landuse": "residential", "water": null, "residential": null, "industrial": null, "resource": null, "trees": null, "produce": null, "natural": null, "name": null, "boundary": null, "type": null }, "geometry": { "type": "MultiPolygon", "coordinates": [ [ [ [ 92.5001525, 26.2661642 ], [ 92.5002373, 26.2661623 ], [ 92.5002265, 26.2661219 ], [ 92.5001504, 26.2661171 ], [ 92.5001525, 26.2661642 ] ] ] ] } },
{ "type": "Feature", "properties": { "full_id": "w1301398056", "osm_id": "1301398056", "osm_type": "way", "landuse": "residential", "water": null, "residential": null, "industrial": null, "resource": null, "trees": null, "produce": null, "natural": null, "name": null, "boundary": null, "type": null }, "geometry": { "type": "MultiPolygon", "coordinates": [ [ [ [ 92.5009531, 26.2651746 ], [ 92.5011527, 26.2652064 ], [ 92.5011626, 26.265134 ], [ 92.5009616, 26.2650921 ], [ 92.5009531, 26.2651746 ] ] ] ] } },
{ "type": "Feature", "properties": { "full_id": "w1301398057", "osm_id": "1301398057", "osm_type": "way", "landuse": "residential", "water": null, "residential": null, "industrial": null, "resource": null, "trees": null, "produce": null, "natural": null, "name": null, "boundary": null, "type": null }, "geometry": { "type": "MultiPolygon", "coordinates": [ [ [ [ 92.5005213, 26.2651238 ], [ 92.500643, 26.2651391 ], [ 92.5006388, 26.2650515 ], [ 92.5005255, 26.2650274 ], [ 92.5005213, 26.2651238 ] ] ] ] } },
{ "type": "Feature", "properties": { "full_id": "w1301398058", "osm_id": "1301398058", "osm_type": "way", "landuse": "residential", "water": null, "residential": null, "industrial": null, "resource": null, "trees": null, "produce": null, "natural": null, "name": null, "boundary": null, "type": null }, "geometry": { "type": "MultiPolygon", "coordinates": [ [ [ [ 92.5029118, 26.2643737 ], [ 92.5029687, 26.264268 ], [ 92.502911, 26.2642505 ], [ 92.5028573, 26.2643526 ], [ 92.5029118, 26.2643737 ] ] ] ] } },
{ "type": "Feature", "properties": { "full_id": "w1301398059", "osm_id": "1301398059", "osm_type": "way", "landuse": "residential", "water": null, "residential": null, "industrial": null, "resource": null, "trees": null, "produce": null, "natural": null, "name": null, "boundary": null, "type": null }, "geometry": { "type": "MultiPolygon", "coordinates": [ [ [ [ 92.5020351, 26.2650514 ], [ 92.5020737, 26.2650716 ], [ 92.5021123, 26.265012 ], [ 92.5020673, 26.2649908 ], [ 92.5020351, 26.2650514 ] ] ] ] } },
{ "type": "Feature", "properties": { "full_id": "w1301398060", "osm_id": "1301398060", "osm_type": "way", "landuse": "residential", "water": null, "residential": null, "industrial": null, "resource": null, "trees": null, "produce": null, "natural": null, "name": null, "boundary": null, "type": null }, "geometry": { "type": "MultiPolygon", "coordinates": [ [ [ [ 92.5023473, 26.2652102 ], [ 92.5023859, 26.2651342 ], [ 92.5022733, 26.2651024 ], [ 92.5022432, 26.2651775 ], [ 92.5023473, 26.2652102 ] ] ] ] } },
{ "type": "Feature", "properties": { "full_id": "w1301398061", "osm_id": "1301398061", "osm_type": "way", "landuse": "residential", "water": null, "residential": null, "industrial": null, "resource": null, "trees": null, "produce": null, "natural": null, "name": null, "boundary": null, "type": null }, "geometry": { "type": "MultiPolygon", "coordinates": [ [ [ [ 92.4998737, 26.2700588 ], [ 92.500028, 26.2700195 ], [ 92.4999997, 26.2699395 ], [ 92.4998454, 26.2699839 ], [ 92.4998737, 26.2700588 ] ] ] ] } },
{ "type": "Feature", "properties": { "full_id": "w1301398062", "osm_id": "1301398062", "osm_type": "way", "landuse": "residential", "water": null, "residential": null, "industrial": null, "resource": null, "trees": null, "produce": null, "natural": null, "name": null, "boundary": null, "type": null }, "geometry": { "type": "MultiPolygon", "coordinates": [ [ [ [ 92.4996556, 26.2698571 ], [ 92.4997489, 26.2698408 ], [ 92.499736, 26.2697811 ], [ 92.4996448, 26.2697907 ], [ 92.4996556, 26.2698571 ] ] ] ] } },
{ "type": "Feature", "properties": { "full_id": "w1301398063", "osm_id": "1301398063", "osm_type": "way", "landuse": "residential", "water": null, "residential": null, "industrial": null, "resource": null, "trees": null, "produce": null, "natural": null, "name": null, "boundary": null, "type": null }, "geometry": { "type": "MultiPolygon", "coordinates": [ [ [ [ 92.4996048, 26.2702222 ], [ 92.4996832, 26.2702205 ], [ 92.499672, 26.2701267 ], [ 92.4995954, 26.27013 ], [ 92.4996048, 26.2702222 ] ] ] ] } },
{ "type": "Feature", "properties": { "full_id": "w1301398064", "osm_id": "1301398064", "osm_type": "way", "landuse": "residential", "water": null, "residential": null, "industrial": null, "resource": null, "trees": null, "produce": null, "natural": null, "name": null, "boundary": null, "type": null }, "geometry": { "type": "MultiPolygon", "coordinates": [ [ [ [ 92.4995114, 26.2704081 ], [ 92.4996197, 26.2704114 ], [ 92.499616, 26.270316 ], [ 92.499517, 26.2703126 ], [ 92.4995114, 26.2704081 ] ] ] ] } },
{ "type": "Feature", "properties": { "full_id": "w1301398065", "osm_id": "1301398065", "osm_type": "way", "landuse": "residential", "water": null, "residential": null, "industrial": null, "resource": null, "trees": null, "produce": null, "natural": null, "name": null, "boundary": null, "type": null }, "geometry": { "type": "MultiPolygon", "coordinates": [ [ [ [ 92.5003248, 26.2708122 ], [ 92.5003882, 26.2708093 ], [ 92.5003915, 26.270767 ], [ 92.5003329, 26.2707612 ], [ 92.5003248, 26.2708122 ] ] ] ] } },
{ "type": "Feature", "properties": { "full_id": "w1301398066", "osm_id": "1301398066", "osm_type": "way", "landuse": "residential", "water": null, "residential": null, "industrial": null, "resource": null, "trees": null, "produce": null, "natural": null, "name": null, "boundary": null, "type": null }, "geometry": { "type": "MultiPolygon", "coordinates": [ [ [ [ 92.5006873, 26.2707105 ], [ 92.5007602, 26.2707121 ], [ 92.5007602, 26.2706217 ], [ 92.500691, 26.2706116 ], [ 92.5006873, 26.2707105 ] ] ] ] } },
{ "type": "Feature", "properties": { "full_id": "w1301398067", "osm_id": "1301398067", "osm_type": "way", "landuse": "residential", "water": null, "residential": null, "industrial": null, "resource": null, "trees": null, "produce": null, "natural": null, "name": null, "boundary": null, "type": null }, "geometry": { "type": "MultiPolygon", "coordinates": [ [ [ [ 92.5013336, 26.2705999 ], [ 92.5013411, 26.2704676 ], [ 92.5012608, 26.2704642 ], [ 92.5012458, 26.2705882 ], [ 92.5013336, 26.2705999 ] ] ] ] } },
{ "type": "Feature", "properties": { "full_id": "w1301398068", "osm_id": "1301398068", "osm_type": "way", "landuse": "residential", "water": null, "residential": null, "industrial": null, "resource": null, "trees": null, "produce": null, "natural": null, "name": null, "boundary": null, "type": null }, "geometry": { "type": "MultiPolygon", "coordinates": [ [ [ [ 92.5010385, 26.2707574 ], [ 92.5011225, 26.270749 ], [ 92.5011095, 26.2706971 ], [ 92.5010273, 26.2706937 ], [ 92.5010385, 26.2707574 ] ] ] ] } },
{ "type": "Feature", "properties": { "full_id": "w1301398069", "osm_id": "1301398069", "osm_type": "way", "landuse": "residential", "water": null, "residential": null, "industrial": null, "resource": null, "trees": null, "produce": null, "natural": null, "name": null, "boundary": null, "type": null }, "geometry": { "type": "MultiPolygon", "coordinates": [ [ [ [ 92.5011767, 26.2709165 ], [ 92.501145, 26.2708043 ], [ 92.5010721, 26.2708026 ], [ 92.5010777, 26.2709265 ], [ 92.5011767, 26.2709165 ] ] ] ] } },
{ "type": "Feature", "properties": { "full_id": "w1301398070", "osm_id": "1301398070", "osm_type": "way", "landuse": "residential", "water": null, "residential": null, "industrial": null, "resource": null, "trees": null, "produce": null, "natural": null, "name": null, "boundary": null, "type": null }, "geometry": { "type": "MultiPolygon", "coordinates": [ [ [ [ 92.5013934, 26.2708612 ], [ 92.5014905, 26.2708579 ], [ 92.5014868, 26.2708026 ], [ 92.5013934, 26.2707959 ], [ 92.5013934, 26.2708612 ] ] ] ] } },
{ "type": "Feature", "properties": { "full_id": "w1301791943", "osm_id": "1301791943", "osm_type": "way", "landuse": "farmland", "water": null, "residential": null, "industrial": null, "resource": null, "trees": null, "produce": null, "natural": null, "name": null, "boundary": null, "type": null }, "geometry": { "type": "MultiPolygon", "coordinates": [ [ [ [ 92.3513408, 26.3223087 ], [ 92.3521642, 26.3223135 ], [ 92.3521374, 26.3215899 ], [ 92.3513247, 26.321686 ], [ 92.3513408, 26.3223087 ] ] ] ] } },
{ "type": "Feature", "properties": { "full_id": "w1301792161", "osm_id": "1301792161", "osm_type": "way", "landuse": "farmland", "water": null, "residential": null, "industrial": null, "resource": null, "trees": null, "produce": null, "natural": null, "name": null, "boundary": null, "type": null }, "geometry": { "type": "MultiPolygon", "coordinates": [ [ [ [ 92.3522186, 26.3216827 ], [ 92.3522363, 26.3220031 ], [ 92.3525973, 26.3219967 ], [ 92.3526185, 26.3221173 ], [ 92.353206, 26.3220729 ], [ 92.3531211, 26.3216192 ], [ 92.3526335, 26.3216535 ], [ 92.3522186, 26.3216827 ] ] ] ] } },
{ "type": "Feature", "properties": { "full_id": "w1301792321", "osm_id": "1301792321", "osm_type": "way", "landuse": "farmland", "water": null, "residential": null, "industrial": null, "resource": null, "trees": null, "produce": null, "natural": null, "name": null, "boundary": null, "type": null }, "geometry": { "type": "MultiPolygon", "coordinates": [ [ [ [ 92.3532768, 26.3229294 ], [ 92.3532379, 26.3227581 ], [ 92.3533051, 26.3227359 ], [ 92.3532733, 26.3224852 ], [ 92.3533228, 26.3224535 ], [ 92.3532733, 26.3218381 ], [ 92.3538749, 26.3217271 ], [ 92.3550783, 26.3218603 ], [ 92.355057, 26.3220507 ], [ 92.3564444, 26.3220919 ], [ 92.3564904, 26.3219238 ], [ 92.3567735, 26.3219365 ], [ 92.3566709, 26.3227327 ], [ 92.3569682, 26.3227898 ], [ 92.356954, 26.322942 ], [ 92.3561365, 26.3229325 ], [ 92.3561294, 26.3228278 ], [ 92.3558533, 26.3228278 ], [ 92.3558746, 26.322701 ], [ 92.3549508, 26.3226312 ], [ 92.3549048, 26.3229103 ], [ 92.3539457, 26.3229325 ], [ 92.3532768, 26.3229294 ] ] ] ] } },
{ "type": "Feature", "properties": { "full_id": "w1301794054", "osm_id": "1301794054", "osm_type": "way", "landuse": "farmland", "water": null, "residential": null, "industrial": null, "resource": null, "trees": null, "produce": null, "natural": null, "name": null, "boundary": null, "type": null }, "geometry": { "type": "MultiPolygon", "coordinates": [ [ [ [ 92.354198, 26.3208323 ], [ 92.3553328, 26.3208448 ], [ 92.3552954, 26.3210709 ], [ 92.3557671, 26.3211002 ], [ 92.3557765, 26.3213304 ], [ 92.3565096, 26.3214518 ], [ 92.3564583, 26.3218996 ], [ 92.3556597, 26.3219038 ], [ 92.3548098, 26.3217657 ], [ 92.354261, 26.3217406 ], [ 92.354198, 26.3208323 ] ] ] ] } },
{ "type": "Feature", "properties": { "full_id": "w1301796113", "osm_id": "1301796113", "osm_type": "way", "landuse": "farmland", "water": null, "residential": null, "industrial": null, "resource": null, "trees": null, "produce": null, "natural": null, "name": null, "boundary": null, "type": null }, "geometry": { "type": "MultiPolygon", "coordinates": [ [ [ [ 92.3512109, 26.3202332 ], [ 92.3522409, 26.3202428 ], [ 92.3525198, 26.3199735 ], [ 92.3513289, 26.3199543 ], [ 92.3512967, 26.31931 ], [ 92.3524662, 26.3193484 ], [ 92.3525198, 26.3185502 ], [ 92.3532172, 26.3187041 ], [ 92.3535283, 26.3180598 ], [ 92.3544832, 26.3178867 ], [ 92.3548587, 26.3174443 ], [ 92.3551484, 26.3173674 ], [ 92.3552235, 26.3162614 ], [ 92.3548373, 26.3158479 ], [ 92.3531314, 26.3157902 ], [ 92.353067, 26.3158768 ], [ 92.3513182, 26.3158094 ], [ 92.3511787, 26.3180213 ], [ 92.3512109, 26.3202332 ] ] ] ] } },
{ "type": "Feature", "properties": { "full_id": "w1302253251", "osm_id": "1302253251", "osm_type": "way", "landuse": "residential", "water": null, "residential": null, "industrial": null, "resource": null, "trees": null, "produce": null, "natural": null, "name": null, "boundary": null, "type": null }, "geometry": { "type": "MultiPolygon", "coordinates": [ [ [ [ 92.4203342, 26.2928066 ], [ 92.420581, 26.2932154 ], [ 92.4210048, 26.2932731 ], [ 92.4213455, 26.2927564 ], [ 92.4215747, 26.2922054 ], [ 92.4217021, 26.2916908 ], [ 92.4213481, 26.2914215 ], [ 92.4209113, 26.2913264 ], [ 92.420968, 26.2905141 ], [ 92.4208736, 26.290311 ], [ 92.4222421, 26.2901333 ], [ 92.4226195, 26.2900989 ], [ 92.4237521, 26.2899979 ], [ 92.4245638, 26.2900656 ], [ 92.4247169, 26.2905029 ], [ 92.425064, 26.2907341 ], [ 92.4255548, 26.2908694 ], [ 92.4260044, 26.290854 ], [ 92.4265838, 26.2908636 ], [ 92.4265408, 26.2916523 ], [ 92.4270987, 26.2915754 ], [ 92.428118, 26.2901566 ], [ 92.4282575, 26.2892813 ], [ 92.4277349, 26.2892871 ], [ 92.4267232, 26.2888772 ], [ 92.4251729, 26.2889782 ], [ 92.4249791, 26.2881702 ], [ 92.4244222, 26.2878909 ], [ 92.423864, 26.2876797 ], [ 92.4233463, 26.2879417 ], [ 92.4228823, 26.2884348 ], [ 92.4215814, 26.2883056 ], [ 92.4210638, 26.2881895 ], [ 92.4210624, 26.2874594 ], [ 92.4204017, 26.2872394 ], [ 92.41961, 26.2880139 ], [ 92.4201572, 26.2883265 ], [ 92.4201304, 26.2885286 ], [ 92.4196089, 26.2887456 ], [ 92.4196844, 26.2890502 ], [ 92.4191559, 26.2891348 ], [ 92.4190954, 26.2895766 ], [ 92.4178818, 26.2897694 ], [ 92.416183, 26.289761 ], [ 92.4161641, 26.2888048 ], [ 92.4157798, 26.2887787 ], [ 92.41573, 26.288864 ], [ 92.4155506, 26.2892956 ], [ 92.4156262, 26.2894987 ], [ 92.4157677, 26.2905564 ], [ 92.4171551, 26.2903025 ], [ 92.4177119, 26.2905648 ], [ 92.418285, 26.2908347 ], [ 92.4191111, 26.2907145 ], [ 92.4190789, 26.291181 ], [ 92.4187784, 26.2915294 ], [ 92.4191916, 26.291787 ], [ 92.4192291, 26.2921622 ], [ 92.4195806, 26.2921387 ], [ 92.4202885, 26.2919694 ], [ 92.4203342, 26.2928066 ] ] ] ] } },
{ "type": "Feature", "properties": { "full_id": "w1302477256", "osm_id": "1302477256", "osm_type": "way", "landuse": "residential", "water": null, "residential": null, "industrial": null, "resource": null, "trees": null, "produce": null, "natural": null, "name": null, "boundary": null, "type": null }, "geometry": { "type": "MultiPolygon", "coordinates": [ [ [ [ 92.2003508, 26.3070895 ], [ 92.1998091, 26.3066039 ], [ 92.19923, 26.3062522 ], [ 92.1993234, 26.3059341 ], [ 92.1994915, 26.3056326 ], [ 92.1992861, 26.3053815 ], [ 92.1993421, 26.3049293 ], [ 92.1989498, 26.3048623 ], [ 92.1987257, 26.3050968 ], [ 92.1984081, 26.3052307 ], [ 92.1980345, 26.3043767 ], [ 92.1978415, 26.3041975 ], [ 92.1977696, 26.3036935 ], [ 92.199066, 26.3033328 ], [ 92.2004339, 26.3033064 ], [ 92.2000209, 26.3040253 ], [ 92.2006431, 26.3046601 ], [ 92.2006968, 26.3051313 ], [ 92.2010582, 26.3056133 ], [ 92.2014751, 26.3058165 ], [ 92.2010974, 26.3065242 ], [ 92.2003508, 26.3070895 ] ] ] ] } },
{ "type": "Feature", "properties": { "full_id": "w1302492887", "osm_id": "1302492887", "osm_type": "way", "landuse": "residential", "water": null, "residential": "rural", "industrial": null, "resource": null, "trees": null, "produce": null, "natural": null, "name": null, "boundary": null, "type": null }, "geometry": { "type": "MultiPolygon", "coordinates": [ [ [ [ 92.1956473, 26.300614 ], [ 92.1951376, 26.3005759 ], [ 92.1947696, 26.3001317 ], [ 92.1948298, 26.2997531 ], [ 92.1948498, 26.2993464 ], [ 92.1952609, 26.2993085 ], [ 92.1955941, 26.2996219 ], [ 92.1959762, 26.2996219 ], [ 92.1961551, 26.299447 ], [ 92.1962833, 26.2994212 ], [ 92.1963971, 26.2994158 ], [ 92.1965066, 26.2994296 ], [ 92.1967539, 26.299448 ], [ 92.1967975, 26.299724 ], [ 92.1969845, 26.2998844 ], [ 92.1971634, 26.2998771 ], [ 92.1974073, 26.299724 ], [ 92.197666, 26.3000563 ], [ 92.1973763, 26.3002679 ], [ 92.1968828, 26.3003929 ], [ 92.1971617, 26.3010566 ], [ 92.1964429, 26.3010566 ], [ 92.1961532, 26.3007584 ], [ 92.1956473, 26.300614 ] ] ] ] } },
{ "type": "Feature", "properties": { "full_id": "w1302657949", "osm_id": "1302657949", "osm_type": "way", "landuse": "residential", "water": null, "residential": null, "industrial": null, "resource": null, "trees": null, "produce": null, "natural": null, "name": null, "boundary": null, "type": null }, "geometry": { "type": "MultiPolygon", "coordinates": [ [ [ [ 92.0391509, 26.2737362 ], [ 92.0393949, 26.2737362 ], [ 92.0395794, 26.2737371 ], [ 92.0398887, 26.2739936 ], [ 92.0398887, 26.2742257 ], [ 92.0398881, 26.2743834 ], [ 92.0395181, 26.2743908 ], [ 92.0392741, 26.2743908 ], [ 92.0391413, 26.274279 ], [ 92.0391413, 26.2740607 ], [ 92.0391509, 26.2737362 ] ] ] ] } },
{ "type": "Feature", "properties": { "full_id": "w1302658251", "osm_id": "1302658251", "osm_type": "way", "landuse": "residential", "water": null, "residential": null, "industrial": null, "resource": null, "trees": null, "produce": null, "natural": null, "name": null, "boundary": null, "type": null }, "geometry": { "type": "MultiPolygon", "coordinates": [ [ [ [ 92.4169538, 26.2577964 ], [ 92.4172045, 26.2577964 ], [ 92.4172689, 26.2578114 ], [ 92.4173744, 26.257869 ], [ 92.4180986, 26.2584327 ], [ 92.4180986, 26.2586718 ], [ 92.4177883, 26.2586718 ], [ 92.4170574, 26.2584707 ], [ 92.4169804, 26.2584147 ], [ 92.4169538, 26.2580075 ], [ 92.4169538, 26.2577964 ] ] ] ] } },
{ "type": "Feature", "properties": { "full_id": "w1302658252", "osm_id": "1302658252", "osm_type": "way", "landuse": "residential", "water": null, "residential": null, "industrial": null, "resource": null, "trees": null, "produce": null, "natural": null, "name": null, "boundary": null, "type": null }, "geometry": { "type": "MultiPolygon", "coordinates": [ [ [ [ 92.4182022, 26.2589215 ], [ 92.4183567, 26.2589215 ], [ 92.4216706, 26.2594442 ], [ 92.4249251, 26.25997 ], [ 92.4260368, 26.2602781 ], [ 92.4260368, 26.2604723 ], [ 92.4243469, 26.2605531 ], [ 92.4242053, 26.2605531 ], [ 92.4228618, 26.2603279 ], [ 92.4224593, 26.2602541 ], [ 92.4181751, 26.2594255 ], [ 92.4181751, 26.2592223 ], [ 92.4182022, 26.2589215 ] ] ] ] } },
{ "type": "Feature", "properties": { "full_id": "w1302678260", "osm_id": "1302678260", "osm_type": "way", "landuse": "residential", "water": null, "residential": null, "industrial": null, "resource": null, "trees": null, "produce": null, "natural": null, "name": null, "boundary": null, "type": null }, "geometry": { "type": "MultiPolygon", "coordinates": [ [ [ [ 92.1209916, 26.278465 ], [ 92.1217277, 26.2818534 ], [ 92.1217277, 26.2820176 ], [ 92.1214226, 26.2821089 ], [ 92.1215013, 26.2824178 ], [ 92.1216407, 26.2831272 ], [ 92.1217829, 26.2836756 ], [ 92.1218231, 26.2838535 ], [ 92.1221836, 26.2839211 ], [ 92.1227002, 26.2846399 ], [ 92.1227029, 26.2848852 ], [ 92.1223059, 26.285092 ], [ 92.1222459, 26.2856541 ], [ 92.120565, 26.2856326 ], [ 92.1204157, 26.2856868 ], [ 92.1192354, 26.2865154 ], [ 92.1190562, 26.2865154 ], [ 92.1179028, 26.2864137 ], [ 92.1169587, 26.2857391 ], [ 92.1167575, 26.2855552 ], [ 92.1167575, 26.2853579 ], [ 92.1189475, 26.2839981 ], [ 92.119143, 26.2839981 ], [ 92.1196908, 26.2840199 ], [ 92.120651, 26.2837092 ], [ 92.1205008, 26.2816891 ], [ 92.1206534, 26.2814819 ], [ 92.1206159, 26.2813727 ], [ 92.1205041, 26.2782752 ], [ 92.1202819, 26.277103 ], [ 92.1202377, 26.2765558 ], [ 92.1202135, 26.2750968 ], [ 92.1202135, 26.274934 ], [ 92.1202756, 26.2748342 ], [ 92.1205218, 26.2748342 ], [ 92.1215136, 26.2749859 ], [ 92.1215136, 26.2751527 ], [ 92.1209916, 26.278465 ] ] ] ] } },
{ "type": "Feature", "properties": { "full_id": "w1302678261", "osm_id": "1302678261", "osm_type": "way", "landuse": "residential", "water": null, "residential": null, "industrial": null, "resource": null, "trees": null, "produce": null, "natural": null, "name": null, "boundary": null, "type": null }, "geometry": { "type": "MultiPolygon", "coordinates": [ [ [ [ 92.1116144, 26.2835046 ], [ 92.1117779, 26.2835046 ], [ 92.1166421, 26.2860093 ], [ 92.1167042, 26.286049 ], [ 92.1167042, 26.2862102 ], [ 92.1130307, 26.2893344 ], [ 92.1128737, 26.2893344 ], [ 92.1121964, 26.289166 ], [ 92.1115539, 26.2889748 ], [ 92.1108985, 26.2887498 ], [ 92.1108393, 26.2885917 ], [ 92.1108663, 26.288442 ], [ 92.1109629, 26.285056 ], [ 92.1098363, 26.2849886 ], [ 92.1093291, 26.2845668 ], [ 92.1091223, 26.2843278 ], [ 92.1091649, 26.2842131 ], [ 92.1101499, 26.2839875 ], [ 92.1116144, 26.2835046 ] ] ] ] } },
{ "type": "Feature", "properties": { "full_id": "w1302819154", "osm_id": "1302819154", "osm_type": "way", "landuse": "residential", "water": null, "residential": null, "industrial": null, "resource": null, "trees": null, "produce": null, "natural": null, "name": null, "boundary": null, "type": null }, "geometry": { "type": "MultiPolygon", "coordinates": [ [ [ [ 92.5262927, 26.2670171 ], [ 92.5264832, 26.2670171 ], [ 92.5280287, 26.2671415 ], [ 92.5280287, 26.2673581 ], [ 92.5271864, 26.268129 ], [ 92.5268371, 26.2682133 ], [ 92.5266353, 26.2682133 ], [ 92.5258163, 26.2682108 ], [ 92.5257041, 26.2680116 ], [ 92.5257041, 26.267807 ], [ 92.5259346, 26.2671275 ], [ 92.5262927, 26.2670171 ] ] ] ] } },
{ "type": "Feature", "properties": { "full_id": "w1302834532", "osm_id": "1302834532", "osm_type": "way", "landuse": "farmland", "water": null, "residential": null, "industrial": null, "resource": null, "trees": null, "produce": null, "natural": null, "name": null, "boundary": null, "type": null }, "geometry": { "type": "MultiPolygon", "coordinates": [ [ [ [ 92.405511, 26.3545875 ], [ 92.4059023, 26.3546131 ], [ 92.4059153, 26.3544538 ], [ 92.4060476, 26.3544624 ], [ 92.4060749, 26.3541274 ], [ 92.4055514, 26.3540931 ], [ 92.405511, 26.3545875 ] ] ] ] } },
{ "type": "Feature", "properties": { "full_id": "w1302990422", "osm_id": "1302990422", "osm_type": "way", "landuse": "residential", "water": null, "residential": null, "industrial": null, "resource": null, "trees": null, "produce": null, "natural": null, "name": null, "boundary": null, "type": null }, "geometry": { "type": "MultiPolygon", "coordinates": [ [ [ [ 92.3619863, 26.2521273 ], [ 92.3620178, 26.253113 ], [ 92.3617893, 26.253643 ], [ 92.3597566, 26.2535299 ], [ 92.3597999, 26.2531872 ], [ 92.359989, 26.25253 ], [ 92.3611433, 26.2528727 ], [ 92.3612693, 26.2522898 ], [ 92.3613442, 26.2520001 ], [ 92.3617421, 26.252046 ], [ 92.3619863, 26.2521273 ] ] ] ] } },
{ "type": "Feature", "properties": { "full_id": "w1303396293", "osm_id": "1303396293", "osm_type": "way", "landuse": "farmland", "water": null, "residential": null, "industrial": null, "resource": null, "trees": null, "produce": null, "natural": null, "name": null, "boundary": null, "type": null }, "geometry": { "type": "MultiPolygon", "coordinates": [ [ [ [ 92.2851648, 26.257877 ], [ 92.2852179, 26.257877 ], [ 92.2852533, 26.257842 ], [ 92.2853206, 26.2578547 ], [ 92.285356, 26.2579023 ], [ 92.2854267, 26.2579055 ], [ 92.2855117, 26.2579119 ], [ 92.2855365, 26.257877 ], [ 92.2855683, 26.2578103 ], [ 92.2855718, 26.2575596 ], [ 92.2858479, 26.2577659 ], [ 92.2862337, 26.2577563 ], [ 92.2862478, 26.2573025 ], [ 92.2864991, 26.257166 ], [ 92.2865204, 26.2570581 ], [ 92.2864283, 26.2569978 ], [ 92.2864036, 26.2568708 ], [ 92.2864425, 26.2565978 ], [ 92.286485, 26.2563725 ], [ 92.2864885, 26.2562741 ], [ 92.2867079, 26.2561598 ], [ 92.2867539, 26.2560932 ], [ 92.2867893, 26.2559821 ], [ 92.2867398, 26.2558741 ], [ 92.2867575, 26.255744 ], [ 92.2867964, 26.2556202 ], [ 92.2869097, 26.2555314 ], [ 92.2870371, 26.2556075 ], [ 92.287122, 26.2556075 ], [ 92.2871786, 26.255579 ], [ 92.2872105, 26.2553314 ], [ 92.2872317, 26.2552679 ], [ 92.2872707, 26.2552171 ], [ 92.2873591, 26.2551981 ], [ 92.2874476, 26.2552298 ], [ 92.2874582, 26.2551568 ], [ 92.2874582, 26.2550806 ], [ 92.2874618, 26.2549568 ], [ 92.2874724, 26.2548426 ], [ 92.2874158, 26.2548077 ], [ 92.2873804, 26.2547918 ], [ 92.287299, 26.254814 ], [ 92.2871609, 26.2548362 ], [ 92.28703, 26.2548521 ], [ 92.2869663, 26.254868 ], [ 92.2869167, 26.2548838 ], [ 92.2868637, 26.2549537 ], [ 92.2867752, 26.2549949 ], [ 92.2867009, 26.2550076 ], [ 92.286715, 26.2552711 ], [ 92.2867256, 26.2553346 ], [ 92.2865062, 26.2553758 ], [ 92.2861558, 26.2554234 ], [ 92.2860036, 26.2554583 ], [ 92.2853241, 26.2555663 ], [ 92.2853489, 26.2557631 ], [ 92.2853383, 26.2560202 ], [ 92.2852993, 26.2561884 ], [ 92.2851613, 26.2562138 ], [ 92.2851648, 26.257877 ] ] ] ] } },
{ "type": "Feature", "properties": { "full_id": "w1303396419", "osm_id": "1303396419", "osm_type": "way", "landuse": "farmland", "water": null, "residential": null, "industrial": null, "resource": null, "trees": null, "produce": null, "natural": null, "name": null, "boundary": null, "type": null }, "geometry": { "type": "MultiPolygon", "coordinates": [ [ [ [ 92.2851718, 26.2611016 ], [ 92.2860731, 26.2608587 ], [ 92.286755, 26.2606912 ], [ 92.2876936, 26.2603561 ], [ 92.2893842, 26.2597489 ], [ 92.2894449, 26.2601342 ], [ 92.2893375, 26.2602179 ], [ 92.2887817, 26.2602975 ], [ 92.2887117, 26.2605153 ], [ 92.2883241, 26.2605278 ], [ 92.2883708, 26.2608754 ], [ 92.2896223, 26.2607289 ], [ 92.289641, 26.2610262 ], [ 92.2896177, 26.261156 ], [ 92.2897064, 26.2613194 ], [ 92.2902621, 26.2612524 ], [ 92.2902575, 26.2620355 ], [ 92.2902481, 26.2624334 ], [ 92.2901967, 26.2625716 ], [ 92.2896177, 26.2625255 ], [ 92.2895056, 26.2627391 ], [ 92.2895243, 26.2630699 ], [ 92.2895289, 26.263183 ], [ 92.2898698, 26.2631076 ], [ 92.2901827, 26.2631872 ], [ 92.2908599, 26.2631663 ], [ 92.2908926, 26.263183 ], [ 92.2908319, 26.2638573 ], [ 92.2893328, 26.2638531 ], [ 92.2892067, 26.2629443 ], [ 92.2889078, 26.2627642 ], [ 92.2885996, 26.2628899 ], [ 92.2885342, 26.2630741 ], [ 92.2881793, 26.2630867 ], [ 92.2877683, 26.2631118 ], [ 92.2876049, 26.2633003 ], [ 92.2875862, 26.2635809 ], [ 92.2876189, 26.2637819 ], [ 92.2876329, 26.2638363 ], [ 92.2851531, 26.2638531 ], [ 92.2851718, 26.2611016 ] ] ] ] } },
{ "type": "Feature", "properties": { "full_id": "w1303409146", "osm_id": "1303409146", "osm_type": "way", "landuse": "residential", "water": null, "residential": null, "industrial": null, "resource": null, "trees": null, "produce": null, "natural": null, "name": null, "boundary": null, "type": null }, "geometry": { "type": "MultiPolygon", "coordinates": [ [ [ [ 92.1743494, 26.300836 ], [ 92.1744664, 26.3005686 ], [ 92.1744371, 26.3002715 ], [ 92.1742188, 26.3001946 ], [ 92.1738117, 26.300126 ], [ 92.1738916, 26.3006918 ], [ 92.1742578, 26.3007748 ], [ 92.1743494, 26.300836 ] ] ] ] } },
{ "type": "Feature", "properties": { "full_id": "w1303414162", "osm_id": "1303414162", "osm_type": "way", "landuse": "farmland", "water": null, "residential": null, "industrial": null, "resource": null, "trees": null, "produce": null, "natural": null, "name": null, "boundary": null, "type": null }, "geometry": { "type": "MultiPolygon", "coordinates": [ [ [ [ 92.2919789, 26.2556548 ], [ 92.2919556, 26.2553616 ], [ 92.2926888, 26.2552318 ], [ 92.2928429, 26.2551983 ], [ 92.2929363, 26.2552695 ], [ 92.2937442, 26.2552486 ], [ 92.2937442, 26.2558852 ], [ 92.2930016, 26.255881 ], [ 92.293011, 26.2564589 ], [ 92.2924973, 26.2564757 ], [ 92.2924599, 26.2562705 ], [ 92.2922685, 26.2562579 ], [ 92.2921517, 26.2562998 ], [ 92.2921424, 26.2560485 ], [ 92.2920583, 26.2557846 ], [ 92.2920069, 26.2556925 ], [ 92.2919789, 26.2556548 ] ] ] ] } },
{ "type": "Feature", "properties": { "full_id": "w1303436172", "osm_id": "1303436172", "osm_type": "way", "landuse": "farmland", "water": null, "residential": null, "industrial": null, "resource": null, "trees": null, "produce": null, "natural": null, "name": null, "boundary": null, "type": null }, "geometry": { "type": "MultiPolygon", "coordinates": [ [ [ [ 92.2852793, 26.3010126 ], [ 92.2857907, 26.3011121 ], [ 92.2859263, 26.3011673 ], [ 92.2863638, 26.3011342 ], [ 92.2866904, 26.3011894 ], [ 92.2874114, 26.3014712 ], [ 92.2877195, 26.3014822 ], [ 92.2880892, 26.3015927 ], [ 92.2883665, 26.3016921 ], [ 92.2886315, 26.3017971 ], [ 92.2890382, 26.3018137 ], [ 92.2894695, 26.3018799 ], [ 92.2901658, 26.3017639 ], [ 92.2905232, 26.3017032 ], [ 92.2908498, 26.3017032 ], [ 92.2911703, 26.3017418 ], [ 92.2914044, 26.3018302 ], [ 92.2913921, 26.3026644 ], [ 92.2915646, 26.3032444 ], [ 92.2890012, 26.303261 ], [ 92.2858154, 26.3032499 ], [ 92.2851437, 26.3032499 ], [ 92.2851242, 26.3020224 ], [ 92.2851435, 26.3010126 ], [ 92.2852793, 26.3010126 ] ] ] ] } },
{ "type": "Feature", "properties": { "full_id": "w1303436173", "osm_id": "1303436173", "osm_type": "way", "landuse": "farmland", "water": null, "residential": null, "industrial": null, "resource": null, "trees": null, "produce": null, "natural": null, "name": null, "boundary": null, "type": null }, "geometry": { "type": "MultiPolygon", "coordinates": [ [ [ [ 92.2917507, 26.3032569 ], [ 92.2916767, 26.3017212 ], [ 92.292028, 26.3015831 ], [ 92.2921142, 26.3018814 ], [ 92.2922806, 26.3019477 ], [ 92.2924716, 26.3018041 ], [ 92.2925394, 26.301666 ], [ 92.2927304, 26.3017654 ], [ 92.2929769, 26.3017378 ], [ 92.2930509, 26.301677 ], [ 92.293815, 26.3017102 ], [ 92.2943757, 26.3016605 ], [ 92.2949303, 26.3016273 ], [ 92.295374, 26.3013677 ], [ 92.2956205, 26.3013511 ], [ 92.2961134, 26.301434 ], [ 92.2961319, 26.3032514 ], [ 92.2917507, 26.3032569 ] ] ] ] } },
{ "type": "Feature", "properties": { "full_id": "w1303436193", "osm_id": "1303436193", "osm_type": "way", "landuse": "farmland", "water": null, "residential": null, "industrial": null, "resource": null, "trees": null, "produce": null, "natural": null, "name": null, "boundary": null, "type": null }, "geometry": { "type": "MultiPolygon", "coordinates": [ [ [ [ 92.2929239, 26.2952313 ], [ 92.2930726, 26.2951235 ], [ 92.2934477, 26.2949394 ], [ 92.2938017, 26.2948569 ], [ 92.2942215, 26.2948091 ], [ 92.2946344, 26.2947926 ], [ 92.2952875, 26.2948147 ], [ 92.2958545, 26.2948036 ], [ 92.2961194, 26.2948202 ], [ 92.2961379, 26.2963007 ], [ 92.2961133, 26.2980078 ], [ 92.2958729, 26.2980023 ], [ 92.2955094, 26.297947 ], [ 92.2952567, 26.2978807 ], [ 92.2949425, 26.2978862 ], [ 92.2947884, 26.2978973 ], [ 92.2945974, 26.2977316 ], [ 92.2943263, 26.297715 ], [ 92.2941537, 26.2978089 ], [ 92.2939134, 26.2977813 ], [ 92.2937532, 26.2976984 ], [ 92.2935806, 26.2978144 ], [ 92.2930692, 26.2978255 ], [ 92.2927981, 26.2977923 ], [ 92.2923729, 26.2976874 ], [ 92.2920216, 26.297726 ], [ 92.2917443, 26.2977316 ], [ 92.2917628, 26.2974222 ], [ 92.2917752, 26.2971626 ], [ 92.2916396, 26.2970576 ], [ 92.2915225, 26.2971957 ], [ 92.2913438, 26.297146 ], [ 92.2912575, 26.2970189 ], [ 92.2911466, 26.2966046 ], [ 92.2909802, 26.2965659 ], [ 92.2909556, 26.2963118 ], [ 92.2909987, 26.2959251 ], [ 92.2909556, 26.2956378 ], [ 92.2910727, 26.2955881 ], [ 92.291504, 26.2955108 ], [ 92.2918183, 26.2955329 ], [ 92.2921572, 26.29545 ], [ 92.2927303, 26.2953119 ], [ 92.2928289, 26.2952787 ], [ 92.2929239, 26.2952313 ] ] ] ] } },
{ "type": "Feature", "properties": { "full_id": "w1303442187", "osm_id": "1303442187", "osm_type": "way", "landuse": "farmland", "water": null, "residential": null, "industrial": null, "resource": null, "trees": null, "produce": null, "natural": null, "name": null, "boundary": null, "type": null }, "geometry": { "type": "MultiPolygon", "coordinates": [ [ [ [ 92.2856536, 26.2911424 ], [ 92.2860741, 26.2903892 ], [ 92.28684, 26.2887395 ], [ 92.2876526, 26.2869642 ], [ 92.2884558, 26.286579 ], [ 92.2888948, 26.2867465 ], [ 92.2892684, 26.2870312 ], [ 92.2897821, 26.287115 ], [ 92.2896053, 26.2883344 ], [ 92.2892647, 26.2893688 ], [ 92.2889508, 26.2892755 ], [ 92.2885399, 26.2910005 ], [ 92.288325, 26.2919132 ], [ 92.2876152, 26.2919383 ], [ 92.2866158, 26.291595 ], [ 92.2856536, 26.2911424 ] ] ] ] } },
{ "type": "Feature", "properties": { "full_id": "w1303442337", "osm_id": "1303442337", "osm_type": "way", "landuse": "farmland", "water": null, "residential": null, "industrial": null, "resource": null, "trees": null, "produce": null, "natural": null, "name": null, "boundary": null, "type": null }, "geometry": { "type": "MultiPolygon", "coordinates": [ [ [ [ 92.2883003, 26.2920796 ], [ 92.289006, 26.292352 ], [ 92.289351, 26.2924294 ], [ 92.2898933, 26.2925288 ], [ 92.290719, 26.2920426 ], [ 92.2913476, 26.2913797 ], [ 92.2918405, 26.2901753 ], [ 92.2921609, 26.2895013 ], [ 92.29258, 26.2890924 ], [ 92.2931962, 26.2891587 ], [ 92.2933687, 26.2887831 ], [ 92.2933317, 26.2884405 ], [ 92.2923705, 26.2878328 ], [ 92.2914215, 26.2870704 ], [ 92.2912613, 26.286761 ], [ 92.2904725, 26.2867278 ], [ 92.2903986, 26.2871477 ], [ 92.2898449, 26.2871096 ], [ 92.289649, 26.2881424 ], [ 92.2893079, 26.2893613 ], [ 92.2889624, 26.2893838 ], [ 92.2885631, 26.291373 ], [ 92.2883003, 26.2920796 ] ] ] ] } },
{ "type": "Feature", "properties": { "full_id": "w1304487477", "osm_id": "1304487477", "osm_type": "way", "landuse": "farmland", "water": null, "residential": null, "industrial": null, "resource": null, "trees": null, "produce": null, "natural": null, "name": null, "boundary": null, "type": null }, "geometry": { "type": "MultiPolygon", "coordinates": [ [ [ [ 92.3100172, 26.2639879 ], [ 92.3072335, 26.2639819 ], [ 92.3072077, 26.2671199 ], [ 92.3095147, 26.2670099 ], [ 92.3095285, 26.2648515 ], [ 92.3100172, 26.2639879 ] ] ] ] } },
{ "type": "Feature", "properties": { "full_id": "w1304487478", "osm_id": "1304487478", "osm_type": "way", "landuse": "farmland", "water": null, "residential": null, "industrial": null, "resource": null, "trees": null, "produce": null, "natural": null, "name": null, "boundary": null, "type": null }, "geometry": { "type": "MultiPolygon", "coordinates": [ [ [ [ 92.3072375, 26.2673156 ], [ 92.3093934, 26.2672213 ], [ 92.3094621, 26.2677461 ], [ 92.3106115, 26.2678195 ], [ 92.3106224, 26.2680479 ], [ 92.3101474, 26.2691528 ], [ 92.309709, 26.2703424 ], [ 92.3082958, 26.2703797 ], [ 92.3082458, 26.2725386 ], [ 92.3072136, 26.2725336 ], [ 92.3072375, 26.2673156 ] ] ] ] } },
{ "type": "Feature", "properties": { "full_id": "w1305068950", "osm_id": "1305068950", "osm_type": "way", "landuse": "farmland", "water": null, "residential": null, "industrial": null, "resource": null, "trees": null, "produce": null, "natural": null, "name": null, "boundary": null, "type": null }, "geometry": { "type": "MultiPolygon", "coordinates": [ [ [ [ 92.2222268, 26.3071194 ], [ 92.2222194, 26.3069625 ], [ 92.2219852, 26.3069537 ], [ 92.2220419, 26.3049363 ], [ 92.2232373, 26.3048258 ], [ 92.2232176, 26.3071105 ], [ 92.2222268, 26.3071194 ] ] ] ] } },
{ "type": "Feature", "properties": { "full_id": "w1305068952", "osm_id": "1305068952", "osm_type": "way", "landuse": "farmland", "water": null, "residential": null, "industrial": null, "resource": null, "trees": null, "produce": null, "natural": null, "name": null, "boundary": null, "type": null }, "geometry": { "type": "MultiPolygon", "coordinates": [ [ [ [ 92.2202159, 26.3076756 ], [ 92.2202745, 26.3070283 ], [ 92.220494, 26.3071304 ], [ 92.2208533, 26.3071857 ], [ 92.2208384, 26.3072953 ], [ 92.2209112, 26.3073481 ], [ 92.2210457, 26.3074151 ], [ 92.2210215, 26.3077533 ], [ 92.2206572, 26.3077223 ], [ 92.2202159, 26.3076756 ] ] ] ] } },
{ "type": "Feature", "properties": { "full_id": "w1305068953", "osm_id": "1305068953", "osm_type": "way", "landuse": "farmland", "water": null, "residential": null, "industrial": null, "resource": null, "trees": null, "produce": null, "natural": null, "name": null, "boundary": null, "type": null }, "geometry": { "type": "MultiPolygon", "coordinates": [ [ [ [ 92.2222208, 26.3075054 ], [ 92.2222445, 26.3089403 ], [ 92.2228367, 26.3088691 ], [ 92.2230834, 26.3085306 ], [ 92.2231607, 26.3081709 ], [ 92.2231414, 26.3074823 ], [ 92.2222208, 26.3075054 ] ] ] ] } },
{ "type": "Feature", "properties": { "full_id": "w1305068954", "osm_id": "1305068954", "osm_type": "way", "landuse": "farmland", "water": null, "residential": null, "industrial": null, "resource": null, "trees": null, "produce": null, "natural": null, "name": null, "boundary": null, "type": null }, "geometry": { "type": "MultiPolygon", "coordinates": [ [ [ [ 92.2237089, 26.3048285 ], [ 92.2236571, 26.3041546 ], [ 92.2243793, 26.304106 ], [ 92.2243596, 26.3039535 ], [ 92.224961, 26.3039226 ], [ 92.2249536, 26.3040883 ], [ 92.2252839, 26.3040905 ], [ 92.2253332, 26.3045082 ], [ 92.2239455, 26.3046297 ], [ 92.2239726, 26.3048396 ], [ 92.2237089, 26.3048285 ] ] ] ] } },
{ "type": "Feature", "properties": { "full_id": "w1305798726", "osm_id": "1305798726", "osm_type": "way", "landuse": "farmland", "water": null, "residential": null, "industrial": null, "resource": null, "trees": null, "produce": null, "natural": null, "name": null, "boundary": null, "type": null }, "geometry": { "type": "MultiPolygon", "coordinates": [ [ [ [ 92.2186401, 26.3771693 ], [ 92.2192705, 26.376899 ], [ 92.2193831, 26.3770852 ], [ 92.2199437, 26.3768954 ], [ 92.2197653, 26.3766743 ], [ 92.2196487, 26.3764652 ], [ 92.2195011, 26.3761985 ], [ 92.2196648, 26.3761252 ], [ 92.21954, 26.375927 ], [ 92.2200094, 26.3757131 ], [ 92.2201663, 26.375981 ], [ 92.2207484, 26.3757203 ], [ 92.2210112, 26.3762333 ], [ 92.2211064, 26.3763676 ], [ 92.2212285, 26.3765397 ], [ 92.2210702, 26.3766046 ], [ 92.2213224, 26.3771236 ], [ 92.2208905, 26.3771909 ], [ 92.2202843, 26.3773063 ], [ 92.2196379, 26.3774721 ], [ 92.2189969, 26.377746 ], [ 92.2186401, 26.3771693 ] ] ] ] } },
{ "type": "Feature", "properties": { "full_id": "w1305799626", "osm_id": "1305799626", "osm_type": "way", "landuse": "farmland", "water": null, "residential": null, "industrial": null, "resource": null, "trees": null, "produce": null, "natural": null, "name": null, "boundary": null, "type": null }, "geometry": { "type": "MultiPolygon", "coordinates": [ [ [ [ 92.2211064, 26.3763676 ], [ 92.2219942, 26.3760843 ], [ 92.2220828, 26.3762429 ], [ 92.2219929, 26.3762718 ], [ 92.2220667, 26.3764448 ], [ 92.2221833, 26.37641 ], [ 92.2221552, 26.3763463 ], [ 92.2224878, 26.3762478 ], [ 92.2226179, 26.3764784 ], [ 92.2230175, 26.3763499 ], [ 92.2230765, 26.3765637 ], [ 92.2231556, 26.3765445 ], [ 92.2232361, 26.3767536 ], [ 92.2233072, 26.376935 ], [ 92.2233877, 26.377108 ], [ 92.2229303, 26.3773183 ], [ 92.2226581, 26.377436 ], [ 92.2225589, 26.377239 ], [ 92.2223121, 26.3772942 ], [ 92.2219473, 26.3774528 ], [ 92.2213572, 26.3771212 ], [ 92.2216684, 26.3770059 ], [ 92.221553, 26.3768088 ], [ 92.2215208, 26.3766935 ], [ 92.2215798, 26.3766478 ], [ 92.2214806, 26.376458 ], [ 92.2212285, 26.3765397 ], [ 92.2211064, 26.3763676 ] ] ] ] } },
{ "type": "Feature", "properties": { "full_id": "w1305799627", "osm_id": "1305799627", "osm_type": "way", "landuse": "farmland", "water": null, "residential": null, "industrial": null, "resource": null, "trees": null, "produce": null, "natural": null, "name": null, "boundary": null, "type": null }, "geometry": { "type": "MultiPolygon", "coordinates": [ [ [ [ 92.2224985, 26.3762285 ], [ 92.2223067, 26.3758392 ], [ 92.2226728, 26.3756698 ], [ 92.2227614, 26.3758993 ], [ 92.2228311, 26.3758741 ], [ 92.2229169, 26.3760952 ], [ 92.2224985, 26.3762285 ] ] ] ] } },
{ "type": "Feature", "properties": { "full_id": "w1305799628", "osm_id": "1305799628", "osm_type": "way", "landuse": "farmland", "water": null, "residential": null, "industrial": null, "resource": null, "trees": null, "produce": null, "natural": null, "name": null, "boundary": null, "type": null }, "geometry": { "type": "MultiPolygon", "coordinates": [ [ [ [ 92.2219473, 26.3750823 ], [ 92.2223899, 26.3749237 ], [ 92.2222222, 26.3745428 ], [ 92.2219339, 26.3746498 ], [ 92.2217797, 26.3747122 ], [ 92.2219473, 26.3750823 ] ] ] ] } },
{ "type": "Feature", "properties": { "full_id": "w1305799629", "osm_id": "1305799629", "osm_type": "way", "landuse": "farmland", "water": null, "residential": null, "industrial": null, "resource": null, "trees": null, "produce": null, "natural": null, "name": null, "boundary": null, "type": null }, "geometry": { "type": "MultiPolygon", "coordinates": [ [ [ [ 92.2210112, 26.3762333 ], [ 92.221258, 26.3761168 ], [ 92.2215262, 26.3760303 ], [ 92.2214591, 26.3758789 ], [ 92.2220412, 26.3756794 ], [ 92.2226849, 26.3754271 ], [ 92.2225991, 26.3752349 ], [ 92.221832, 26.3754872 ], [ 92.2216684, 26.3751892 ], [ 92.2218132, 26.3751244 ], [ 92.2216308, 26.3747927 ], [ 92.2208852, 26.3750643 ], [ 92.2210461, 26.3754007 ], [ 92.2209227, 26.375444 ], [ 92.2208302, 26.3752121 ], [ 92.2205888, 26.3752854 ], [ 92.2206357, 26.3753779 ], [ 92.22068, 26.3755413 ], [ 92.2207484, 26.3757203 ], [ 92.2210112, 26.3762333 ] ] ] ] } },
{ "type": "Feature", "properties": { "full_id": "w1305837960", "osm_id": "1305837960", "osm_type": "way", "landuse": "quarry", "water": null, "residential": null, "industrial": null, "resource": "clay", "trees": null, "produce": null, "natural": null, "name": null, "boundary": null, "type": null }, "geometry": { "type": "MultiPolygon", "coordinates": [ [ [ [ 92.0197097, 26.4835913 ], [ 92.0196873, 26.4840011 ], [ 92.0199957, 26.4840179 ], [ 92.0199904, 26.4851391 ], [ 92.0195505, 26.4851295 ], [ 92.0195478, 26.4855712 ], [ 92.0202184, 26.4855784 ], [ 92.020205, 26.4845341 ], [ 92.0210284, 26.4845413 ], [ 92.0209962, 26.4841836 ], [ 92.0202157, 26.4842004 ], [ 92.0202106, 26.4836019 ], [ 92.0197097, 26.4835913 ] ] ] ] } },
{ "type": "Feature", "properties": { "full_id": "w1305837977", "osm_id": "1305837977", "osm_type": "way", "landuse": "industrial", "water": null, "residential": null, "industrial": "brickyard", "resource": null, "trees": null, "produce": null, "natural": null, "name": null, "boundary": null, "type": null }, "geometry": { "type": "MultiPolygon", "coordinates": [ [ [ [ 92.0319477, 26.4840611 ], [ 92.0322561, 26.4841092 ], [ 92.0323312, 26.4841764 ], [ 92.0324331, 26.4840731 ], [ 92.0325029, 26.4832161 ], [ 92.0324224, 26.4829376 ], [ 92.0323151, 26.4828944 ], [ 92.0317572, 26.4828704 ], [ 92.0316768, 26.4838235 ], [ 92.0319477, 26.4840611 ] ] ] ] } },
{ "type": "Feature", "properties": { "full_id": "w1305838066", "osm_id": "1305838066", "osm_type": "way", "landuse": "quarry", "water": null, "residential": null, "industrial": null, "resource": "clay", "trees": null, "produce": null, "natural": null, "name": null, "boundary": null, "type": null }, "geometry": { "type": "MultiPolygon", "coordinates": [ [ [ [ 92.0317572, 26.4828704 ], [ 92.0310974, 26.4827215 ], [ 92.0309901, 26.4827407 ], [ 92.0309204, 26.4828224 ], [ 92.0310008, 26.4838451 ], [ 92.0319477, 26.4840611 ], [ 92.0316768, 26.4838235 ], [ 92.0317572, 26.4828704 ] ] ] ] } },
{ "type": "Feature", "properties": { "full_id": "w1305838275", "osm_id": "1305838275", "osm_type": "way", "landuse": "industrial", "water": null, "residential": null, "industrial": "brickyard", "resource": null, "trees": null, "produce": null, "natural": null, "name": null, "boundary": null, "type": null }, "geometry": { "type": "MultiPolygon", "coordinates": [ [ [ [ 92.2355172, 26.3941395 ], [ 92.2349824, 26.3943077 ], [ 92.2348477, 26.3936723 ], [ 92.2351929, 26.3935619 ], [ 92.2355817, 26.3935058 ], [ 92.2358112, 26.3936248 ], [ 92.2358871, 26.39399 ], [ 92.2355172, 26.3941395 ] ] ] ] } },
{ "type": "Feature", "properties": { "full_id": "w1305838285", "osm_id": "1305838285", "osm_type": "way", "landuse": "industrial", "water": null, "residential": null, "industrial": "brickyard", "resource": null, "trees": null, "produce": null, "natural": null, "name": null, "boundary": null, "type": null }, "geometry": { "type": "MultiPolygon", "coordinates": [ [ [ [ 92.2414309, 26.3965403 ], [ 92.2415597, 26.3965716 ], [ 92.2419137, 26.3971458 ], [ 92.2406048, 26.3974557 ], [ 92.240425, 26.3973452 ], [ 92.2403097, 26.3969848 ], [ 92.2403687, 26.3968791 ], [ 92.2414309, 26.3965403 ] ] ] ] } },
{ "type": "Feature", "properties": { "full_id": "w1306113723", "osm_id": "1306113723", "osm_type": "way", "landuse": "residential", "water": null, "residential": null, "industrial": null, "resource": null, "trees": null, "produce": null, "natural": null, "name": null, "boundary": null, "type": null }, "geometry": { "type": "MultiPolygon", "coordinates": [ [ [ [ 92.2017035, 26.3103382 ], [ 92.2018815, 26.3103382 ], [ 92.203486, 26.3108629 ], [ 92.203486, 26.311065 ], [ 92.2031448, 26.311065 ], [ 92.2025723, 26.3109233 ], [ 92.2019323, 26.3107128 ], [ 92.2017035, 26.3105115 ], [ 92.2017035, 26.3103382 ] ] ] ] } },
{ "type": "Feature", "properties": { "full_id": "w1306113724", "osm_id": "1306113724", "osm_type": "way", "landuse": "residential", "water": null, "residential": null, "industrial": null, "resource": null, "trees": null, "produce": null, "natural": null, "name": null, "boundary": null, "type": null }, "geometry": { "type": "MultiPolygon", "coordinates": [ [ [ [ 92.2050101, 26.3107793 ], [ 92.205225, 26.3107793 ], [ 92.2057403, 26.311112 ], [ 92.2057403, 26.3112724 ], [ 92.2056666, 26.3113144 ], [ 92.2051891, 26.3115003 ], [ 92.2050409, 26.3115476 ], [ 92.2048737, 26.3115476 ], [ 92.2047986, 26.3114685 ], [ 92.2047986, 26.3111813 ], [ 92.2050101, 26.3107793 ] ] ] ] } },
{ "type": "Feature", "properties": { "full_id": "w1306113725", "osm_id": "1306113725", "osm_type": "way", "landuse": "residential", "water": null, "residential": null, "industrial": null, "resource": null, "trees": null, "produce": null, "natural": null, "name": null, "boundary": null, "type": null }, "geometry": { "type": "MultiPolygon", "coordinates": [ [ [ [ 92.2058697, 26.3057037 ], [ 92.2060374, 26.3057037 ], [ 92.2062996, 26.3057951 ], [ 92.2064501, 26.3061973 ], [ 92.2064501, 26.3063871 ], [ 92.2062133, 26.3063871 ], [ 92.2057187, 26.3063629 ], [ 92.2057187, 26.3061791 ], [ 92.2058697, 26.3057037 ] ] ] ] } },
{ "type": "Feature", "properties": { "full_id": "w1314333371", "osm_id": "1314333371", "osm_type": "way", "landuse": "forest", "water": null, "residential": null, "industrial": null, "resource": null, "trees": null, "produce": null, "natural": null, "name": null, "boundary": null, "type": null }, "geometry": { "type": "MultiPolygon", "coordinates": [ [ [ [ 92.0606807, 26.2716711 ], [ 92.0609149, 26.2718977 ], [ 92.0612353, 26.2720911 ], [ 92.0615742, 26.2722182 ], [ 92.0620302, 26.2722237 ], [ 92.0624862, 26.272174 ], [ 92.0627758, 26.2720358 ], [ 92.0629607, 26.2717761 ], [ 92.0628683, 26.2716214 ], [ 92.0626957, 26.2716103 ], [ 92.0625355, 26.2716766 ], [ 92.0623075, 26.2718424 ], [ 92.0617406, 26.2718535 ], [ 92.0614695, 26.2717761 ], [ 92.0611367, 26.2715882 ], [ 92.0611305, 26.2714004 ], [ 92.0610196, 26.2713506 ], [ 92.0608224, 26.2715164 ], [ 92.0607485, 26.2714059 ], [ 92.0609642, 26.2707981 ], [ 92.0604281, 26.2716656 ], [ 92.0604774, 26.2717485 ], [ 92.0606807, 26.2716711 ] ] ] ] } },
{ "type": "Feature", "properties": { "full_id": "w1314333372", "osm_id": "1314333372", "osm_type": "way", "landuse": "forest", "water": null, "residential": null, "industrial": null, "resource": null, "trees": null, "produce": null, "natural": null, "name": null, "boundary": null, "type": null }, "geometry": { "type": "MultiPolygon", "coordinates": [ [ [ [ 92.0618519, 26.2692886 ], [ 92.0617008, 26.2694269 ], [ 92.0616114, 26.2695983 ], [ 92.0620708, 26.2695472 ], [ 92.0628147, 26.2696785 ], [ 92.0629042, 26.2697878 ], [ 92.0630709, 26.2698826 ], [ 92.0630383, 26.2700904 ], [ 92.0631644, 26.2701487 ], [ 92.0632945, 26.2700248 ], [ 92.0634977, 26.2698279 ], [ 92.0637254, 26.2697258 ], [ 92.0639368, 26.2698133 ], [ 92.0639409, 26.2699774 ], [ 92.063949, 26.270167 ], [ 92.0641523, 26.2702326 ], [ 92.06451, 26.2702472 ], [ 92.0650508, 26.2704841 ], [ 92.0654207, 26.2706555 ], [ 92.0654355, 26.2703155 ], [ 92.0652302, 26.2701759 ], [ 92.0642251, 26.2697506 ], [ 92.0637898, 26.2695729 ], [ 92.0622431, 26.2693095 ], [ 92.0618519, 26.2692886 ] ] ] ] } },
{ "type": "Feature", "properties": { "full_id": "w1314333373", "osm_id": "1314333373", "osm_type": "way", "landuse": "forest", "water": null, "residential": null, "industrial": null, "resource": null, "trees": null, "produce": null, "natural": null, "name": null, "boundary": null, "type": null }, "geometry": { "type": "MultiPolygon", "coordinates": [ [ [ [ 92.0599937, 26.2735971 ], [ 92.0601671, 26.2736447 ], [ 92.0602591, 26.2735621 ], [ 92.0603264, 26.2732956 ], [ 92.0605883, 26.2731972 ], [ 92.0607015, 26.2730607 ], [ 92.0607298, 26.2727814 ], [ 92.0604644, 26.2727085 ], [ 92.0603511, 26.2724863 ], [ 92.0602697, 26.2723118 ], [ 92.0601069, 26.272426 ], [ 92.0598981, 26.2729147 ], [ 92.0600185, 26.2729846 ], [ 92.0601706, 26.2730734 ], [ 92.0601388, 26.2732194 ], [ 92.0599937, 26.2735971 ] ] ] ] } },
{ "type": "Feature", "properties": { "full_id": "w1314341230", "osm_id": "1314341230", "osm_type": "way", "landuse": "residential", "water": null, "residential": null, "industrial": null, "resource": null, "trees": null, "produce": null, "natural": null, "name": null, "boundary": null, "type": null }, "geometry": { "type": "MultiPolygon", "coordinates": [ [ [ [ 92.0629725, 26.2677765 ], [ 92.0631217, 26.2677765 ], [ 92.0639224, 26.2678 ], [ 92.0657569, 26.2685141 ], [ 92.0658472, 26.2685885 ], [ 92.0659769, 26.2689518 ], [ 92.0658374, 26.2695002 ], [ 92.0648638, 26.2691411 ], [ 92.0644468, 26.2689823 ], [ 92.0632893, 26.268668 ], [ 92.0623505, 26.2685044 ], [ 92.0616263, 26.2684612 ], [ 92.0608646, 26.2685862 ], [ 92.0605442, 26.2687003 ], [ 92.0600423, 26.2686606 ], [ 92.0600423, 26.2685061 ], [ 92.0601894, 26.2683173 ], [ 92.0604528, 26.2680647 ], [ 92.0609078, 26.2679502 ], [ 92.0629725, 26.2677765 ] ] ] ] } },
{ "type": "Feature", "properties": { "full_id": "w1314342355", "osm_id": "1314342355", "osm_type": "way", "landuse": "residential", "water": null, "residential": null, "industrial": null, "resource": null, "trees": null, "produce": null, "natural": null, "name": null, "boundary": null, "type": null }, "geometry": { "type": "MultiPolygon", "coordinates": [ [ [ [ 92.0753375, 26.278775 ], [ 92.0755662, 26.278775 ], [ 92.0759061, 26.2793551 ], [ 92.0759061, 26.2794858 ], [ 92.0758989, 26.2795436 ], [ 92.075722, 26.2795854 ], [ 92.0755766, 26.2795854 ], [ 92.0753666, 26.2794283 ], [ 92.0751915, 26.2790785 ], [ 92.0751915, 26.2789472 ], [ 92.0752113, 26.2788755 ], [ 92.0753375, 26.278775 ] ] ] ] } },
{ "type": "Feature", "properties": { "full_id": "w1314342356", "osm_id": "1314342356", "osm_type": "way", "landuse": "residential", "water": null, "residential": null, "industrial": null, "resource": null, "trees": null, "produce": null, "natural": null, "name": null, "boundary": null, "type": null }, "geometry": { "type": "MultiPolygon", "coordinates": [ [ [ [ 92.0736958, 26.2781397 ], [ 92.0735157, 26.2781397 ], [ 92.0713831, 26.2779557 ], [ 92.0708755, 26.2777629 ], [ 92.0703976, 26.2776391 ], [ 92.0702406, 26.2775831 ], [ 92.067365, 26.2762914 ], [ 92.0649132, 26.2755545 ], [ 92.0640065, 26.2753966 ], [ 92.0625611, 26.2751908 ], [ 92.0624726, 26.2752244 ], [ 92.0623988, 26.2751811 ], [ 92.059274, 26.2746857 ], [ 92.0590514, 26.274058 ], [ 92.0593759, 26.2737838 ], [ 92.0598721, 26.2737044 ], [ 92.0601672, 26.273714 ], [ 92.0605749, 26.2738343 ], [ 92.061401, 26.2738667 ], [ 92.0625007, 26.2739353 ], [ 92.0630157, 26.2741999 ], [ 92.0636836, 26.2743851 ], [ 92.064169, 26.2744235 ], [ 92.0642844, 26.2741926 ], [ 92.064676, 26.2743105 ], [ 92.0645419, 26.2747843 ], [ 92.0659098, 26.2751378 ], [ 92.0660714, 26.2748254 ], [ 92.0662684, 26.2748254 ], [ 92.0662826, 26.2750176 ], [ 92.0661861, 26.2752052 ], [ 92.0673555, 26.2756982 ], [ 92.0679241, 26.2759387 ], [ 92.0680819, 26.2759854 ], [ 92.06878, 26.276344 ], [ 92.0709805, 26.2773913 ], [ 92.072166, 26.2772682 ], [ 92.0723219, 26.2772682 ], [ 92.0731715, 26.2773343 ], [ 92.073573, 26.2774044 ], [ 92.0744699, 26.2768935 ], [ 92.0761635, 26.276361 ], [ 92.0763471, 26.276361 ], [ 92.0763471, 26.2765126 ], [ 92.0762605, 26.2769058 ], [ 92.0749833, 26.2777383 ], [ 92.074409, 26.2780316 ], [ 92.0736958, 26.2781397 ] ] ] ] } },
{ "type": "Feature", "properties": { "full_id": "w1314343232", "osm_id": "1314343232", "osm_type": "way", "landuse": "residential", "water": null, "residential": null, "industrial": null, "resource": null, "trees": null, "produce": null, "natural": null, "name": null, "boundary": null, "type": null }, "geometry": { "type": "MultiPolygon", "coordinates": [ [ [ [ 92.0658469, 26.2789207 ], [ 92.0660371, 26.2789207 ], [ 92.0666206, 26.2794198 ], [ 92.0666206, 26.2795705 ], [ 92.0666128, 26.2796983 ], [ 92.0661957, 26.2797188 ], [ 92.0659592, 26.2797188 ], [ 92.0656963, 26.2796575 ], [ 92.0655716, 26.2796235 ], [ 92.0655716, 26.2794395 ], [ 92.0658469, 26.2789207 ] ] ] ] } },
{ "type": "Feature", "properties": { "full_id": "w1320028547", "osm_id": "1320028547", "osm_type": "way", "landuse": "basin", "water": "pond", "residential": null, "industrial": null, "resource": null, "trees": null, "produce": null, "natural": "water", "name": null, "boundary": null, "type": null }, "geometry": { "type": "MultiPolygon", "coordinates": [ [ [ [ 92.2227976, 26.3481307 ], [ 92.2228209, 26.3486211 ], [ 92.2233869, 26.3485994 ], [ 92.2233635, 26.348109 ], [ 92.2227976, 26.3481307 ] ] ] ] } },
{ "type": "Feature", "properties": { "full_id": "w1346646521", "osm_id": "1346646521", "osm_type": "way", "landuse": "residential", "water": null, "residential": null, "industrial": null, "resource": null, "trees": null, "produce": null, "natural": null, "name": null, "boundary": null, "type": null }, "geometry": { "type": "MultiPolygon", "coordinates": [ [ [ [ 92.4836366, 26.3992682 ], [ 92.4835239, 26.3997504 ], [ 92.4828216, 26.4009606 ], [ 92.482609, 26.4016211 ], [ 92.4823954, 26.4016211 ], [ 92.4821806, 26.4015135 ], [ 92.4818373, 26.3993753 ], [ 92.4810004, 26.3993321 ], [ 92.4807818, 26.3993333 ], [ 92.4799879, 26.3993069 ], [ 92.4799785, 26.3997069 ], [ 92.4797639, 26.3997381 ], [ 92.479265, 26.3997081 ], [ 92.4786548, 26.3996828 ], [ 92.4782753, 26.3996048 ], [ 92.4776984, 26.3994728 ], [ 92.4781734, 26.3980636 ], [ 92.4788868, 26.398102 ], [ 92.4791413, 26.396688 ], [ 92.4791439, 26.3964076 ], [ 92.4795947, 26.3964701 ], [ 92.480178, 26.3965039 ], [ 92.4803781, 26.3968767 ], [ 92.4804693, 26.3970353 ], [ 92.4823634, 26.3975132 ], [ 92.4835262, 26.3980167 ], [ 92.4836366, 26.3992682 ] ] ] ] } },
{ "type": "Feature", "properties": { "full_id": "w1346647126", "osm_id": "1346647126", "osm_type": "way", "landuse": "residential", "water": null, "residential": null, "industrial": null, "resource": null, "trees": null, "produce": null, "natural": null, "name": null, "boundary": null, "type": null }, "geometry": { "type": "MultiPolygon", "coordinates": [ [ [ [ 92.4503596, 26.3707681 ], [ 92.4505667, 26.3707681 ], [ 92.4523435, 26.3713632 ], [ 92.4524996, 26.3718124 ], [ 92.4525233, 26.3718935 ], [ 92.4525233, 26.3720592 ], [ 92.4525023, 26.3722313 ], [ 92.4522852, 26.3722313 ], [ 92.4500065, 26.3721261 ], [ 92.4500065, 26.3718843 ], [ 92.4501324, 26.3714224 ], [ 92.4503596, 26.3707681 ] ] ] ] } },
{ "type": "Feature", "properties": { "full_id": "w1346647127", "osm_id": "1346647127", "osm_type": "way", "landuse": "residential", "water": null, "residential": null, "industrial": null, "resource": null, "trees": null, "produce": null, "natural": null, "name": null, "boundary": null, "type": null }, "geometry": { "type": "MultiPolygon", "coordinates": [ [ [ [ 92.4587757, 26.36998 ], [ 92.458325, 26.3699025 ], [ 92.4552211, 26.3683653 ], [ 92.4533225, 26.3672585 ], [ 92.4532721, 26.3670441 ], [ 92.4532721, 26.3668658 ], [ 92.4533367, 26.366742 ], [ 92.4535179, 26.366742 ], [ 92.4571393, 26.3670235 ], [ 92.4588326, 26.3674528 ], [ 92.4609687, 26.3680903 ], [ 92.4610531, 26.3682898 ], [ 92.4610931, 26.3691503 ], [ 92.4617663, 26.3692008 ], [ 92.4621753, 26.3693366 ], [ 92.4622396, 26.3699325 ], [ 92.4619794, 26.3699326 ], [ 92.4618655, 26.3699337 ], [ 92.461832, 26.3700635 ], [ 92.4618226, 26.3703879 ], [ 92.4618296, 26.3704858 ], [ 92.4609448, 26.3706784 ], [ 92.4607946, 26.3707925 ], [ 92.4607628, 26.3708943 ], [ 92.4607425, 26.3709454 ], [ 92.4582068, 26.3721714 ], [ 92.4579932, 26.3721714 ], [ 92.4573579, 26.3720561 ], [ 92.4567207, 26.3715774 ], [ 92.4563868, 26.3711067 ], [ 92.4563868, 26.370944 ], [ 92.4563908, 26.3708732 ], [ 92.4568955, 26.3699649 ], [ 92.4570701, 26.3695131 ], [ 92.4574287, 26.369472 ], [ 92.458011, 26.3705 ], [ 92.4587757, 26.36998 ] ] ] ] } },
{ "type": "Feature", "properties": { "full_id": "w1346647128", "osm_id": "1346647128", "osm_type": "way", "landuse": "residential", "water": null, "residential": null, "industrial": null, "resource": null, "trees": null, "produce": null, "natural": null, "name": null, "boundary": null, "type": null }, "geometry": { "type": "MultiPolygon", "coordinates": [ [ [ [ 92.4589851, 26.3620137 ], [ 92.4592726, 26.3621717 ], [ 92.4593491, 26.3625541 ], [ 92.4594071, 26.3629809 ], [ 92.4594071, 26.3631381 ], [ 92.4593997, 26.3632323 ], [ 92.4593847, 26.3633365 ], [ 92.4593634, 26.3634814 ], [ 92.4591029, 26.3637936 ], [ 92.4581373, 26.3638609 ], [ 92.4580783, 26.3644281 ], [ 92.4578601, 26.3650325 ], [ 92.4562774, 26.3652452 ], [ 92.4559864, 26.3652452 ], [ 92.4556821, 26.3643196 ], [ 92.4556821, 26.3641333 ], [ 92.455734, 26.3639234 ], [ 92.4574131, 26.3636639 ], [ 92.4576008, 26.3630919 ], [ 92.4585718, 26.3630727 ], [ 92.4587861, 26.3621178 ], [ 92.4589851, 26.3620137 ] ] ] ] } },
{ "type": "Feature", "properties": { "full_id": "w1346651328", "osm_id": "1346651328", "osm_type": "way", "landuse": "residential", "water": null, "residential": null, "industrial": null, "resource": null, "trees": null, "produce": null, "natural": null, "name": null, "boundary": null, "type": null }, "geometry": { "type": "MultiPolygon", "coordinates": [ [ [ [ 92.440263, 26.3454795 ], [ 92.4407244, 26.3464794 ], [ 92.4408424, 26.3469313 ], [ 92.4428165, 26.3476812 ], [ 92.4433422, 26.347162 ], [ 92.4439108, 26.3471909 ], [ 92.4450159, 26.3483157 ], [ 92.4449086, 26.3503924 ], [ 92.4458206, 26.350652 ], [ 92.4461585, 26.3508539 ], [ 92.4454665, 26.3522671 ], [ 92.4447906, 26.3525363 ], [ 92.4435246, 26.3524306 ], [ 92.4431491, 26.3515845 ], [ 92.4424624, 26.3515749 ], [ 92.4416578, 26.3512961 ], [ 92.4408853, 26.3512673 ], [ 92.4400914, 26.3520652 ], [ 92.4415398, 26.3521518 ], [ 92.4422264, 26.3524594 ], [ 92.4421191, 26.3541418 ], [ 92.4391687, 26.3547667 ], [ 92.4375808, 26.3545072 ], [ 92.4366045, 26.354238 ], [ 92.4362397, 26.3554589 ], [ 92.4350703, 26.3563145 ], [ 92.4331391, 26.3561222 ], [ 92.4329674, 26.3544495 ], [ 92.4331069, 26.3537188 ], [ 92.4331299, 26.3531139 ], [ 92.4331283, 26.3531132 ], [ 92.4324498, 26.3533295 ], [ 92.4314439, 26.3534496 ], [ 92.4313366, 26.3535674 ], [ 92.4311569, 26.3535362 ], [ 92.4311194, 26.3534112 ], [ 92.4301457, 26.3534112 ], [ 92.4291801, 26.3534112 ], [ 92.4285042, 26.352892 ], [ 92.4283862, 26.3518633 ], [ 92.4260902, 26.3521133 ], [ 92.425586, 26.3520652 ], [ 92.4254787, 26.3511615 ], [ 92.4255645, 26.3504597 ], [ 92.4266481, 26.3499117 ], [ 92.4267125, 26.3491714 ], [ 92.4264228, 26.3488445 ], [ 92.424953, 26.3487388 ], [ 92.4247813, 26.34771 ], [ 92.4258971, 26.3472582 ], [ 92.4266374, 26.3471716 ], [ 92.4267125, 26.3457776 ], [ 92.4270451, 26.345393 ], [ 92.4279249, 26.3453738 ], [ 92.4278927, 26.346489 ], [ 92.4298775, 26.3470178 ], [ 92.4312401, 26.3473062 ], [ 92.4320387, 26.347254 ], [ 92.4333644, 26.3472101 ], [ 92.4339829, 26.3487927 ], [ 92.4364436, 26.3491714 ], [ 92.4376559, 26.3474505 ], [ 92.4386001, 26.3456622 ], [ 92.440263, 26.3454795 ] ] ] ] } },
{ "type": "Feature", "properties": { "full_id": "w1346651329", "osm_id": "1346651329", "osm_type": "way", "landuse": "residential", "water": null, "residential": null, "industrial": null, "resource": null, "trees": null, "produce": null, "natural": null, "name": null, "boundary": null, "type": null }, "geometry": { "type": "MultiPolygon", "coordinates": [ [ [ [ 92.4688983, 26.3558146 ], [ 92.4711406, 26.3561415 ], [ 92.4715483, 26.3567952 ], [ 92.4738336, 26.3567664 ], [ 92.4736833, 26.3557185 ], [ 92.4744987, 26.3552474 ], [ 92.4749279, 26.3553916 ], [ 92.4753034, 26.3559011 ], [ 92.4758935, 26.3559588 ], [ 92.4772668, 26.3556223 ], [ 92.4768591, 26.3546802 ], [ 92.4789512, 26.3541322 ], [ 92.4797559, 26.3539604 ], [ 92.4804103, 26.3537477 ], [ 92.4799544, 26.3528488 ], [ 92.4797291, 26.3526373 ], [ 92.4798739, 26.3522816 ], [ 92.4798352, 26.3514772 ], [ 92.4796444, 26.3509123 ], [ 92.4795165, 26.3507193 ], [ 92.4794374, 26.3506599 ], [ 92.4793996, 26.3506454 ], [ 92.4788064, 26.3498925 ], [ 92.4782324, 26.3489503 ], [ 92.4787036, 26.3485935 ], [ 92.4786946, 26.3483225 ], [ 92.4785562, 26.3481635 ], [ 92.4770545, 26.3460386 ], [ 92.4763083, 26.3454969 ], [ 92.4761187, 26.3454969 ], [ 92.4758432, 26.345509 ], [ 92.4760729, 26.3440445 ], [ 92.4760729, 26.3438772 ], [ 92.4758631, 26.3427767 ], [ 92.4737909, 26.3425624 ], [ 92.4736255, 26.3425597 ], [ 92.4734537, 26.3425597 ], [ 92.4731501, 26.3426019 ], [ 92.4720973, 26.3431421 ], [ 92.4718585, 26.3448629 ], [ 92.4718585, 26.3450947 ], [ 92.4730202, 26.3459605 ], [ 92.4735922, 26.3462689 ], [ 92.4743162, 26.3463165 ], [ 92.4749358, 26.3487301 ], [ 92.4750821, 26.3489869 ], [ 92.4756631, 26.3497557 ], [ 92.4764325, 26.3497639 ], [ 92.4767625, 26.3501809 ], [ 92.4772212, 26.3507067 ], [ 92.4776423, 26.3510702 ], [ 92.4779695, 26.3513682 ], [ 92.4783772, 26.3515461 ], [ 92.478624, 26.3519451 ], [ 92.4790209, 26.3527334 ], [ 92.4791765, 26.3531804 ], [ 92.4776423, 26.3535073 ], [ 92.4754, 26.3540072 ], [ 92.4753517, 26.3534641 ], [ 92.4747777, 26.3536035 ], [ 92.4742842, 26.3534833 ], [ 92.4736887, 26.3540938 ], [ 92.4731576, 26.3540986 ], [ 92.472648, 26.3541611 ], [ 92.4724549, 26.3537621 ], [ 92.4715644, 26.3537909 ], [ 92.4716073, 26.3542812 ], [ 92.4708724, 26.3542716 ], [ 92.4691684, 26.3543606 ], [ 92.4691665, 26.3542957 ], [ 92.4674499, 26.3546321 ], [ 92.4666667, 26.3546514 ], [ 92.4661517, 26.3549013 ], [ 92.4661189, 26.3550924 ], [ 92.4662268, 26.3559492 ], [ 92.4643707, 26.3559396 ], [ 92.4633193, 26.3557954 ], [ 92.4632013, 26.3553724 ], [ 92.4625039, 26.3552955 ], [ 92.4624181, 26.3549878 ], [ 92.4615598, 26.3548917 ], [ 92.4604869, 26.3554493 ], [ 92.4583948, 26.354834 ], [ 92.4559164, 26.3548917 ], [ 92.4558627, 26.3560646 ], [ 92.460283, 26.3565164 ], [ 92.4610662, 26.3566798 ], [ 92.4617422, 26.357247 ], [ 92.4623322, 26.3576508 ], [ 92.4652612, 26.3580642 ], [ 92.4669242, 26.3581411 ], [ 92.467246, 26.3577181 ], [ 92.4685228, 26.3575835 ], [ 92.4693274, 26.35767 ], [ 92.4693167, 26.3581026 ], [ 92.4711299, 26.3582084 ], [ 92.4714196, 26.3589486 ], [ 92.4720096, 26.3592082 ], [ 92.4737048, 26.3590063 ], [ 92.4740159, 26.3599388 ], [ 92.4741554, 26.3602849 ], [ 92.4744987, 26.3610443 ], [ 92.4757755, 26.3609962 ], [ 92.4767196, 26.3607463 ], [ 92.4764728, 26.3599484 ], [ 92.4754643, 26.359535 ], [ 92.4751532, 26.3583526 ], [ 92.4739838, 26.3579969 ], [ 92.4730182, 26.3580738 ], [ 92.4729109, 26.3574874 ], [ 92.4724388, 26.3571221 ], [ 92.4691987, 26.3565645 ], [ 92.467761, 26.3564107 ], [ 92.4674928, 26.3558915 ], [ 92.4688983, 26.3558146 ] ] ] ] } },
{ "type": "Feature", "properties": { "full_id": "w1346651330", "osm_id": "1346651330", "osm_type": "way", "landuse": "residential", "water": null, "residential": null, "industrial": null, "resource": null, "trees": null, "produce": null, "natural": null, "name": null, "boundary": null, "type": null }, "geometry": { "type": "MultiPolygon", "coordinates": [ [ [ [ 92.4447924, 26.3674614 ], [ 92.4479532, 26.3684118 ], [ 92.4483658, 26.3672731 ], [ 92.4483793, 26.3662899 ], [ 92.4492452, 26.3641977 ], [ 92.4504816, 26.3628301 ], [ 92.4514305, 26.3621944 ], [ 92.4502368, 26.3603225 ], [ 92.4499007, 26.3599383 ], [ 92.4483844, 26.3601753 ], [ 92.4482225, 26.3629524 ], [ 92.4476958, 26.3637837 ], [ 92.4470751, 26.3656108 ], [ 92.4464087, 26.3657113 ], [ 92.4455126, 26.365849 ], [ 92.4448272, 26.3667673 ], [ 92.4447241, 26.3671425 ], [ 92.4447924, 26.3674614 ] ] ] ] } },
{ "type": "Feature", "properties": { "full_id": "w1346651331", "osm_id": "1346651331", "osm_type": "way", "landuse": "residential", "water": null, "residential": null, "industrial": null, "resource": null, "trees": null, "produce": null, "natural": null, "name": null, "boundary": null, "type": null }, "geometry": { "type": "MultiPolygon", "coordinates": [ [ [ [ 92.4480414, 26.3592562 ], [ 92.450273, 26.3594389 ], [ 92.4506485, 26.3584295 ], [ 92.4511528, 26.3574874 ], [ 92.4540496, 26.3577277 ], [ 92.4546504, 26.3570163 ], [ 92.4540067, 26.3558242 ], [ 92.4538779, 26.3550167 ], [ 92.4524403, 26.3548629 ], [ 92.4527192, 26.3527382 ], [ 92.4530411, 26.3516422 ], [ 92.45332, 26.3509885 ], [ 92.4536633, 26.3502674 ], [ 92.4532556, 26.3487965 ], [ 92.4530518, 26.3478158 ], [ 92.4529056, 26.347442 ], [ 92.4524939, 26.3469121 ], [ 92.4524724, 26.3457006 ], [ 92.4521077, 26.3442008 ], [ 92.4517965, 26.3436527 ], [ 92.4507558, 26.3435278 ], [ 92.4504661, 26.344345 ], [ 92.4503803, 26.3451526 ], [ 92.4506056, 26.3462102 ], [ 92.4510562, 26.3467198 ], [ 92.4512601, 26.347287 ], [ 92.4513674, 26.3480946 ], [ 92.4513459, 26.3490464 ], [ 92.4510562, 26.3494214 ], [ 92.4503589, 26.3497675 ], [ 92.4495542, 26.3494887 ], [ 92.4488997, 26.3492003 ], [ 92.4481916, 26.3489695 ], [ 92.4476123, 26.3492483 ], [ 92.4473441, 26.3506039 ], [ 92.4466252, 26.3508443 ], [ 92.4463999, 26.3529497 ], [ 92.4466252, 26.354238 ], [ 92.4473119, 26.3544495 ], [ 92.447269, 26.354959 ], [ 92.4483204, 26.3553243 ], [ 92.4492431, 26.3559973 ], [ 92.4489641, 26.3565549 ], [ 92.4482453, 26.3571701 ], [ 92.4480414, 26.3592562 ] ] ] ] } },
{ "type": "Feature", "properties": { "full_id": "w1346653103", "osm_id": "1346653103", "osm_type": "way", "landuse": "residential", "water": null, "residential": null, "industrial": null, "resource": null, "trees": null, "produce": null, "natural": null, "name": null, "boundary": null, "type": null }, "geometry": { "type": "MultiPolygon", "coordinates": [ [ [ [ 92.2739594, 26.3445217 ], [ 92.2744274, 26.3447392 ], [ 92.2751623, 26.3449747 ], [ 92.276203, 26.3451911 ], [ 92.2771579, 26.3452632 ], [ 92.2774583, 26.3452103 ], [ 92.2775656, 26.3451238 ], [ 92.2775817, 26.3448498 ], [ 92.2775012, 26.344595 ], [ 92.2774261, 26.34447 ], [ 92.2773188, 26.3443498 ], [ 92.2760743, 26.343821 ], [ 92.276364, 26.3428547 ], [ 92.2762513, 26.3426144 ], [ 92.2761708, 26.3425038 ], [ 92.2760689, 26.3424124 ], [ 92.2759616, 26.3423355 ], [ 92.2758329, 26.3422682 ], [ 92.2756834, 26.342219 ], [ 92.2753876, 26.3421528 ], [ 92.2749822, 26.3421181 ], [ 92.274996, 26.3420855 ], [ 92.2746205, 26.3417875 ], [ 92.2747922, 26.3391338 ], [ 92.2736871, 26.3393068 ], [ 92.2732901, 26.3404126 ], [ 92.2732043, 26.3421048 ], [ 92.272861, 26.342797 ], [ 92.2712624, 26.3433258 ], [ 92.2712946, 26.3439412 ], [ 92.2712088, 26.3450276 ], [ 92.2720778, 26.3453161 ], [ 92.2731078, 26.3450372 ], [ 92.2739594, 26.3445217 ] ] ] ] } },
{ "type": "Feature", "properties": { "full_id": "w1346653104", "osm_id": "1346653104", "osm_type": "way", "landuse": "residential", "water": null, "residential": null, "industrial": null, "resource": null, "trees": null, "produce": null, "natural": null, "name": null, "boundary": null, "type": null }, "geometry": { "type": "MultiPolygon", "coordinates": [ [ [ [ 92.2825438, 26.3462775 ], [ 92.2831982, 26.3464554 ], [ 92.2842282, 26.346739 ], [ 92.284534, 26.3463977 ], [ 92.2850972, 26.3459266 ], [ 92.2849953, 26.3453401 ], [ 92.2850972, 26.3444219 ], [ 92.2839546, 26.3441335 ], [ 92.2826618, 26.344119 ], [ 92.2826242, 26.3434364 ], [ 92.2825277, 26.342672 ], [ 92.2820395, 26.3427153 ], [ 92.2822165, 26.3436143 ], [ 92.2817713, 26.3439316 ], [ 92.2820234, 26.3447152 ], [ 92.2822702, 26.345018 ], [ 92.2822702, 26.3455228 ], [ 92.282576, 26.3456141 ], [ 92.2825438, 26.3462775 ] ] ] ] } },
{ "type": "Feature", "properties": { "full_id": "w1346655727", "osm_id": "1346655727", "osm_type": "way", "landuse": "residential", "water": null, "residential": null, "industrial": null, "resource": null, "trees": null, "produce": null, "natural": null, "name": null, "boundary": null, "type": null }, "geometry": { "type": "MultiPolygon", "coordinates": [ [ [ [ 92.3974121, 26.3235035 ], [ 92.397573, 26.3238449 ], [ 92.3976481, 26.3242488 ], [ 92.3986298, 26.3244555 ], [ 92.3990643, 26.3246575 ], [ 92.3991877, 26.3250662 ], [ 92.3990428, 26.3257321 ], [ 92.3990697, 26.3264124 ], [ 92.4001104, 26.3264124 ], [ 92.40062, 26.3256047 ], [ 92.4011457, 26.3253114 ], [ 92.4013281, 26.3245421 ], [ 92.4037313, 26.3243257 ], [ 92.4038064, 26.3236814 ], [ 92.4048632, 26.3237439 ], [ 92.4047452, 26.3227679 ], [ 92.4045253, 26.3224409 ], [ 92.4031198, 26.3223688 ], [ 92.4030554, 26.3220274 ], [ 92.4026048, 26.3218832 ], [ 92.4023098, 26.3219312 ], [ 92.4023634, 26.3227246 ], [ 92.4007755, 26.3227438 ], [ 92.4008185, 26.3217822 ], [ 92.4002767, 26.3209456 ], [ 92.3999119, 26.3208855 ], [ 92.3990375, 26.3209648 ], [ 92.399134, 26.3219264 ], [ 92.3992467, 26.3225082 ], [ 92.3992252, 26.3231189 ], [ 92.3973906, 26.3232631 ], [ 92.3974121, 26.3235035 ] ] ] ] } },
{ "type": "Feature", "properties": { "full_id": "w1346899047", "osm_id": "1346899047", "osm_type": "way", "landuse": "residential", "water": null, "residential": null, "industrial": null, "resource": null, "trees": null, "produce": null, "natural": null, "name": null, "boundary": null, "type": null }, "geometry": { "type": "MultiPolygon", "coordinates": [ [ [ [ 92.2143251, 26.305069 ], [ 92.2144838, 26.305069 ], [ 92.2172968, 26.3057429 ], [ 92.2172968, 26.3059628 ], [ 92.2171196, 26.3071873 ], [ 92.2169528, 26.3071873 ], [ 92.2136118, 26.3058379 ], [ 92.2136118, 26.3057211 ], [ 92.2138039, 26.3051675 ], [ 92.2143251, 26.305069 ] ] ] ] } },
{ "type": "Feature", "properties": { "full_id": "w1349568923", "osm_id": "1349568923", "osm_type": "way", "landuse": "residential", "water": null, "residential": null, "industrial": null, "resource": null, "trees": null, "produce": null, "natural": null, "name": null, "boundary": null, "type": null }, "geometry": { "type": "MultiPolygon", "coordinates": [ [ [ [ 92.2843853, 26.4006486 ], [ 92.2846003, 26.4005896 ], [ 92.2843875, 26.3999019 ], [ 92.2841418, 26.3999471 ], [ 92.2843853, 26.4006486 ] ] ] ] } },
{ "type": "Feature", "properties": { "full_id": "w1349568924", "osm_id": "1349568924", "osm_type": "way", "landuse": "residential", "water": null, "residential": null, "industrial": null, "resource": null, "trees": null, "produce": null, "natural": null, "name": null, "boundary": null, "type": null }, "geometry": { "type": "MultiPolygon", "coordinates": [ [ [ [ 92.2845981, 26.4001416 ], [ 92.2851224, 26.3998744 ], [ 92.2849578, 26.3993831 ], [ 92.2847692, 26.3989882 ], [ 92.2846244, 26.3986875 ], [ 92.2844972, 26.3987681 ], [ 92.2843611, 26.3985146 ], [ 92.2841834, 26.3985264 ], [ 92.2842975, 26.3987701 ], [ 92.2844599, 26.3991709 ], [ 92.2841936, 26.3992647 ], [ 92.2841308, 26.3992869 ], [ 92.2845981, 26.4001416 ] ] ] ] } },
{ "type": "Feature", "properties": { "full_id": "w1354366280", "osm_id": "1354366280", "osm_type": "way", "landuse": "residential", "water": null, "residential": null, "industrial": null, "resource": null, "trees": null, "produce": null, "natural": null, "name": null, "boundary": null, "type": null }, "geometry": { "type": "MultiPolygon", "coordinates": [ [ [ [ 92.1568792, 26.2853344 ], [ 92.1562363, 26.2851594 ], [ 92.156089, 26.2850966 ], [ 92.156089, 26.2849179 ], [ 92.156245, 26.283936 ], [ 92.1566574, 26.2831024 ], [ 92.1561137, 26.2823872 ], [ 92.1554865, 26.2811063 ], [ 92.1554733, 26.2810285 ], [ 92.1554733, 26.2808919 ], [ 92.155492, 26.2799555 ], [ 92.1556749, 26.2799555 ], [ 92.1569681, 26.2825741 ], [ 92.1575153, 26.2830262 ], [ 92.1581217, 26.2831913 ], [ 92.1603513, 26.2831241 ], [ 92.1605548, 26.2831241 ], [ 92.1613945, 26.2835248 ], [ 92.1620391, 26.2841203 ], [ 92.1620483, 26.284182 ], [ 92.1620483, 26.2843575 ], [ 92.1619764, 26.2846265 ], [ 92.1616488, 26.2850274 ], [ 92.1612042, 26.2853525 ], [ 92.1582746, 26.2857596 ], [ 92.1580522, 26.2857596 ], [ 92.1568804, 26.2857307 ], [ 92.1568792, 26.2853344 ] ] ] ] } },
{ "type": "Feature", "properties": { "full_id": "w1354367656", "osm_id": "1354367656", "osm_type": "way", "landuse": "residential", "water": null, "residential": null, "industrial": null, "resource": null, "trees": null, "produce": null, "natural": null, "name": null, "boundary": null, "type": null }, "geometry": { "type": "MultiPolygon", "coordinates": [ [ [ [ 92.1830181, 26.2538925 ], [ 92.1832039, 26.2538925 ], [ 92.1834243, 26.2540432 ], [ 92.1834391, 26.2546085 ], [ 92.1834391, 26.2547877 ], [ 92.1832654, 26.2547877 ], [ 92.1831604, 26.254627 ], [ 92.1830181, 26.2540846 ], [ 92.1830181, 26.2538925 ] ] ] ] } },
{ "type": "Feature", "properties": { "full_id": "w1354367657", "osm_id": "1354367657", "osm_type": "way", "landuse": "residential", "water": null, "residential": null, "industrial": null, "resource": null, "trees": null, "produce": null, "natural": null, "name": null, "boundary": null, "type": null }, "geometry": { "type": "MultiPolygon", "coordinates": [ [ [ [ 92.169949, 26.2538955 ], [ 92.1701948, 26.2538955 ], [ 92.1701948, 26.254143 ], [ 92.1695792, 26.2545583 ], [ 92.167212, 26.2555244 ], [ 92.1671064, 26.2555259 ], [ 92.1669398, 26.2555259 ], [ 92.1656024, 26.2549038 ], [ 92.1656024, 26.2547507 ], [ 92.1675415, 26.2541909 ], [ 92.1696633, 26.253899 ], [ 92.169949, 26.2538955 ] ] ] ] } },
{ "type": "Feature", "properties": { "full_id": "w1354367658", "osm_id": "1354367658", "osm_type": "way", "landuse": "residential", "water": null, "residential": null, "industrial": null, "resource": null, "trees": null, "produce": null, "natural": null, "name": null, "boundary": null, "type": null }, "geometry": { "type": "MultiPolygon", "coordinates": [ [ [ [ 92.1721144, 26.2540912 ], [ 92.1723734, 26.2540912 ], [ 92.1726323, 26.2543723 ], [ 92.1726323, 26.2545385 ], [ 92.1726022, 26.2545751 ], [ 92.1724637, 26.2545751 ], [ 92.1717063, 26.2542596 ], [ 92.1717063, 26.254103 ], [ 92.1721144, 26.2540912 ] ] ] ] } },
{ "type": "Feature", "properties": { "full_id": "w1354367659", "osm_id": "1354367659", "osm_type": "way", "landuse": "residential", "water": null, "residential": null, "industrial": null, "resource": null, "trees": null, "produce": null, "natural": null, "name": null, "boundary": null, "type": null }, "geometry": { "type": "MultiPolygon", "coordinates": [ [ [ [ 92.1722028, 26.2552431 ], [ 92.1724399, 26.2552431 ], [ 92.1736017, 26.2556439 ], [ 92.1737403, 26.2557299 ], [ 92.1737403, 26.2558905 ], [ 92.1735044, 26.256169 ], [ 92.1732929, 26.256169 ], [ 92.1717536, 26.2561371 ], [ 92.1717536, 26.2559367 ], [ 92.1722028, 26.2552431 ] ] ] ] } },
{ "type": "Feature", "properties": { "full_id": "w1354367660", "osm_id": "1354367660", "osm_type": "way", "landuse": "residential", "water": null, "residential": null, "industrial": null, "resource": null, "trees": null, "produce": null, "natural": null, "name": null, "boundary": null, "type": null }, "geometry": { "type": "MultiPolygon", "coordinates": [ [ [ [ 92.1835244, 26.2565281 ], [ 92.183659, 26.2565281 ], [ 92.1837848, 26.2575765 ], [ 92.183954, 26.2595825 ], [ 92.183954, 26.2598652 ], [ 92.1834108, 26.260602 ], [ 92.1843747, 26.2613493 ], [ 92.1845249, 26.2619603 ], [ 92.1835019, 26.2626969 ], [ 92.1838056, 26.2632376 ], [ 92.1838056, 26.2635132 ], [ 92.1833557, 26.2637276 ], [ 92.1831166, 26.2645672 ], [ 92.1827668, 26.2644806 ], [ 92.1828841, 26.2635197 ], [ 92.1828841, 26.2633228 ], [ 92.1828964, 26.2627609 ], [ 92.181082, 26.2627437 ], [ 92.1797943, 26.2623549 ], [ 92.1784866, 26.2619297 ], [ 92.1786188, 26.2629485 ], [ 92.1786188, 26.2632052 ], [ 92.1785568, 26.2633442 ], [ 92.1784281, 26.2635774 ], [ 92.1782141, 26.2636117 ], [ 92.1759444, 26.2638561 ], [ 92.1757252, 26.2638564 ], [ 92.1755474, 26.2638564 ], [ 92.1742995, 26.2636571 ], [ 92.1714609, 26.2631332 ], [ 92.1710254, 26.262911 ], [ 92.1708894, 26.2629537 ], [ 92.1706241, 26.2629537 ], [ 92.1695776, 26.2625368 ], [ 92.1695776, 26.2623674 ], [ 92.1701143, 26.2617314 ], [ 92.1703375, 26.2617314 ], [ 92.170847, 26.2620249 ], [ 92.1712253, 26.2625177 ], [ 92.1716965, 26.2624123 ], [ 92.1718398, 26.2624123 ], [ 92.171859, 26.2616149 ], [ 92.1730749, 26.2603726 ], [ 92.1732419, 26.2599915 ], [ 92.1731972, 26.2597319 ], [ 92.1733618, 26.2588014 ], [ 92.1727717, 26.2585993 ], [ 92.1730661, 26.258267 ], [ 92.1726376, 26.2581423 ], [ 92.1729433, 26.2574832 ], [ 92.1735334, 26.2577334 ], [ 92.1741021, 26.2578392 ], [ 92.1746082, 26.2584794 ], [ 92.1748027, 26.2595343 ], [ 92.1748027, 26.2597385 ], [ 92.1739277, 26.2596746 ], [ 92.1738454, 26.2600081 ], [ 92.173828, 26.2600125 ], [ 92.1744596, 26.2601456 ], [ 92.1745342, 26.260167 ], [ 92.1752191, 26.260876 ], [ 92.1752191, 26.261012 ], [ 92.1751657, 26.2611985 ], [ 92.1745327, 26.2612059 ], [ 92.1741909, 26.2612059 ], [ 92.1733135, 26.2611916 ], [ 92.1733081, 26.2612068 ], [ 92.1729648, 26.2612886 ], [ 92.1726405, 26.2625128 ], [ 92.1756932, 26.2629862 ], [ 92.1758756, 26.2631451 ], [ 92.1762548, 26.2628198 ], [ 92.1764956, 26.2628198 ], [ 92.1781212, 26.2631097 ], [ 92.1782314, 26.2617884 ], [ 92.1779293, 26.2604685 ], [ 92.1779293, 26.2603286 ], [ 92.1791976, 26.2595872 ], [ 92.1794896, 26.2595872 ], [ 92.181552, 26.2599726 ], [ 92.1828647, 26.2603063 ], [ 92.1828145, 26.2572279 ], [ 92.1828145, 26.2570491 ], [ 92.1835244, 26.2565281 ] ] ] ] } },
{ "type": "Feature", "properties": { "full_id": "w1354367661", "osm_id": "1354367661", "osm_type": "way", "landuse": "residential", "water": null, "residential": null, "industrial": null, "resource": null, "trees": null, "produce": null, "natural": null, "name": null, "boundary": null, "type": null }, "geometry": { "type": "MultiPolygon", "coordinates": [ [ [ [ 92.1693197, 26.259349 ], [ 92.1704771, 26.2596714 ], [ 92.1724221, 26.2599462 ], [ 92.1723845, 26.2603272 ], [ 92.1723845, 26.2605782 ], [ 92.1651922, 26.2610605 ], [ 92.1649243, 26.2610605 ], [ 92.1644233, 26.2609535 ], [ 92.1644233, 26.2607299 ], [ 92.165824, 26.2602243 ], [ 92.1662826, 26.2600996 ], [ 92.167092, 26.2598901 ], [ 92.1676176, 26.2598249 ], [ 92.1691613, 26.2597228 ], [ 92.1693197, 26.259349 ] ] ] ] } },
{ "type": "Feature", "properties": { "full_id": "w1354392876", "osm_id": "1354392876", "osm_type": "way", "landuse": "residential", "water": null, "residential": null, "industrial": null, "resource": null, "trees": null, "produce": null, "natural": null, "name": null, "boundary": null, "type": null }, "geometry": { "type": "MultiPolygon", "coordinates": [ [ [ [ 92.1566842, 26.2638002 ], [ 92.1568556, 26.2638002 ], [ 92.1580258, 26.2642353 ], [ 92.1580895, 26.264297 ], [ 92.1580895, 26.2644447 ], [ 92.1576968, 26.2654738 ], [ 92.1574886, 26.2654738 ], [ 92.1567811, 26.2654542 ], [ 92.1562392, 26.2650721 ], [ 92.1554387, 26.2643902 ], [ 92.1554387, 26.2641888 ], [ 92.1565005, 26.2638272 ], [ 92.1566842, 26.2638002 ] ] ] ] } },
{ "type": "Feature", "properties": { "full_id": "w1354392879", "osm_id": "1354392879", "osm_type": "way", "landuse": "residential", "water": null, "residential": null, "industrial": null, "resource": null, "trees": null, "produce": null, "natural": null, "name": null, "boundary": null, "type": null }, "geometry": { "type": "MultiPolygon", "coordinates": [ [ [ [ 92.1619949, 26.2677375 ], [ 92.1622116, 26.2677375 ], [ 92.1626954, 26.268185 ], [ 92.1626954, 26.268336 ], [ 92.1620679, 26.270986 ], [ 92.1618281, 26.2711755 ], [ 92.1616589, 26.2711755 ], [ 92.1614813, 26.2708744 ], [ 92.1614813, 26.2705368 ], [ 92.1616723, 26.2688727 ], [ 92.1617773, 26.2682741 ], [ 92.1619119, 26.267928 ], [ 92.1619949, 26.2677375 ] ] ] ] } },
{ "type": "Feature", "properties": { "full_id": "w1354392880", "osm_id": "1354392880", "osm_type": "way", "landuse": "residential", "water": null, "residential": null, "industrial": null, "resource": null, "trees": null, "produce": null, "natural": null, "name": null, "boundary": null, "type": null }, "geometry": { "type": "MultiPolygon", "coordinates": [ [ [ [ 92.1578885, 26.2695023 ], [ 92.1581065, 26.2695023 ], [ 92.1583533, 26.2696479 ], [ 92.1600108, 26.270782 ], [ 92.1610658, 26.2717257 ], [ 92.1614478, 26.2721248 ], [ 92.1615118, 26.2722146 ], [ 92.1615118, 26.2724256 ], [ 92.1606901, 26.2728413 ], [ 92.159894, 26.2732013 ], [ 92.1596903, 26.2732013 ], [ 92.1575242, 26.2702832 ], [ 92.1575242, 26.2700616 ], [ 92.1577397, 26.269595 ], [ 92.1578885, 26.2695023 ] ] ] ] } },
{ "type": "Feature", "properties": { "full_id": "w1354392881", "osm_id": "1354392881", "osm_type": "way", "landuse": "residential", "water": null, "residential": null, "industrial": null, "resource": null, "trees": null, "produce": null, "natural": null, "name": null, "boundary": null, "type": null }, "geometry": { "type": "MultiPolygon", "coordinates": [ [ [ [ 92.1594409, 26.2696419 ], [ 92.1596158, 26.2696419 ], [ 92.1599382, 26.2698945 ], [ 92.1599382, 26.2700704 ], [ 92.1598915, 26.2701444 ], [ 92.1597124, 26.2701444 ], [ 92.1594657, 26.269866 ], [ 92.1594409, 26.2698077 ], [ 92.1594409, 26.2696419 ] ] ] ] } },
{ "type": "Feature", "properties": { "full_id": "w1354392882", "osm_id": "1354392882", "osm_type": "way", "landuse": "residential", "water": null, "residential": null, "industrial": null, "resource": null, "trees": null, "produce": null, "natural": null, "name": null, "boundary": null, "type": null }, "geometry": { "type": "MultiPolygon", "coordinates": [ [ [ [ 92.1553618, 26.2657484 ], [ 92.1555622, 26.2657484 ], [ 92.1555622, 26.2659238 ], [ 92.1552133, 26.266444 ], [ 92.1546828, 26.2665173 ], [ 92.1544239, 26.2665173 ], [ 92.1539711, 26.2660455 ], [ 92.1539711, 26.2658525 ], [ 92.1539995, 26.2658116 ], [ 92.1540525, 26.2658002 ], [ 92.1541032, 26.2657959 ], [ 92.1553618, 26.2657484 ] ] ] ] } },
{ "type": "Feature", "properties": { "full_id": "w1354619968", "osm_id": "1354619968", "osm_type": "way", "landuse": "residential", "water": null, "residential": null, "industrial": null, "resource": null, "trees": null, "produce": null, "natural": null, "name": null, "boundary": null, "type": null }, "geometry": { "type": "MultiPolygon", "coordinates": [ [ [ [ 92.3303614, 26.243561 ], [ 92.3307595, 26.2430302 ], [ 92.3312584, 26.242385 ], [ 92.3328908, 26.2422721 ], [ 92.3330373, 26.2410847 ], [ 92.3340711, 26.2413074 ], [ 92.3345146, 26.2415017 ], [ 92.3350027, 26.2415456 ], [ 92.3357707, 26.2417922 ], [ 92.3363013, 26.2420762 ], [ 92.3375369, 26.24154 ], [ 92.3377573, 26.24154 ], [ 92.3401628, 26.2415641 ], [ 92.3401628, 26.2417303 ], [ 92.3401697, 26.2418889 ], [ 92.3401603, 26.2420382 ], [ 92.3401535, 26.2421123 ], [ 92.3401002, 26.2426096 ], [ 92.3400574, 26.2429948 ], [ 92.3400392, 26.2430965 ], [ 92.3399136, 26.243697 ], [ 92.3396987, 26.243697 ], [ 92.3370637, 26.2433404 ], [ 92.3369176, 26.2433086 ], [ 92.3363533, 26.2432046 ], [ 92.3363222, 26.2433045 ], [ 92.3366216, 26.2454503 ], [ 92.3371396, 26.2454282 ], [ 92.3374784, 26.2460742 ], [ 92.3379802, 26.2472985 ], [ 92.3380617, 26.2481364 ], [ 92.3383929, 26.2493011 ], [ 92.3387741, 26.2502687 ], [ 92.3390775, 26.2509995 ], [ 92.3392298, 26.2515117 ], [ 92.3376528, 26.2511754 ], [ 92.3364208, 26.2509016 ], [ 92.3360403, 26.2508384 ], [ 92.3326472, 26.2501021 ], [ 92.3311462, 26.2497861 ], [ 92.3300609, 26.2495459 ], [ 92.3234896, 26.2481301 ], [ 92.323466, 26.247017 ], [ 92.323466, 26.2468601 ], [ 92.3234657, 26.2466197 ], [ 92.3257446, 26.2461582 ], [ 92.3257129, 26.2457347 ], [ 92.3259913, 26.2456083 ], [ 92.3261816, 26.2459085 ], [ 92.3267171, 26.2458264 ], [ 92.3299376, 26.2437817 ], [ 92.3299376, 26.2436553 ], [ 92.3303614, 26.243561 ] ] ] ] } },
{ "type": "Feature", "properties": { "full_id": "w1354621796", "osm_id": "1354621796", "osm_type": "way", "landuse": "residential", "water": null, "residential": null, "industrial": null, "resource": null, "trees": null, "produce": null, "natural": null, "name": null, "boundary": null, "type": null }, "geometry": { "type": "MultiPolygon", "coordinates": [ [ [ [ 92.3710947, 26.3343898 ], [ 92.3713674, 26.3343898 ], [ 92.3721305, 26.3355442 ], [ 92.3721305, 26.3357524 ], [ 92.3721294, 26.3359995 ], [ 92.3720707, 26.337257 ], [ 92.3718837, 26.337257 ], [ 92.3712868, 26.3361129 ], [ 92.3711082, 26.334813 ], [ 92.3710947, 26.3346004 ], [ 92.3710947, 26.3343898 ] ] ] ] } },
{ "type": "Feature", "properties": { "full_id": "w1354621797", "osm_id": "1354621797", "osm_type": "way", "landuse": "residential", "water": null, "residential": null, "industrial": null, "resource": null, "trees": null, "produce": null, "natural": null, "name": null, "boundary": null, "type": null }, "geometry": { "type": "MultiPolygon", "coordinates": [ [ [ [ 92.3701346, 26.336524 ], [ 92.3703134, 26.336524 ], [ 92.3703134, 26.3366547 ], [ 92.369075, 26.3376451 ], [ 92.3688572, 26.3376451 ], [ 92.3688572, 26.3374189 ], [ 92.3690347, 26.3370051 ], [ 92.3690923, 26.3369242 ], [ 92.3691946, 26.3367813 ], [ 92.3696057, 26.3366004 ], [ 92.3700826, 26.3365281 ], [ 92.3701346, 26.336524 ] ] ] ] } },
{ "type": "Feature", "properties": { "full_id": "w1354621798", "osm_id": "1354621798", "osm_type": "way", "landuse": "residential", "water": null, "residential": null, "industrial": null, "resource": null, "trees": null, "produce": null, "natural": null, "name": null, "boundary": null, "type": null }, "geometry": { "type": "MultiPolygon", "coordinates": [ [ [ [ 92.3719258, 26.3376592 ], [ 92.3720924, 26.3376592 ], [ 92.3729177, 26.3378445 ], [ 92.3730507, 26.3378851 ], [ 92.3730507, 26.3380716 ], [ 92.3727261, 26.3408701 ], [ 92.3719593, 26.3411832 ], [ 92.3717531, 26.3411832 ], [ 92.3714307, 26.3392384 ], [ 92.3708532, 26.3392384 ], [ 92.3703582, 26.3394602 ], [ 92.3699926, 26.3390831 ], [ 92.3700269, 26.3386188 ], [ 92.3700269, 26.3383959 ], [ 92.3719258, 26.3376592 ] ] ] ] } },
{ "type": "Feature", "properties": { "full_id": "w1354621799", "osm_id": "1354621799", "osm_type": "way", "landuse": "residential", "water": null, "residential": null, "industrial": null, "resource": null, "trees": null, "produce": null, "natural": null, "name": null, "boundary": null, "type": null }, "geometry": { "type": "MultiPolygon", "coordinates": [ [ [ [ 92.3619342, 26.3307237 ], [ 92.3620114, 26.3289238 ], [ 92.3620394, 26.328572 ], [ 92.3622251, 26.328572 ], [ 92.3629383, 26.3290015 ], [ 92.3636728, 26.3292531 ], [ 92.3643619, 26.3288068 ], [ 92.3649351, 26.3284284 ], [ 92.3656247, 26.3282015 ], [ 92.3659068, 26.3284895 ], [ 92.3660785, 26.3292924 ], [ 92.3644048, 26.3297588 ], [ 92.3635411, 26.3299607 ], [ 92.3633641, 26.3305232 ], [ 92.3636835, 26.3305747 ], [ 92.3651344, 26.3305857 ], [ 92.365188, 26.3304992 ], [ 92.3652846, 26.3300424 ], [ 92.3658907, 26.3300761 ], [ 92.3657991, 26.3306859 ], [ 92.3659871, 26.3318506 ], [ 92.3659871, 26.3320479 ], [ 92.3657423, 26.3327266 ], [ 92.3663208, 26.3328175 ], [ 92.367, 26.3340543 ], [ 92.367, 26.334229 ], [ 92.3680827, 26.3338864 ], [ 92.3701171, 26.3328059 ], [ 92.3708077, 26.3339027 ], [ 92.3706803, 26.3352366 ], [ 92.3703915, 26.3355279 ], [ 92.3679646, 26.3361587 ], [ 92.3678094, 26.3361929 ], [ 92.3676802, 26.3361929 ], [ 92.3667676, 26.3360223 ], [ 92.3660822, 26.3357499 ], [ 92.3652293, 26.3358003 ], [ 92.3651331, 26.3367985 ], [ 92.3656736, 26.3373876 ], [ 92.366756, 26.3376218 ], [ 92.3681456, 26.3385738 ], [ 92.3682956, 26.3386223 ], [ 92.3679519, 26.3407171 ], [ 92.3683919, 26.3416659 ], [ 92.3694402, 26.3425593 ], [ 92.3694402, 26.3428117 ], [ 92.3691695, 26.3428117 ], [ 92.3673117, 26.3427949 ], [ 92.3668144, 26.3424246 ], [ 92.3658493, 26.3413887 ], [ 92.3635838, 26.3382674 ], [ 92.3635838, 26.3380603 ], [ 92.364168, 26.3374022 ], [ 92.3627225, 26.3348637 ], [ 92.3625158, 26.3328985 ], [ 92.3619771, 26.3321605 ], [ 92.3619342, 26.3309542 ], [ 92.3619342, 26.3307237 ] ] ] ] } },
{ "type": "Feature", "properties": { "full_id": "w1354622990", "osm_id": "1354622990", "osm_type": "way", "landuse": "residential", "water": null, "residential": null, "industrial": null, "resource": null, "trees": null, "produce": null, "natural": null, "name": null, "boundary": null, "type": null }, "geometry": { "type": "MultiPolygon", "coordinates": [ [ [ [ 92.3736434, 26.3036924 ], [ 92.3739283, 26.3040744 ], [ 92.3739283, 26.3042328 ], [ 92.3737936, 26.3042759 ], [ 92.3736119, 26.3043199 ], [ 92.3729367, 26.3043463 ], [ 92.3726885, 26.3043463 ], [ 92.3724741, 26.3039686 ], [ 92.3709673, 26.3038129 ], [ 92.3709673, 26.3036521 ], [ 92.3716113, 26.3009915 ], [ 92.3719098, 26.3009733 ], [ 92.3721199, 26.3009733 ], [ 92.3747955, 26.3016411 ], [ 92.3745711, 26.3022646 ], [ 92.3742534, 26.302509 ], [ 92.3736679, 26.3033031 ], [ 92.3736434, 26.3036924 ] ] ] ] } },
{ "type": "Feature", "properties": { "full_id": "w1354622991", "osm_id": "1354622991", "osm_type": "way", "landuse": "residential", "water": null, "residential": null, "industrial": null, "resource": null, "trees": null, "produce": null, "natural": null, "name": null, "boundary": null, "type": null }, "geometry": { "type": "MultiPolygon", "coordinates": [ [ [ [ 92.3799671, 26.3018793 ], [ 92.3798941, 26.3029647 ], [ 92.3798523, 26.303104 ], [ 92.3796636, 26.303104 ], [ 92.3795635, 26.3022908 ], [ 92.379547, 26.3020138 ], [ 92.3770572, 26.3023786 ], [ 92.376884, 26.3023786 ], [ 92.3764186, 26.301812 ], [ 92.3764186, 26.3015903 ], [ 92.3765973, 26.3011224 ], [ 92.3781077, 26.3007325 ], [ 92.3794561, 26.3003881 ], [ 92.3796634, 26.3003881 ], [ 92.3804459, 26.3010553 ], [ 92.3805208, 26.301126 ], [ 92.3805208, 26.3012858 ], [ 92.3805144, 26.301553 ], [ 92.3799671, 26.3018793 ] ] ] ] } },
{ "type": "Feature", "properties": { "full_id": "w1354624021", "osm_id": "1354624021", "osm_type": "way", "landuse": "residential", "water": null, "residential": null, "industrial": null, "resource": null, "trees": null, "produce": null, "natural": null, "name": null, "boundary": null, "type": null }, "geometry": { "type": "MultiPolygon", "coordinates": [ [ [ [ 92.5148282, 26.3707086 ], [ 92.5149762, 26.3707086 ], [ 92.5156389, 26.3712746 ], [ 92.5158198, 26.3717097 ], [ 92.5158198, 26.3718501 ], [ 92.515809, 26.3719035 ], [ 92.5155058, 26.3722183 ], [ 92.515324, 26.3722183 ], [ 92.5148439, 26.3721112 ], [ 92.5142012, 26.3714072 ], [ 92.5142012, 26.3712485 ], [ 92.5142069, 26.3710864 ], [ 92.5148282, 26.3707086 ] ] ] ] } },
{ "type": "Feature", "properties": { "full_id": "w1354624022", "osm_id": "1354624022", "osm_type": "way", "landuse": "residential", "water": null, "residential": null, "industrial": null, "resource": null, "trees": null, "produce": null, "natural": null, "name": null, "boundary": null, "type": null }, "geometry": { "type": "MultiPolygon", "coordinates": [ [ [ [ 92.5134857, 26.3700684 ], [ 92.5136688, 26.3700684 ], [ 92.5141699, 26.3701401 ], [ 92.5141699, 26.3702646 ], [ 92.5133826, 26.3708049 ], [ 92.5131267, 26.3708982 ], [ 92.5129689, 26.3708982 ], [ 92.5129386, 26.3708562 ], [ 92.5129386, 26.3707013 ], [ 92.5129452, 26.3706433 ], [ 92.5132814, 26.3701812 ], [ 92.5134857, 26.3700684 ] ] ] ] } },
{ "type": "Feature", "properties": { "full_id": "w1354624023", "osm_id": "1354624023", "osm_type": "way", "landuse": "residential", "water": null, "residential": null, "industrial": null, "resource": null, "trees": null, "produce": null, "natural": null, "name": null, "boundary": null, "type": null }, "geometry": { "type": "MultiPolygon", "coordinates": [ [ [ [ 92.5062769, 26.3641567 ], [ 92.5066912, 26.3636827 ], [ 92.5064541, 26.3631955 ], [ 92.5064541, 26.3630451 ], [ 92.5071527, 26.362335 ], [ 92.5073051, 26.362335 ], [ 92.5074744, 26.3623577 ], [ 92.5083339, 26.3633954 ], [ 92.5091351, 26.3633746 ], [ 92.5093592, 26.3633746 ], [ 92.5095902, 26.3633901 ], [ 92.5100038, 26.3635387 ], [ 92.5100038, 26.3637777 ], [ 92.5099609, 26.3639038 ], [ 92.5098049, 26.3642559 ], [ 92.5095795, 26.3645767 ], [ 92.5085985, 26.3656232 ], [ 92.508394, 26.3656232 ], [ 92.5080816, 26.3655636 ], [ 92.5068632, 26.3647197 ], [ 92.505199, 26.3649648 ], [ 92.5049442, 26.3649648 ], [ 92.5047616, 26.3648929 ], [ 92.5047616, 26.3646662 ], [ 92.5056179, 26.3642925 ], [ 92.5057918, 26.3642251 ], [ 92.5062769, 26.3641567 ] ] ] ] } },
{ "type": "Feature", "properties": { "full_id": "w1354624024", "osm_id": "1354624024", "osm_type": "way", "landuse": "residential", "water": null, "residential": null, "industrial": null, "resource": null, "trees": null, "produce": null, "natural": null, "name": null, "boundary": null, "type": null }, "geometry": { "type": "MultiPolygon", "coordinates": [ [ [ [ 92.5075796, 26.3664844 ], [ 92.5078554, 26.3664844 ], [ 92.5105104, 26.3684961 ], [ 92.5105104, 26.3686916 ], [ 92.5101555, 26.3687284 ], [ 92.5099748, 26.3687284 ], [ 92.509081, 26.3685113 ], [ 92.5075078, 26.367096 ], [ 92.5073604, 26.3669607 ], [ 92.5073604, 26.3667784 ], [ 92.5073722, 26.3666611 ], [ 92.5075796, 26.3664844 ] ] ] ] } },
{ "type": "Feature", "properties": { "full_id": "w1354624025", "osm_id": "1354624025", "osm_type": "way", "landuse": "residential", "water": null, "residential": null, "industrial": null, "resource": null, "trees": null, "produce": null, "natural": null, "name": null, "boundary": null, "type": null }, "geometry": { "type": "MultiPolygon", "coordinates": [ [ [ [ 92.5084356, 26.368242 ], [ 92.5086147, 26.368242 ], [ 92.5088353, 26.3686344 ], [ 92.5090717, 26.370014 ], [ 92.5090717, 26.3701616 ], [ 92.5090707, 26.370217 ], [ 92.508885, 26.370217 ], [ 92.5080536, 26.3701881 ], [ 92.5080469, 26.3700889 ], [ 92.5080469, 26.3699353 ], [ 92.5081294, 26.3683626 ], [ 92.5084356, 26.368242 ] ] ] ] } },
{ "type": "Feature", "properties": { "full_id": "w1354624026", "osm_id": "1354624026", "osm_type": "way", "landuse": "residential", "water": null, "residential": null, "industrial": null, "resource": null, "trees": null, "produce": null, "natural": null, "name": null, "boundary": null, "type": null }, "geometry": { "type": "MultiPolygon", "coordinates": [ [ [ [ 92.5062966, 26.3653852 ], [ 92.5065357, 26.3665354 ], [ 92.5071076, 26.366594 ], [ 92.5074054, 26.3671932 ], [ 92.5073373, 26.3682153 ], [ 92.5077872, 26.3689371 ], [ 92.5077872, 26.3690677 ], [ 92.5077239, 26.369159 ], [ 92.5074285, 26.3695551 ], [ 92.5072536, 26.3695551 ], [ 92.5054136, 26.3685978 ], [ 92.5052927, 26.3679202 ], [ 92.5052927, 26.3677489 ], [ 92.5050012, 26.3655415 ], [ 92.5062966, 26.3653852 ] ] ] ] } },
{ "type": "Feature", "properties": { "full_id": "w1354624027", "osm_id": "1354624027", "osm_type": "way", "landuse": "residential", "water": null, "residential": null, "industrial": null, "resource": null, "trees": null, "produce": null, "natural": null, "name": null, "boundary": null, "type": null }, "geometry": { "type": "MultiPolygon", "coordinates": [ [ [ [ 92.5055487, 26.3695786 ], [ 92.5057561, 26.3695786 ], [ 92.5059578, 26.3695858 ], [ 92.5063509, 26.3700615 ], [ 92.5063737, 26.3703958 ], [ 92.5063737, 26.370566 ], [ 92.5063589, 26.3706129 ], [ 92.5061801, 26.3706129 ], [ 92.5052729, 26.3703227 ], [ 92.5051675, 26.3702434 ], [ 92.5050716, 26.3701591 ], [ 92.5050716, 26.3699834 ], [ 92.5051301, 26.3697406 ], [ 92.5055487, 26.3695786 ] ] ] ] } },
{ "type": "Feature", "properties": { "full_id": "w1354624028", "osm_id": "1354624028", "osm_type": "way", "landuse": "residential", "water": null, "residential": null, "industrial": null, "resource": null, "trees": null, "produce": null, "natural": null, "name": null, "boundary": null, "type": null }, "geometry": { "type": "MultiPolygon", "coordinates": [ [ [ [ 92.5076334, 26.3708918 ], [ 92.5078377, 26.3708918 ], [ 92.5079014, 26.3709303 ], [ 92.5081931, 26.3716178 ], [ 92.5081931, 26.3717701 ], [ 92.5080162, 26.372185 ], [ 92.5079048, 26.3722308 ], [ 92.5077472, 26.3722308 ], [ 92.5065379, 26.3722051 ], [ 92.5065114, 26.3721335 ], [ 92.5065114, 26.3719573 ], [ 92.5065235, 26.3718922 ], [ 92.5076334, 26.3708918 ] ] ] ] } },
{ "type": "Feature", "properties": { "full_id": "w1354624029", "osm_id": "1354624029", "osm_type": "way", "landuse": "residential", "water": null, "residential": null, "industrial": null, "resource": null, "trees": null, "produce": null, "natural": null, "name": null, "boundary": null, "type": null }, "geometry": { "type": "MultiPolygon", "coordinates": [ [ [ [ 92.5107084, 26.3691455 ], [ 92.5109376, 26.3691455 ], [ 92.5114954, 26.3692714 ], [ 92.5118507, 26.3694146 ], [ 92.5119127, 26.3694471 ], [ 92.5119127, 26.3696458 ], [ 92.5113804, 26.3698481 ], [ 92.5112258, 26.3698481 ], [ 92.5105514, 26.3696949 ], [ 92.5104328, 26.3695056 ], [ 92.5104328, 26.3693674 ], [ 92.5107084, 26.3691455 ] ] ] ] } },
{ "type": "Feature", "properties": { "full_id": "w1354625042", "osm_id": "1354625042", "osm_type": "way", "landuse": "residential", "water": null, "residential": null, "industrial": null, "resource": null, "trees": null, "produce": null, "natural": null, "name": null, "boundary": null, "type": null }, "geometry": { "type": "MultiPolygon", "coordinates": [ [ [ [ 92.4538387, 26.3927893 ], [ 92.4540093, 26.3927893 ], [ 92.4581778, 26.3932173 ], [ 92.4581778, 26.393386 ], [ 92.4556914, 26.3949861 ], [ 92.4533825, 26.3950228 ], [ 92.4532624, 26.3952379 ], [ 92.4527886, 26.3960118 ], [ 92.4541469, 26.3979158 ], [ 92.4541469, 26.3980687 ], [ 92.454117, 26.3980928 ], [ 92.4546991, 26.3987406 ], [ 92.4556438, 26.3992241 ], [ 92.456039, 26.3993018 ], [ 92.456456, 26.3996528 ], [ 92.457379, 26.4003725 ], [ 92.4582273, 26.4006747 ], [ 92.4595769, 26.4000444 ], [ 92.460852, 26.3997535 ], [ 92.4609527, 26.4001566 ], [ 92.4610673, 26.4008893 ], [ 92.4610673, 26.4010702 ], [ 92.4610088, 26.4012675 ], [ 92.4608591, 26.4020865 ], [ 92.4597649, 26.4020908 ], [ 92.4589359, 26.4021556 ], [ 92.4585888, 26.4023239 ], [ 92.4582322, 26.4020779 ], [ 92.4564102, 26.4020304 ], [ 92.4563742, 26.4018902 ], [ 92.4561316, 26.4002947 ], [ 92.4553625, 26.4002032 ], [ 92.4543648, 26.4000071 ], [ 92.4535866, 26.3993035 ], [ 92.4529961, 26.3984384 ], [ 92.4521924, 26.3984716 ], [ 92.4519759, 26.3984716 ], [ 92.4505302, 26.3984657 ], [ 92.4504543, 26.3983753 ], [ 92.4504543, 26.3982469 ], [ 92.4511137, 26.3973755 ], [ 92.4520781, 26.3962001 ], [ 92.4521123, 26.3961767 ], [ 92.4503291, 26.3963172 ], [ 92.4501279, 26.3963172 ], [ 92.4500854, 26.3962757 ], [ 92.449811, 26.3954273 ], [ 92.449811, 26.3952298 ], [ 92.4499758, 26.3950476 ], [ 92.4510696, 26.3941231 ], [ 92.452676, 26.393915 ], [ 92.4531389, 26.3930739 ], [ 92.453598, 26.3927993 ], [ 92.4538387, 26.3927893 ] ] ] ] } },
{ "type": "Feature", "properties": { "full_id": "w1354627324", "osm_id": "1354627324", "osm_type": "way", "landuse": "residential", "water": null, "residential": null, "industrial": null, "resource": null, "trees": null, "produce": null, "natural": null, "name": null, "boundary": null, "type": null }, "geometry": { "type": "MultiPolygon", "coordinates": [ [ [ [ 92.4013688, 26.3589515 ], [ 92.4016025, 26.3589515 ], [ 92.4018721, 26.359958 ], [ 92.4018721, 26.3601462 ], [ 92.4016361, 26.3610481 ], [ 92.4003431, 26.3616654 ], [ 92.3991644, 26.3621642 ], [ 92.3989914, 26.3621642 ], [ 92.3988763, 26.3621521 ], [ 92.3988763, 26.3620221 ], [ 92.3988881, 26.3619777 ], [ 92.4002382, 26.3596581 ], [ 92.4013688, 26.3589515 ] ] ] ] } },
{ "type": "Feature", "properties": { "full_id": "w1354627325", "osm_id": "1354627325", "osm_type": "way", "landuse": "residential", "water": null, "residential": null, "industrial": null, "resource": null, "trees": null, "produce": null, "natural": null, "name": null, "boundary": null, "type": null }, "geometry": { "type": "MultiPolygon", "coordinates": [ [ [ [ 92.4045779, 26.3535837 ], [ 92.4047902, 26.3535837 ], [ 92.4054562, 26.3539575 ], [ 92.4060876, 26.3571644 ], [ 92.4061458, 26.3575887 ], [ 92.4061458, 26.3577688 ], [ 92.4059655, 26.3587165 ], [ 92.405466, 26.3607486 ], [ 92.4051478, 26.3607486 ], [ 92.4043674, 26.3607096 ], [ 92.4037618, 26.3603634 ], [ 92.402805, 26.3595251 ], [ 92.402805, 26.3593142 ], [ 92.4029933, 26.3536919 ], [ 92.4032827, 26.3536553 ], [ 92.4045779, 26.3535837 ] ] ] ] } },
{ "type": "Feature", "properties": { "full_id": "w1354677493", "osm_id": "1354677493", "osm_type": "way", "landuse": "residential", "water": null, "residential": null, "industrial": null, "resource": null, "trees": null, "produce": null, "natural": null, "name": null, "boundary": null, "type": null }, "geometry": { "type": "MultiPolygon", "coordinates": [ [ [ [ 92.1692725, 26.2933691 ], [ 92.1694688, 26.2933691 ], [ 92.1701058, 26.293612 ], [ 92.1701058, 26.2938151 ], [ 92.1698542, 26.2939457 ], [ 92.1690356, 26.2939989 ], [ 92.1688768, 26.2939989 ], [ 92.1686516, 26.2939575 ], [ 92.1686516, 26.2938032 ], [ 92.1692725, 26.2933691 ] ] ] ] } },
{ "type": "Feature", "properties": { "full_id": "w1354677494", "osm_id": "1354677494", "osm_type": "way", "landuse": "residential", "water": null, "residential": null, "industrial": null, "resource": null, "trees": null, "produce": null, "natural": null, "name": null, "boundary": null, "type": null }, "geometry": { "type": "MultiPolygon", "coordinates": [ [ [ [ 92.1715108, 26.3002813 ], [ 92.1717219, 26.3002813 ], [ 92.1718731, 26.3004255 ], [ 92.1718731, 26.3006341 ], [ 92.1712257, 26.3013961 ], [ 92.171168, 26.3014286 ], [ 92.171109, 26.3014582 ], [ 92.171054, 26.3014683 ], [ 92.1709247, 26.3014683 ], [ 92.1709247, 26.3013272 ], [ 92.1710012, 26.3011673 ], [ 92.1715108, 26.3002813 ] ] ] ] } },
{ "type": "Feature", "properties": { "full_id": "w1354677495", "osm_id": "1354677495", "osm_type": "way", "landuse": "residential", "water": null, "residential": null, "industrial": null, "resource": null, "trees": null, "produce": null, "natural": null, "name": null, "boundary": null, "type": null }, "geometry": { "type": "MultiPolygon", "coordinates": [ [ [ [ 92.1701134, 26.3011721 ], [ 92.1702882, 26.3011721 ], [ 92.1702882, 26.3012976 ], [ 92.1701635, 26.3014358 ], [ 92.1687166, 26.302067 ], [ 92.1685107, 26.3022089 ], [ 92.1674188, 26.3028749 ], [ 92.1671683, 26.3028749 ], [ 92.1671683, 26.3026908 ], [ 92.1672642, 26.302479 ], [ 92.1681379, 26.3009523 ], [ 92.1683918, 26.3009523 ], [ 92.1685222, 26.3013912 ], [ 92.1701134, 26.3011721 ] ] ] ] } },
{ "type": "Feature", "properties": { "full_id": "w1354684466", "osm_id": "1354684466", "osm_type": "way", "landuse": "residential", "water": null, "residential": null, "industrial": null, "resource": null, "trees": null, "produce": null, "natural": null, "name": null, "boundary": null, "type": null }, "geometry": { "type": "MultiPolygon", "coordinates": [ [ [ [ 92.4942788, 26.3395146 ], [ 92.4944694, 26.3395146 ], [ 92.4946093, 26.3395241 ], [ 92.4951947, 26.3409655 ], [ 92.4951947, 26.3411271 ], [ 92.493955, 26.3413636 ], [ 92.4937882, 26.3413636 ], [ 92.4937873, 26.3404632 ], [ 92.4937873, 26.3402972 ], [ 92.4942788, 26.3395146 ] ] ] ] } },
{ "type": "Feature", "properties": { "full_id": "w1354684467", "osm_id": "1354684467", "osm_type": "way", "landuse": "residential", "water": null, "residential": null, "industrial": null, "resource": null, "trees": null, "produce": null, "natural": null, "name": null, "boundary": null, "type": null }, "geometry": { "type": "MultiPolygon", "coordinates": [ [ [ [ 92.496103, 26.3389553 ], [ 92.4962572, 26.3389553 ], [ 92.4964476, 26.3397351 ], [ 92.4964476, 26.3398664 ], [ 92.4963712, 26.3402614 ], [ 92.4959709, 26.3406444 ], [ 92.4958086, 26.3406444 ], [ 92.4951569, 26.3392025 ], [ 92.4951569, 26.3390246 ], [ 92.496103, 26.3389553 ] ] ] ] } },
{ "type": "Feature", "properties": { "full_id": "w1354684468", "osm_id": "1354684468", "osm_type": "way", "landuse": "residential", "water": null, "residential": null, "industrial": null, "resource": null, "trees": null, "produce": null, "natural": null, "name": null, "boundary": null, "type": null }, "geometry": { "type": "MultiPolygon", "coordinates": [ [ [ [ 92.4989173, 26.3395554 ], [ 92.4990855, 26.3395554 ], [ 92.4993415, 26.33958 ], [ 92.4993736, 26.3418326 ], [ 92.4993736, 26.3420803 ], [ 92.4993399, 26.3423532 ], [ 92.4991874, 26.3425184 ], [ 92.4984467, 26.3427429 ], [ 92.4982052, 26.3427429 ], [ 92.4978064, 26.3426627 ], [ 92.497125, 26.3424272 ], [ 92.4966349, 26.3421421 ], [ 92.4960058, 26.3414993 ], [ 92.4960058, 26.3413197 ], [ 92.4960481, 26.3411243 ], [ 92.4971176, 26.339827 ], [ 92.4989173, 26.3395554 ] ] ] ] } },
{ "type": "Feature", "properties": { "full_id": "w1354686646", "osm_id": "1354686646", "osm_type": "way", "landuse": "residential", "water": null, "residential": null, "industrial": null, "resource": null, "trees": null, "produce": null, "natural": null, "name": null, "boundary": null, "type": null }, "geometry": { "type": "MultiPolygon", "coordinates": [ [ [ [ 92.4040718, 26.3491436 ], [ 92.4042978, 26.3491436 ], [ 92.4052995, 26.34965 ], [ 92.4052995, 26.3498299 ], [ 92.4052504, 26.3510271 ], [ 92.4045026, 26.3521565 ], [ 92.404026, 26.3524158 ], [ 92.4035258, 26.3525044 ], [ 92.4033671, 26.3525044 ], [ 92.4020118, 26.3517512 ], [ 92.4020118, 26.3516011 ], [ 92.4034591, 26.3495909 ], [ 92.4040718, 26.3491436 ] ] ] ] } },
{ "type": "Feature", "properties": { "full_id": "w1354686647", "osm_id": "1354686647", "osm_type": "way", "landuse": "residential", "water": null, "residential": null, "industrial": null, "resource": null, "trees": null, "produce": null, "natural": null, "name": null, "boundary": null, "type": null }, "geometry": { "type": "MultiPolygon", "coordinates": [ [ [ [ 92.3950661, 26.3464036 ], [ 92.3952601, 26.3441112 ], [ 92.3953395, 26.3435799 ], [ 92.3957632, 26.3433607 ], [ 92.3959789, 26.3433607 ], [ 92.3963, 26.343622 ], [ 92.3965711, 26.3438498 ], [ 92.3966507, 26.3452554 ], [ 92.3966507, 26.3455087 ], [ 92.3965731, 26.3474628 ], [ 92.4013425, 26.3483935 ], [ 92.4012959, 26.3458064 ], [ 92.4007165, 26.3447873 ], [ 92.4002076, 26.3442832 ], [ 92.4002076, 26.3440748 ], [ 92.4002226, 26.3432966 ], [ 92.3994915, 26.3429242 ], [ 92.3996971, 26.3406013 ], [ 92.399869, 26.3402299 ], [ 92.4025833, 26.3396338 ], [ 92.4031488, 26.3404752 ], [ 92.4032462, 26.3427034 ], [ 92.4033033, 26.3433091 ], [ 92.4033353, 26.3434914 ], [ 92.4033353, 26.3436645 ], [ 92.403108, 26.3473252 ], [ 92.4028601, 26.3477881 ], [ 92.402151, 26.3488967 ], [ 92.4018103, 26.3492601 ], [ 92.4018252, 26.3493983 ], [ 92.4018252, 26.3495466 ], [ 92.4006571, 26.3498526 ], [ 92.4003819, 26.3498526 ], [ 92.3999901, 26.349829 ], [ 92.396141, 26.3494056 ], [ 92.3961052, 26.3498985 ], [ 92.3951982, 26.3518972 ], [ 92.3930337, 26.3524032 ], [ 92.3927837, 26.3524032 ], [ 92.3927334, 26.3522767 ], [ 92.3925084, 26.3515222 ], [ 92.3924001, 26.3510187 ], [ 92.3917543, 26.3497628 ], [ 92.3913933, 26.348849 ], [ 92.3916428, 26.3478381 ], [ 92.3921792, 26.3473991 ], [ 92.3939373, 26.3463622 ], [ 92.3940879, 26.3463622 ], [ 92.3950661, 26.3464036 ] ] ] ] } },
{ "type": "Feature", "properties": { "full_id": "w1354687652", "osm_id": "1354687652", "osm_type": "way", "landuse": "residential", "water": null, "residential": null, "industrial": null, "resource": null, "trees": null, "produce": null, "natural": null, "name": null, "boundary": null, "type": null }, "geometry": { "type": "MultiPolygon", "coordinates": [ [ [ [ 92.4442264, 26.3697756 ], [ 92.4444811, 26.3697756 ], [ 92.4446579, 26.3700752 ], [ 92.4446579, 26.3702889 ], [ 92.4432388, 26.3713233 ], [ 92.4428806, 26.3713233 ], [ 92.4419813, 26.3707589 ], [ 92.4417421, 26.3705709 ], [ 92.441637, 26.3703095 ], [ 92.441637, 26.3701379 ], [ 92.4426148, 26.3700009 ], [ 92.4442264, 26.3697756 ] ] ] ] } },
{ "type": "Feature", "properties": { "full_id": "w1354688095", "osm_id": "1354688095", "osm_type": "way", "landuse": "residential", "water": null, "residential": null, "industrial": null, "resource": null, "trees": null, "produce": null, "natural": null, "name": null, "boundary": null, "type": null }, "geometry": { "type": "MultiPolygon", "coordinates": [ [ [ [ 92.436744, 26.3650722 ], [ 92.4379241, 26.365274 ], [ 92.4402765, 26.36788 ], [ 92.4410632, 26.3698791 ], [ 92.4410632, 26.3700682 ], [ 92.4401825, 26.3722938 ], [ 92.4401607, 26.3723479 ], [ 92.4401079, 26.3724759 ], [ 92.440896, 26.3751268 ], [ 92.4405634, 26.3760495 ], [ 92.440263, 26.377722 ], [ 92.4405312, 26.379183 ], [ 92.4396407, 26.3797693 ], [ 92.4388683, 26.3780296 ], [ 92.4386859, 26.377126 ], [ 92.4358642, 26.3733966 ], [ 92.4346468, 26.3724534 ], [ 92.4345749, 26.3721651 ], [ 92.4341148, 26.370196 ], [ 92.4338109, 26.3670272 ], [ 92.4338109, 26.3667817 ], [ 92.4343622, 26.3653413 ], [ 92.436744, 26.3650722 ] ] ] ] } },
{ "type": "Feature", "properties": { "full_id": "w1354692259", "osm_id": "1354692259", "osm_type": "way", "landuse": "residential", "water": null, "residential": null, "industrial": null, "resource": null, "trees": null, "produce": null, "natural": null, "name": null, "boundary": null, "type": null }, "geometry": { "type": "MultiPolygon", "coordinates": [ [ [ [ 92.4115054, 26.345224 ], [ 92.4116917, 26.345224 ], [ 92.4127459, 26.3452426 ], [ 92.4169977, 26.3455187 ], [ 92.4186641, 26.3474938 ], [ 92.4186641, 26.3476282 ], [ 92.418652, 26.3477028 ], [ 92.4178782, 26.3478156 ], [ 92.4177167, 26.3478156 ], [ 92.4176252, 26.3475947 ], [ 92.4133712, 26.3469361 ], [ 92.4120069, 26.3465749 ], [ 92.4117266, 26.3465095 ], [ 92.4114822, 26.3463858 ], [ 92.4114822, 26.3461943 ], [ 92.4115054, 26.345224 ] ] ] ] } },
{ "type": "Feature", "properties": { "full_id": "w1354692260", "osm_id": "1354692260", "osm_type": "way", "landuse": "residential", "water": null, "residential": null, "industrial": null, "resource": null, "trees": null, "produce": null, "natural": null, "name": null, "boundary": null, "type": null }, "geometry": { "type": "MultiPolygon", "coordinates": [ [ [ [ 92.4177248, 26.3375579 ], [ 92.4179165, 26.3375579 ], [ 92.4195728, 26.3384541 ], [ 92.4203473, 26.3392731 ], [ 92.4208623, 26.339604 ], [ 92.4206526, 26.3403505 ], [ 92.4177271, 26.3412971 ], [ 92.4176735, 26.3418308 ], [ 92.41777, 26.3426336 ], [ 92.4174696, 26.3428595 ], [ 92.4174321, 26.343547 ], [ 92.4169328, 26.343819 ], [ 92.4129708, 26.3441639 ], [ 92.4125637, 26.3441825 ], [ 92.4123594, 26.3441825 ], [ 92.4122696, 26.3435005 ], [ 92.4120443, 26.3422759 ], [ 92.4135232, 26.3394013 ], [ 92.4177248, 26.3375579 ] ] ] ] } },
{ "type": "Feature", "properties": { "full_id": "w1354692261", "osm_id": "1354692261", "osm_type": "way", "landuse": "residential", "water": null, "residential": null, "industrial": null, "resource": null, "trees": null, "produce": null, "natural": null, "name": null, "boundary": null, "type": null }, "geometry": { "type": "MultiPolygon", "coordinates": [ [ [ [ 92.4438267, 26.3397744 ], [ 92.4445539, 26.3398801 ], [ 92.4458038, 26.3402111 ], [ 92.4458038, 26.3403961 ], [ 92.4457933, 26.3406475 ], [ 92.4441377, 26.3415768 ], [ 92.439049, 26.3417312 ], [ 92.4388466, 26.3417312 ], [ 92.437051, 26.3416122 ], [ 92.4362561, 26.3419619 ], [ 92.4360396, 26.3419619 ], [ 92.4358854, 26.3418021 ], [ 92.4356614, 26.341318 ], [ 92.4356614, 26.3412993 ], [ 92.4355528, 26.3411868 ], [ 92.4353288, 26.3407027 ], [ 92.4353074, 26.3393539 ], [ 92.4353074, 26.3391373 ], [ 92.4354061, 26.3378982 ], [ 92.4333851, 26.3361075 ], [ 92.4334816, 26.3355523 ], [ 92.4337452, 26.3355089 ], [ 92.4354082, 26.3356723 ], [ 92.4354887, 26.3345906 ], [ 92.4339223, 26.3336339 ], [ 92.4332729, 26.3334488 ], [ 92.4326134, 26.33348 ], [ 92.4323129, 26.334307 ], [ 92.4325501, 26.335825 ], [ 92.4312149, 26.3359932 ], [ 92.4309931, 26.3359932 ], [ 92.4298453, 26.33523 ], [ 92.4303388, 26.3332685 ], [ 92.4308324, 26.3322685 ], [ 92.4289689, 26.3296311 ], [ 92.4291372, 26.3273837 ], [ 92.4306178, 26.3259989 ], [ 92.4289398, 26.3248698 ], [ 92.4289398, 26.3246754 ], [ 92.4289485, 26.324556 ], [ 92.4290076, 26.3244409 ], [ 92.429833, 26.3240208 ], [ 92.4340727, 26.3239929 ], [ 92.4350498, 26.3239833 ], [ 92.437226, 26.3251536 ], [ 92.4377568, 26.3254482 ], [ 92.4380069, 26.3256047 ], [ 92.4383813, 26.3261378 ], [ 92.4383813, 26.3262889 ], [ 92.4363363, 26.3282298 ], [ 92.4340939, 26.3290232 ], [ 92.4340081, 26.3300713 ], [ 92.4345124, 26.3300953 ], [ 92.4345124, 26.3305713 ], [ 92.4348771, 26.3307684 ], [ 92.4356991, 26.3313038 ], [ 92.437852, 26.3332899 ], [ 92.437852, 26.3335611 ], [ 92.4366367, 26.3377105 ], [ 92.4369934, 26.3383994 ], [ 92.4370886, 26.3391458 ], [ 92.4371546, 26.3398387 ], [ 92.4372172, 26.3399805 ], [ 92.4381655, 26.3404029 ], [ 92.4393779, 26.3403501 ], [ 92.4402467, 26.3394976 ], [ 92.4407351, 26.3394847 ], [ 92.4408317, 26.3400616 ], [ 92.4431437, 26.3397251 ], [ 92.4438267, 26.3397744 ] ] ] ] } },
{ "type": "Feature", "properties": { "full_id": "w1354692262", "osm_id": "1354692262", "osm_type": "way", "landuse": "residential", "water": null, "residential": null, "industrial": null, "resource": null, "trees": null, "produce": null, "natural": null, "name": null, "boundary": null, "type": null }, "geometry": { "type": "MultiPolygon", "coordinates": [ [ [ [ 92.4168467, 26.3247552 ], [ 92.416831, 26.3247155 ], [ 92.416767, 26.3246999 ], [ 92.4135801, 26.3239684 ], [ 92.4113822, 26.3231614 ], [ 92.4099774, 26.3227396 ], [ 92.4099541, 26.3223255 ], [ 92.4104422, 26.319681 ], [ 92.4103617, 26.3184402 ], [ 92.4105739, 26.3184402 ], [ 92.4141891, 26.3185679 ], [ 92.4223777, 26.3199964 ], [ 92.4231426, 26.3214426 ], [ 92.4232347, 26.3215712 ], [ 92.423232, 26.3226024 ], [ 92.4235126, 26.3233184 ], [ 92.4238982, 26.3237662 ], [ 92.4241617, 26.3245277 ], [ 92.4244863, 26.3249363 ], [ 92.4253564, 26.325705 ], [ 92.4257461, 26.3256221 ], [ 92.426608, 26.3254778 ], [ 92.4269342, 26.3254778 ], [ 92.4282282, 26.3255685 ], [ 92.4282282, 26.3256913 ], [ 92.4271448, 26.3276424 ], [ 92.4262503, 26.3287571 ], [ 92.425668, 26.3289272 ], [ 92.425478, 26.3289272 ], [ 92.4232612, 26.3280411 ], [ 92.4186525, 26.3295829 ], [ 92.4126578, 26.3304616 ], [ 92.4125096, 26.3304616 ], [ 92.4110401, 26.3297097 ], [ 92.4110277, 26.3293743 ], [ 92.4110277, 26.3292124 ], [ 92.4113512, 26.3282179 ], [ 92.4134374, 26.325893 ], [ 92.4157262, 26.3259412 ], [ 92.4168467, 26.3247552 ] ] ] ] } },
{ "type": "Feature", "properties": { "full_id": "w1354890588", "osm_id": "1354890588", "osm_type": "way", "landuse": "residential", "water": null, "residential": null, "industrial": null, "resource": null, "trees": null, "produce": null, "natural": null, "name": null, "boundary": null, "type": null }, "geometry": { "type": "MultiPolygon", "coordinates": [ [ [ [ 92.470184, 26.2558301 ], [ 92.4705756, 26.2559047 ], [ 92.4720956, 26.2564655 ], [ 92.4723826, 26.2566712 ], [ 92.4749654, 26.2576516 ], [ 92.4749869, 26.2586619 ], [ 92.4754161, 26.259701 ], [ 92.4748689, 26.2597058 ], [ 92.4742413, 26.2590179 ], [ 92.4717253, 26.2586811 ], [ 92.4718222, 26.2598951 ], [ 92.4710853, 26.2598984 ], [ 92.4708437, 26.2598984 ], [ 92.4688622, 26.2590271 ], [ 92.4685694, 26.2578236 ], [ 92.4685694, 26.257589 ], [ 92.4697954, 26.2563555 ], [ 92.470184, 26.2558301 ] ] ] ] } },
{ "type": "Feature", "properties": { "full_id": "w1354906749", "osm_id": "1354906749", "osm_type": "way", "landuse": "residential", "water": null, "residential": null, "industrial": null, "resource": null, "trees": null, "produce": null, "natural": null, "name": null, "boundary": null, "type": null }, "geometry": { "type": "MultiPolygon", "coordinates": [ [ [ [ 92.3918459, 26.2539133 ], [ 92.3920747, 26.2539133 ], [ 92.3923228, 26.2531402 ], [ 92.3928098, 26.2531944 ], [ 92.3927182, 26.2539472 ], [ 92.3933673, 26.2539472 ], [ 92.3934303, 26.2540681 ], [ 92.3935655, 26.2539915 ], [ 92.3945459, 26.253959 ], [ 92.3947557, 26.253959 ], [ 92.3951109, 26.2540552 ], [ 92.3951109, 26.2542568 ], [ 92.3940056, 26.255057 ], [ 92.3938009, 26.255057 ], [ 92.3935689, 26.2550286 ], [ 92.3935672, 26.2550267 ], [ 92.3935125, 26.2553298 ], [ 92.392927, 26.2555157 ], [ 92.3926431, 26.2555444 ], [ 92.3914844, 26.2551499 ], [ 92.39039, 26.255198 ], [ 92.3901915, 26.255376 ], [ 92.3889416, 26.2553857 ], [ 92.3880994, 26.255708 ], [ 92.3878283, 26.2559561 ], [ 92.3876774, 26.2559561 ], [ 92.3876559, 26.2558859 ], [ 92.3876204, 26.2556528 ], [ 92.3875976, 26.2553148 ], [ 92.3875976, 26.2551389 ], [ 92.3884411, 26.2541291 ], [ 92.3883506, 26.2531044 ], [ 92.3904656, 26.2534171 ], [ 92.3914501, 26.2533191 ], [ 92.3918459, 26.2539133 ] ] ] ] } },
{ "type": "Feature", "properties": { "full_id": "w1354906750", "osm_id": "1354906750", "osm_type": "way", "landuse": "residential", "water": null, "residential": null, "industrial": null, "resource": null, "trees": null, "produce": null, "natural": null, "name": null, "boundary": null, "type": null }, "geometry": { "type": "MultiPolygon", "coordinates": [ [ [ [ 92.3864523, 26.2572369 ], [ 92.3867155, 26.2572369 ], [ 92.3874244, 26.2572713 ], [ 92.3886248, 26.2578805 ], [ 92.3886248, 26.25803 ], [ 92.3855261, 26.2580956 ], [ 92.3854696, 26.2580976 ], [ 92.385326, 26.2590756 ], [ 92.3860449, 26.2598069 ], [ 92.3863771, 26.259857 ], [ 92.3869498, 26.260765 ], [ 92.3869721, 26.260819 ], [ 92.3869721, 26.2609834 ], [ 92.3868707, 26.2613609 ], [ 92.3866387, 26.2613609 ], [ 92.3857123, 26.2609951 ], [ 92.385385, 26.2606536 ], [ 92.3842263, 26.2604178 ], [ 92.3840439, 26.2607498 ], [ 92.3831867, 26.2607199 ], [ 92.3830835, 26.2595901 ], [ 92.3832068, 26.2587429 ], [ 92.3833959, 26.2578801 ], [ 92.3826522, 26.2577887 ], [ 92.3827616, 26.2567496 ], [ 92.3849623, 26.2568029 ], [ 92.3850562, 26.2567842 ], [ 92.3852613, 26.2567842 ], [ 92.3855292, 26.2575721 ], [ 92.3856089, 26.2575616 ], [ 92.3856008, 26.2575929 ], [ 92.3864523, 26.2572369 ] ] ] ] } },
{ "type": "Feature", "properties": { "full_id": "w1354906754", "osm_id": "1354906754", "osm_type": "way", "landuse": "residential", "water": null, "residential": null, "industrial": null, "resource": null, "trees": null, "produce": null, "natural": null, "name": null, "boundary": null, "type": null }, "geometry": { "type": "MultiPolygon", "coordinates": [ [ [ [ 92.383923, 26.2608241 ], [ 92.3843031, 26.2608241 ], [ 92.3845186, 26.2609612 ], [ 92.3845474, 26.2615722 ], [ 92.3845474, 26.2617355 ], [ 92.3843848, 26.26183 ], [ 92.3841801, 26.26183 ], [ 92.3839737, 26.2614238 ], [ 92.383923, 26.2610675 ], [ 92.383923, 26.2608241 ] ] ] ] } },
{ "type": "Feature", "properties": { "full_id": "w1354906760", "osm_id": "1354906760", "osm_type": "way", "landuse": "residential", "water": null, "residential": null, "industrial": null, "resource": null, "trees": null, "produce": null, "natural": null, "name": null, "boundary": null, "type": null }, "geometry": { "type": "MultiPolygon", "coordinates": [ [ [ [ 92.384615, 26.2625928 ], [ 92.3848361, 26.2625928 ], [ 92.3854662, 26.2626319 ], [ 92.3858948, 26.2629408 ], [ 92.3852833, 26.2636319 ], [ 92.3849027, 26.2650232 ], [ 92.3835046, 26.2646768 ], [ 92.383243, 26.2637178 ], [ 92.3834742, 26.2632408 ], [ 92.3838444, 26.2629949 ], [ 92.3840947, 26.2629781 ], [ 92.3842797, 26.2629524 ], [ 92.384615, 26.2625928 ] ] ] ] } },
{ "type": "Feature", "properties": { "full_id": "w1354907828", "osm_id": "1354907828", "osm_type": "way", "landuse": "residential", "water": null, "residential": null, "industrial": null, "resource": null, "trees": null, "produce": null, "natural": null, "name": null, "boundary": null, "type": null }, "geometry": { "type": "MultiPolygon", "coordinates": [ [ [ [ 92.3748118, 26.2523884 ], [ 92.3753911, 26.2524269 ], [ 92.376346, 26.2525231 ], [ 92.377208, 26.2528584 ], [ 92.3770223, 26.255143 ], [ 92.3768026, 26.2566763 ], [ 92.3745068, 26.2558717 ], [ 92.3728518, 26.2552756 ], [ 92.372354, 26.2547239 ], [ 92.372354, 26.2545161 ], [ 92.372368, 26.2542332 ], [ 92.3724282, 26.2539041 ], [ 92.3727255, 26.2525975 ], [ 92.3736477, 26.2524124 ], [ 92.3745704, 26.2524846 ], [ 92.3748118, 26.2523884 ] ] ] ] } },
{ "type": "Feature", "properties": { "full_id": "w1354912489", "osm_id": "1354912489", "osm_type": "way", "landuse": "residential", "water": null, "residential": null, "industrial": null, "resource": null, "trees": null, "produce": null, "natural": null, "name": null, "boundary": null, "type": null }, "geometry": { "type": "MultiPolygon", "coordinates": [ [ [ [ 92.4231141, 26.3615602 ], [ 92.423365, 26.3615602 ], [ 92.423365, 26.3617407 ], [ 92.4233049, 26.3619022 ], [ 92.4231733, 26.3621236 ], [ 92.4230045, 26.3623718 ], [ 92.4226927, 26.3623718 ], [ 92.422524, 26.3621455 ], [ 92.422524, 26.3619952 ], [ 92.4228179, 26.3620465 ], [ 92.4231141, 26.3615602 ] ] ] ] } },
{ "type": "Feature", "properties": { "full_id": "w1354927783", "osm_id": "1354927783", "osm_type": "way", "landuse": "residential", "water": null, "residential": null, "industrial": null, "resource": null, "trees": null, "produce": null, "natural": null, "name": null, "boundary": null, "type": null }, "geometry": { "type": "MultiPolygon", "coordinates": [ [ [ [ 92.1673731, 26.3044115 ], [ 92.1675424, 26.3044115 ], [ 92.1679556, 26.3079923 ], [ 92.1680919, 26.3082222 ], [ 92.1682551, 26.3088072 ], [ 92.1682551, 26.3090159 ], [ 92.1682301, 26.3098069 ], [ 92.1678168, 26.3100685 ], [ 92.1675578, 26.3100798 ], [ 92.1673359, 26.3100798 ], [ 92.1672284, 26.3100281 ], [ 92.1671893, 26.3099436 ], [ 92.1669577, 26.309005 ], [ 92.1668741, 26.3082555 ], [ 92.164598, 26.3077621 ], [ 92.164364, 26.3075396 ], [ 92.164364, 26.3073856 ], [ 92.1645559, 26.3073856 ], [ 92.1665906, 26.3074638 ], [ 92.1669135, 26.3051347 ], [ 92.1670744, 26.3045011 ], [ 92.1673731, 26.3044115 ] ] ] ] } },
{ "type": "Feature", "properties": { "full_id": "w1354927784", "osm_id": "1354927784", "osm_type": "way", "landuse": "residential", "water": null, "residential": null, "industrial": null, "resource": null, "trees": null, "produce": null, "natural": null, "name": null, "boundary": null, "type": null }, "geometry": { "type": "MultiPolygon", "coordinates": [ [ [ [ 92.1680313, 26.3108137 ], [ 92.1702397, 26.3121242 ], [ 92.1702397, 26.3122919 ], [ 92.1700391, 26.3122919 ], [ 92.1679906, 26.3115354 ], [ 92.167684, 26.3125819 ], [ 92.167533, 26.3125819 ], [ 92.166896, 26.3124658 ], [ 92.166896, 26.3123144 ], [ 92.1669671, 26.3117315 ], [ 92.16716, 26.3108638 ], [ 92.1672213, 26.3108114 ], [ 92.1675742, 26.3107604 ], [ 92.1677727, 26.3107604 ], [ 92.1678957, 26.3107721 ], [ 92.1680313, 26.3108137 ] ] ] ] } },
{ "type": "Feature", "properties": { "full_id": "w1354929128", "osm_id": "1354929128", "osm_type": "way", "landuse": "residential", "water": null, "residential": null, "industrial": null, "resource": null, "trees": null, "produce": null, "natural": null, "name": null, "boundary": null, "type": null }, "geometry": { "type": "MultiPolygon", "coordinates": [ [ [ [ 92.2225569, 26.3229311 ], [ 92.2227084, 26.3229311 ], [ 92.2228663, 26.3230814 ], [ 92.2231823, 26.3239757 ], [ 92.2231823, 26.3241264 ], [ 92.2229802, 26.3252497 ], [ 92.2228506, 26.3255875 ], [ 92.2226303, 26.3255875 ], [ 92.2220075, 26.3254218 ], [ 92.2213878, 26.3251794 ], [ 92.2207074, 26.324763 ], [ 92.2203467, 26.3243989 ], [ 92.2202604, 26.3242939 ], [ 92.2202287, 26.3241565 ], [ 92.2202287, 26.3240238 ], [ 92.2203112, 26.3238057 ], [ 92.2207025, 26.3233864 ], [ 92.2225569, 26.3229311 ] ] ] ] } },
{ "type": "Feature", "properties": { "full_id": "w1354930717", "osm_id": "1354930717", "osm_type": "way", "landuse": "residential", "water": null, "residential": null, "industrial": null, "resource": null, "trees": null, "produce": null, "natural": null, "name": null, "boundary": null, "type": null }, "geometry": { "type": "MultiPolygon", "coordinates": [ [ [ [ 92.4769671, 26.3116353 ], [ 92.4771769, 26.3116353 ], [ 92.4779684, 26.3122402 ], [ 92.4779922, 26.3128581 ], [ 92.4779922, 26.3130117 ], [ 92.4777139, 26.3131045 ], [ 92.4770648, 26.3131527 ], [ 92.4768973, 26.3137024 ], [ 92.4758592, 26.3136994 ], [ 92.4761927, 26.3129467 ], [ 92.4762578, 26.3119976 ], [ 92.4769671, 26.3116353 ] ] ] ] } },
{ "type": "Feature", "properties": { "full_id": "w1354931035", "osm_id": "1354931035", "osm_type": "way", "landuse": "residential", "water": null, "residential": null, "industrial": null, "resource": null, "trees": null, "produce": null, "natural": null, "name": null, "boundary": null, "type": null }, "geometry": { "type": "MultiPolygon", "coordinates": [ [ [ [ 92.4423826, 26.2959235 ], [ 92.4425576, 26.2959235 ], [ 92.4426796, 26.2959411 ], [ 92.4428146, 26.2974075 ], [ 92.4428146, 26.2975404 ], [ 92.4427685, 26.2982474 ], [ 92.4419069, 26.2988741 ], [ 92.4416925, 26.2988741 ], [ 92.4411064, 26.2987879 ], [ 92.4411064, 26.2985853 ], [ 92.4423826, 26.2959235 ] ] ] ] } },
{ "type": "Feature", "properties": { "full_id": "w1354955125", "osm_id": "1354955125", "osm_type": "way", "landuse": "residential", "water": null, "residential": null, "industrial": null, "resource": null, "trees": null, "produce": null, "natural": null, "name": null, "boundary": null, "type": null }, "geometry": { "type": "MultiPolygon", "coordinates": [ [ [ [ 92.4486612, 26.2724155 ], [ 92.4488855, 26.2724155 ], [ 92.4498066, 26.2725622 ], [ 92.4503571, 26.272925 ], [ 92.4503779, 26.2730599 ], [ 92.4503779, 26.2743252 ], [ 92.4500835, 26.2744099 ], [ 92.4489722, 26.2743812 ], [ 92.4484238, 26.2745279 ], [ 92.4477227, 26.2734906 ], [ 92.4477227, 26.2733562 ], [ 92.4477991, 26.273141 ], [ 92.4486612, 26.2724155 ] ] ] ] } },
{ "type": "Feature", "properties": { "full_id": "w1354955126", "osm_id": "1354955126", "osm_type": "way", "landuse": "residential", "water": null, "residential": null, "industrial": null, "resource": null, "trees": null, "produce": null, "natural": null, "name": null, "boundary": null, "type": null }, "geometry": { "type": "MultiPolygon", "coordinates": [ [ [ [ 92.4399245, 26.2689198 ], [ 92.4401594, 26.2689198 ], [ 92.4442061, 26.2705062 ], [ 92.4442061, 26.2706573 ], [ 92.4439278, 26.2717398 ], [ 92.4436588, 26.2727701 ], [ 92.4419839, 26.2728197 ], [ 92.4418278, 26.2728197 ], [ 92.4390276, 26.2727515 ], [ 92.4322411, 26.272296 ], [ 92.4326273, 26.269676 ], [ 92.4390453, 26.2695839 ], [ 92.4399245, 26.2689198 ] ] ] ] } },
{ "type": "Feature", "properties": { "full_id": "w1354955173", "osm_id": "1354955173", "osm_type": "way", "landuse": "residential", "water": null, "residential": null, "industrial": null, "resource": null, "trees": null, "produce": null, "natural": null, "name": null, "boundary": null, "type": null }, "geometry": { "type": "MultiPolygon", "coordinates": [ [ [ [ 92.4400248, 26.263758 ], [ 92.4402318, 26.263758 ], [ 92.4416902, 26.2632447 ], [ 92.4414649, 26.263996 ], [ 92.44131, 26.2641932 ], [ 92.4403409, 26.2646229 ], [ 92.4399931, 26.2646229 ], [ 92.4389541, 26.2650265 ], [ 92.4380583, 26.2650168 ], [ 92.4378123, 26.2647275 ], [ 92.4377648, 26.2638393 ], [ 92.4388001, 26.2639112 ], [ 92.4390311, 26.2639527 ], [ 92.439233, 26.2638628 ], [ 92.4400248, 26.263758 ] ] ] ] } },
{ "type": "Feature", "properties": { "full_id": "w1354958334", "osm_id": "1354958334", "osm_type": "way", "landuse": "residential", "water": null, "residential": null, "industrial": null, "resource": null, "trees": null, "produce": null, "natural": null, "name": null, "boundary": null, "type": null }, "geometry": { "type": "MultiPolygon", "coordinates": [ [ [ [ 92.4106344, 26.2737763 ], [ 92.4108465, 26.2737763 ], [ 92.4125307, 26.2737775 ], [ 92.414853, 26.2741134 ], [ 92.414853, 26.2743438 ], [ 92.4145599, 26.2758942 ], [ 92.4143362, 26.2758942 ], [ 92.4115635, 26.276015 ], [ 92.4106344, 26.2739588 ], [ 92.4106344, 26.2737763 ] ] ] ] } },
{ "type": "Feature", "properties": { "full_id": "w1354958335", "osm_id": "1354958335", "osm_type": "way", "landuse": "residential", "water": null, "residential": null, "industrial": null, "resource": null, "trees": null, "produce": null, "natural": null, "name": null, "boundary": null, "type": null }, "geometry": { "type": "MultiPolygon", "coordinates": [ [ [ [ 92.4076303, 26.2780291 ], [ 92.4078319, 26.2780291 ], [ 92.4085224, 26.2787861 ], [ 92.4085224, 26.2790887 ], [ 92.4081239, 26.2808933 ], [ 92.4080418, 26.2810257 ], [ 92.4065311, 26.2820584 ], [ 92.4062476, 26.2821033 ], [ 92.4060442, 26.2821033 ], [ 92.4059423, 26.2820897 ], [ 92.4058866, 26.2819085 ], [ 92.4026317, 26.2813618 ], [ 92.4011081, 26.2800826 ], [ 92.4015159, 26.2784697 ], [ 92.4053119, 26.2769789 ], [ 92.4076303, 26.2780291 ] ] ] ] } },
{ "type": "Feature", "properties": { "full_id": "w1358138914", "osm_id": "1358138914", "osm_type": "way", "landuse": "residential", "water": null, "residential": null, "industrial": null, "resource": null, "trees": null, "produce": null, "natural": null, "name": null, "boundary": null, "type": null }, "geometry": { "type": "MultiPolygon", "coordinates": [ [ [ [ 92.3670304, 26.3281103 ], [ 92.3672458, 26.3281103 ], [ 92.3676222, 26.3281798 ], [ 92.3676222, 26.3283752 ], [ 92.3675521, 26.3286976 ], [ 92.3667683, 26.3296497 ], [ 92.3665802, 26.3296497 ], [ 92.3665802, 26.3294705 ], [ 92.3666656, 26.3282553 ], [ 92.3670304, 26.3281103 ] ] ] ] } },
{ "type": "Feature", "properties": { "full_id": "w1358148716", "osm_id": "1358148716", "osm_type": "way", "landuse": "residential", "water": null, "residential": null, "industrial": null, "resource": null, "trees": null, "produce": null, "natural": null, "name": null, "boundary": null, "type": null }, "geometry": { "type": "MultiPolygon", "coordinates": [ [ [ [ 92.4117451, 26.4581956 ], [ 92.4120006, 26.4581956 ], [ 92.4121901, 26.4586907 ], [ 92.4121901, 26.4588736 ], [ 92.412141, 26.4590909 ], [ 92.4117433, 26.4594744 ], [ 92.4115189, 26.4594744 ], [ 92.4114782, 26.4592025 ], [ 92.4114782, 26.4590371 ], [ 92.4117451, 26.4581956 ] ] ] ] } },
{ "type": "Feature", "properties": { "full_id": "w1358148717", "osm_id": "1358148717", "osm_type": "way", "landuse": "residential", "water": null, "residential": null, "industrial": null, "resource": null, "trees": null, "produce": null, "natural": null, "name": null, "boundary": null, "type": null }, "geometry": { "type": "MultiPolygon", "coordinates": [ [ [ [ 92.4149144, 26.4522638 ], [ 92.4151223, 26.4522638 ], [ 92.4158341, 26.4522987 ], [ 92.4169866, 26.4524316 ], [ 92.4169988, 26.4525997 ], [ 92.4170435, 26.455007 ], [ 92.4170435, 26.4551685 ], [ 92.4168928, 26.4555118 ], [ 92.416681, 26.4555166 ], [ 92.4166711, 26.4556386 ], [ 92.4167092, 26.4556075 ], [ 92.4170753, 26.4565022 ], [ 92.4171218, 26.457488 ], [ 92.4171183, 26.4585108 ], [ 92.4171043, 26.458825 ], [ 92.417026, 26.4598855 ], [ 92.416283, 26.4606104 ], [ 92.4160737, 26.4607936 ], [ 92.4146241, 26.4608493 ], [ 92.414421, 26.4608493 ], [ 92.413731, 26.4603739 ], [ 92.4132509, 26.4599411 ], [ 92.4128499, 26.4593547 ], [ 92.4128499, 26.4591674 ], [ 92.4128788, 26.4588468 ], [ 92.4131177, 26.4581851 ], [ 92.4143904, 26.4582167 ], [ 92.4144199, 26.457883 ], [ 92.4142671, 26.4573427 ], [ 92.4138432, 26.4566332 ], [ 92.4133031, 26.456745 ], [ 92.4130627, 26.45692 ], [ 92.4124395, 26.457086 ], [ 92.4120861, 26.457689 ], [ 92.4119687, 26.4577333 ], [ 92.4116721, 26.4577333 ], [ 92.4114451, 26.457074 ], [ 92.4113901, 26.4568383 ], [ 92.4113901, 26.456676 ], [ 92.4114911, 26.4562277 ], [ 92.4117281, 26.4559209 ], [ 92.4114394, 26.4548553 ], [ 92.4115301, 26.4548237 ], [ 92.4114618, 26.4546904 ], [ 92.4114491, 26.4546359 ], [ 92.4114491, 26.4545119 ], [ 92.4138539, 26.4528693 ], [ 92.4149144, 26.4522638 ] ] ] ] } },
{ "type": "Feature", "properties": { "full_id": "w1358149532", "osm_id": "1358149532", "osm_type": "way", "landuse": "residential", "water": null, "residential": null, "industrial": null, "resource": null, "trees": null, "produce": null, "natural": null, "name": null, "boundary": null, "type": null }, "geometry": { "type": "MultiPolygon", "coordinates": [ [ [ [ 92.4117965, 26.450944 ], [ 92.4120116, 26.450944 ], [ 92.4121873, 26.4516771 ], [ 92.4121971, 26.4518637 ], [ 92.4121971, 26.4519999 ], [ 92.4119289, 26.4522869 ], [ 92.4116696, 26.4525354 ], [ 92.41148, 26.4525354 ], [ 92.4114022, 26.4525054 ], [ 92.4114022, 26.452338 ], [ 92.411427, 26.4510413 ], [ 92.4117965, 26.450944 ] ] ] ] } },
{ "type": "Feature", "properties": { "full_id": "w1358149936", "osm_id": "1358149936", "osm_type": "way", "landuse": "residential", "water": null, "residential": null, "industrial": null, "resource": null, "trees": null, "produce": null, "natural": null, "name": null, "boundary": null, "type": null }, "geometry": { "type": "MultiPolygon", "coordinates": [ [ [ [ 92.321352, 26.2462492 ], [ 92.3264676, 26.2461482 ], [ 92.3267817, 26.251051 ], [ 92.3264569, 26.2510172 ], [ 92.3263848, 26.2517051 ], [ 92.3262745, 26.2524942 ], [ 92.3261243, 26.252552 ], [ 92.3260063, 26.2528984 ], [ 92.325456, 26.2547005 ], [ 92.3236183, 26.2541282 ], [ 92.3232015, 26.2535364 ], [ 92.3224822, 26.2529671 ], [ 92.3213005, 26.2519318 ], [ 92.3209337, 26.2504563 ], [ 92.3209337, 26.2502895 ], [ 92.3214344, 26.2477579 ], [ 92.321352, 26.2462492 ] ] ] ] } },
{ "type": "Feature", "properties": { "full_id": "w1358308447", "osm_id": "1358308447", "osm_type": "way", "landuse": "residential", "water": null, "residential": null, "industrial": null, "resource": null, "trees": null, "produce": null, "natural": null, "name": null, "boundary": null, "type": null }, "geometry": { "type": "MultiPolygon", "coordinates": [ [ [ [ 92.3857375, 26.4329203 ], [ 92.3858973, 26.4329203 ], [ 92.3858973, 26.4330873 ], [ 92.3856613, 26.4330727 ], [ 92.3856398, 26.4331399 ], [ 92.3855701, 26.4331928 ], [ 92.3856264, 26.4333369 ], [ 92.3855411, 26.433539 ], [ 92.3853781, 26.433539 ], [ 92.3853238, 26.4333216 ], [ 92.3853238, 26.4331726 ], [ 92.3853633, 26.4329235 ], [ 92.3857375, 26.4329203 ] ] ] ] } },
{ "type": "Feature", "properties": { "full_id": "w1358308451", "osm_id": "1358308451", "osm_type": "way", "landuse": "residential", "water": null, "residential": null, "industrial": null, "resource": null, "trees": null, "produce": null, "natural": null, "name": null, "boundary": null, "type": null }, "geometry": { "type": "MultiPolygon", "coordinates": [ [ [ [ 92.3922295, 26.4390472 ], [ 92.3924328, 26.4390472 ], [ 92.3924328, 26.439225 ], [ 92.3919963, 26.4403042 ], [ 92.3913893, 26.4409098 ], [ 92.3911422, 26.4409098 ], [ 92.3907083, 26.4405138 ], [ 92.3907083, 26.4403166 ], [ 92.3922295, 26.4390472 ] ] ] ] } },
{ "type": "Feature", "properties": { "full_id": "w1358308452", "osm_id": "1358308452", "osm_type": "way", "landuse": "residential", "water": null, "residential": null, "industrial": null, "resource": null, "trees": null, "produce": null, "natural": null, "name": null, "boundary": null, "type": null }, "geometry": { "type": "MultiPolygon", "coordinates": [ [ [ [ 92.3881542, 26.4393391 ], [ 92.3882995, 26.4393391 ], [ 92.3885466, 26.43949 ], [ 92.3900152, 26.4408246 ], [ 92.3900152, 26.4409997 ], [ 92.3895517, 26.4410801 ], [ 92.387991, 26.4411559 ], [ 92.3854591, 26.4411456 ], [ 92.385267, 26.4411456 ], [ 92.3851675, 26.4411451 ], [ 92.3839967, 26.4409948 ], [ 92.3839967, 26.4408434 ], [ 92.386179, 26.4400953 ], [ 92.3872948, 26.4401722 ], [ 92.3873913, 26.4395958 ], [ 92.3881542, 26.4393391 ] ] ] ] } },
{ "type": "Feature", "properties": { "full_id": "w1358308453", "osm_id": "1358308453", "osm_type": "way", "landuse": "residential", "water": null, "residential": null, "industrial": null, "resource": null, "trees": null, "produce": null, "natural": null, "name": null, "boundary": null, "type": null }, "geometry": { "type": "MultiPolygon", "coordinates": [ [ [ [ 92.3883542, 26.4323288 ], [ 92.3873237, 26.4320773 ], [ 92.3859727, 26.4319501 ], [ 92.3859727, 26.4318019 ], [ 92.3861843, 26.4312785 ], [ 92.3871604, 26.431223 ], [ 92.3873138, 26.431223 ], [ 92.3874932, 26.4316105 ], [ 92.3874798, 26.4316964 ], [ 92.3876837, 26.4316868 ], [ 92.3877894, 26.4314639 ], [ 92.3878967, 26.4314261 ], [ 92.3880769, 26.4314261 ], [ 92.3885865, 26.4314632 ], [ 92.3887502, 26.4315237 ], [ 92.3896272, 26.4318504 ], [ 92.3898272, 26.4321044 ], [ 92.3898272, 26.4322621 ], [ 92.388978, 26.4323182 ], [ 92.3893236, 26.4334247 ], [ 92.3896651, 26.4348359 ], [ 92.3896668, 26.4349788 ], [ 92.3896668, 26.4351174 ], [ 92.3886207, 26.4373937 ], [ 92.3883173, 26.4373937 ], [ 92.3881011, 26.4365136 ], [ 92.3881011, 26.4362909 ], [ 92.3883542, 26.4323288 ] ] ] ] } },
{ "type": "Feature", "properties": { "full_id": "w1358308454", "osm_id": "1358308454", "osm_type": "way", "landuse": "residential", "water": null, "residential": null, "industrial": null, "resource": null, "trees": null, "produce": null, "natural": null, "name": null, "boundary": null, "type": null }, "geometry": { "type": "MultiPolygon", "coordinates": [ [ [ [ 92.389911, 26.4336464 ], [ 92.3900403, 26.4336464 ], [ 92.3915959, 26.4339136 ], [ 92.3915959, 26.4341033 ], [ 92.3915783, 26.4342817 ], [ 92.3915517, 26.4343573 ], [ 92.3914296, 26.4344647 ], [ 92.391165, 26.4345646 ], [ 92.3909523, 26.4345646 ], [ 92.3903247, 26.434511 ], [ 92.3902563, 26.4344648 ], [ 92.3897804, 26.433925 ], [ 92.3897804, 26.4337785 ], [ 92.389911, 26.4336464 ] ] ] ] } },
{ "type": "Feature", "properties": { "full_id": "w1358308455", "osm_id": "1358308455", "osm_type": "way", "landuse": "residential", "water": null, "residential": null, "industrial": null, "resource": null, "trees": null, "produce": null, "natural": null, "name": null, "boundary": null, "type": null }, "geometry": { "type": "MultiPolygon", "coordinates": [ [ [ [ 92.4026033, 26.4343067 ], [ 92.4018233, 26.4323306 ], [ 92.4017919, 26.4322125 ], [ 92.4017919, 26.4320571 ], [ 92.4022508, 26.4313461 ], [ 92.4024552, 26.4313461 ], [ 92.402717, 26.4313681 ], [ 92.403495, 26.4322185 ], [ 92.40354, 26.4326598 ], [ 92.40354, 26.4328571 ], [ 92.4035319, 26.4330449 ], [ 92.4034322, 26.4337156 ], [ 92.403113, 26.4343488 ], [ 92.4061337, 26.4356026 ], [ 92.4062271, 26.4356798 ], [ 92.4062271, 26.4358224 ], [ 92.4059145, 26.4358224 ], [ 92.399959, 26.4353999 ], [ 92.3996979, 26.4363324 ], [ 92.3992868, 26.4363612 ], [ 92.398185, 26.4352525 ], [ 92.3979812, 26.4352443 ], [ 92.3976796, 26.4352708 ], [ 92.3970312, 26.4350784 ], [ 92.3968021, 26.4352946 ], [ 92.3968812, 26.4357108 ], [ 92.3968812, 26.4358788 ], [ 92.3966252, 26.4358788 ], [ 92.3965037, 26.4355321 ], [ 92.3964768, 26.4351528 ], [ 92.3964602, 26.4348226 ], [ 92.3950863, 26.4345362 ], [ 92.3949981, 26.4344936 ], [ 92.3945352, 26.4344936 ], [ 92.3944236, 26.4344593 ], [ 92.3938894, 26.4340924 ], [ 92.3938894, 26.4339743 ], [ 92.3942776, 26.4334781 ], [ 92.3947724, 26.4332213 ], [ 92.3949367, 26.4332213 ], [ 92.3950539, 26.4331519 ], [ 92.394912, 26.4326479 ], [ 92.394912, 26.4324683 ], [ 92.3950635, 26.4314645 ], [ 92.395263, 26.4314645 ], [ 92.3966427, 26.4327458 ], [ 92.3966427, 26.4327965 ], [ 92.3968703, 26.4336155 ], [ 92.3984581, 26.4338364 ], [ 92.3983589, 26.4332624 ], [ 92.3983723, 26.4324386 ], [ 92.3986432, 26.4323065 ], [ 92.3988066, 26.432505 ], [ 92.3989071, 26.4324917 ], [ 92.3992179, 26.4324917 ], [ 92.3993039, 26.4325377 ], [ 92.4002073, 26.4330941 ], [ 92.4006066, 26.4342949 ], [ 92.4026033, 26.4343067 ] ] ] ] } },
{ "type": "Feature", "properties": { "full_id": "w1358308456", "osm_id": "1358308456", "osm_type": "way", "landuse": "residential", "water": null, "residential": null, "industrial": null, "resource": null, "trees": null, "produce": null, "natural": null, "name": null, "boundary": null, "type": null }, "geometry": { "type": "MultiPolygon", "coordinates": [ [ [ [ 92.3932222, 26.4311614 ], [ 92.3934924, 26.4311614 ], [ 92.3935359, 26.4312292 ], [ 92.3935486, 26.4314669 ], [ 92.3935486, 26.431618 ], [ 92.3934533, 26.4333909 ], [ 92.3931894, 26.4337779 ], [ 92.3930157, 26.4337779 ], [ 92.3927904, 26.4335004 ], [ 92.3927568, 26.4334306 ], [ 92.3926567, 26.4331678 ], [ 92.3926497, 26.4330846 ], [ 92.3917296, 26.4329862 ], [ 92.3917124, 26.4332675 ], [ 92.3916739, 26.4333314 ], [ 92.3915417, 26.4333314 ], [ 92.3914292, 26.4332567 ], [ 92.3914146, 26.4329375 ], [ 92.3905233, 26.4324713 ], [ 92.3902396, 26.432153 ], [ 92.3902396, 26.4319781 ], [ 92.3920148, 26.4319615 ], [ 92.3921955, 26.4319615 ], [ 92.3926218, 26.4322227 ], [ 92.3927069, 26.4312076 ], [ 92.3928349, 26.4311924 ], [ 92.3932222, 26.4311614 ] ] ] ] } },
{ "type": "Feature", "properties": { "full_id": "w1358308458", "osm_id": "1358308458", "osm_type": "way", "landuse": "residential", "water": null, "residential": null, "industrial": null, "resource": null, "trees": null, "produce": null, "natural": null, "name": null, "boundary": null, "type": null }, "geometry": { "type": "MultiPolygon", "coordinates": [ [ [ [ 92.3850435, 26.4313305 ], [ 92.3852438, 26.4313305 ], [ 92.3858035, 26.4315008 ], [ 92.3858035, 26.4316882 ], [ 92.38563, 26.4316928 ], [ 92.3854754, 26.4316928 ], [ 92.3849984, 26.4316439 ], [ 92.3849984, 26.4314806 ], [ 92.3850435, 26.4313305 ] ] ] ] } },
{ "type": "Feature", "properties": { "full_id": "w1358311636", "osm_id": "1358311636", "osm_type": "way", "landuse": "residential", "water": null, "residential": null, "industrial": null, "resource": null, "trees": null, "produce": null, "natural": null, "name": null, "boundary": null, "type": null }, "geometry": { "type": "MultiPolygon", "coordinates": [ [ [ [ 92.3954647, 26.438907 ], [ 92.395663, 26.438907 ], [ 92.3966084, 26.4390199 ], [ 92.3966708, 26.4390385 ], [ 92.3966708, 26.4392296 ], [ 92.3964023, 26.4410677 ], [ 92.3963049, 26.4412099 ], [ 92.3960586, 26.4412099 ], [ 92.3950063, 26.4407274 ], [ 92.3950063, 26.4404219 ], [ 92.3953226, 26.4404507 ], [ 92.3954647, 26.438907 ] ] ] ] } },
{ "type": "Feature", "properties": { "full_id": "w1358312675", "osm_id": "1358312675", "osm_type": "way", "landuse": "residential", "water": null, "residential": null, "industrial": null, "resource": null, "trees": null, "produce": null, "natural": null, "name": null, "boundary": null, "type": null }, "geometry": { "type": "MultiPolygon", "coordinates": [ [ [ [ 92.3112897, 26.4155756 ], [ 92.3127954, 26.4143551 ], [ 92.3127954, 26.4141081 ], [ 92.3144791, 26.4111388 ], [ 92.3151929, 26.4109946 ], [ 92.3158952, 26.4114722 ], [ 92.3158952, 26.4116684 ], [ 92.3157759, 26.4124953 ], [ 92.3154689, 26.4131802 ], [ 92.3147499, 26.414406 ], [ 92.3147748, 26.4144795 ], [ 92.3147748, 26.4146653 ], [ 92.314754, 26.4147373 ], [ 92.3118922, 26.419151 ], [ 92.3128791, 26.4197061 ], [ 92.3128791, 26.4198589 ], [ 92.312829, 26.4204774 ], [ 92.3127891, 26.4208403 ], [ 92.3125774, 26.4215029 ], [ 92.3111839, 26.421505 ], [ 92.3110079, 26.421505 ], [ 92.3093721, 26.4204061 ], [ 92.3092838, 26.4203395 ], [ 92.3091128, 26.4201831 ], [ 92.3091128, 26.420036 ], [ 92.3092183, 26.4184174 ], [ 92.3096373, 26.4173381 ], [ 92.309375, 26.4169906 ], [ 92.309375, 26.4168169 ], [ 92.3094358, 26.4167191 ], [ 92.3095118, 26.4166743 ], [ 92.3097027, 26.4166743 ], [ 92.3100486, 26.4167281 ], [ 92.3107318, 26.4160795 ], [ 92.3081219, 26.4158533 ], [ 92.3077724, 26.4146407 ], [ 92.3077724, 26.4144492 ], [ 92.3078066, 26.4143534 ], [ 92.3100199, 26.4143132 ], [ 92.3102755, 26.4143132 ], [ 92.3112897, 26.4155756 ] ] ] ] } },
{ "type": "Feature", "properties": { "full_id": "w1358312676", "osm_id": "1358312676", "osm_type": "way", "landuse": "residential", "water": null, "residential": null, "industrial": null, "resource": null, "trees": null, "produce": null, "natural": null, "name": null, "boundary": null, "type": null }, "geometry": { "type": "MultiPolygon", "coordinates": [ [ [ [ 92.3072326, 26.4127196 ], [ 92.3073759, 26.4127196 ], [ 92.3079937, 26.4129853 ], [ 92.308442, 26.4134808 ], [ 92.308442, 26.413664 ], [ 92.3083985, 26.4139451 ], [ 92.3082305, 26.4139451 ], [ 92.3077161, 26.4138896 ], [ 92.3070654, 26.413803 ], [ 92.3067274, 26.4137684 ], [ 92.306435, 26.413331 ], [ 92.306428, 26.412961 ], [ 92.3072326, 26.4127196 ] ] ] ] } },
{ "type": "Feature", "properties": { "full_id": "w1358312677", "osm_id": "1358312677", "osm_type": "way", "landuse": "residential", "water": null, "residential": null, "industrial": null, "resource": null, "trees": null, "produce": null, "natural": null, "name": null, "boundary": null, "type": null }, "geometry": { "type": "MultiPolygon", "coordinates": [ [ [ [ 92.3161804, 26.417931 ], [ 92.3164157, 26.417931 ], [ 92.3165021, 26.4179448 ], [ 92.3166686, 26.4209246 ], [ 92.3166686, 26.4210868 ], [ 92.3166586, 26.4211864 ], [ 92.3163398, 26.4212272 ], [ 92.3161207, 26.4212272 ], [ 92.3158124, 26.4211317 ], [ 92.3156698, 26.4205903 ], [ 92.3156567, 26.4199662 ], [ 92.3156567, 26.4197685 ], [ 92.3158682, 26.4185978 ], [ 92.3161804, 26.417931 ] ] ] ] } },
{ "type": "Feature", "properties": { "full_id": "w1359005971", "osm_id": "1359005971", "osm_type": "way", "landuse": "farmland", "water": null, "residential": null, "industrial": null, "resource": null, "trees": null, "produce": null, "natural": null, "name": null, "boundary": null, "type": null }, "geometry": { "type": "MultiPolygon", "coordinates": [ [ [ [ 92.5234681, 26.4549881 ], [ 92.5230521, 26.4520087 ], [ 92.523754, 26.4518574 ], [ 92.52378, 26.4520902 ], [ 92.52417, 26.4519738 ], [ 92.524924, 26.454639 ], [ 92.5234681, 26.4549881 ] ] ] ] } },
{ "type": "Feature", "properties": { "full_id": "w1359005972", "osm_id": "1359005972", "osm_type": "way", "landuse": "farmland", "water": null, "residential": null, "industrial": null, "resource": null, "trees": null, "produce": null, "natural": null, "name": null, "boundary": null, "type": null }, "geometry": { "type": "MultiPolygon", "coordinates": [ [ [ [ 92.5243, 26.4519389 ], [ 92.524989, 26.4545575 ], [ 92.5263279, 26.4541851 ], [ 92.52547, 26.4519854 ], [ 92.525197, 26.4520203 ], [ 92.525015, 26.4516013 ], [ 92.524664, 26.4516363 ], [ 92.524664, 26.4518341 ], [ 92.5243, 26.4519389 ] ] ] ] } },
{ "type": "Feature", "properties": { "full_id": "w1359005973", "osm_id": "1359005973", "osm_type": "way", "landuse": "farmland", "water": null, "residential": null, "industrial": null, "resource": null, "trees": null, "produce": null, "natural": null, "name": null, "boundary": null, "type": null }, "geometry": { "type": "MultiPolygon", "coordinates": [ [ [ [ 92.525405, 26.4517294 ], [ 92.5264319, 26.4541502 ], [ 92.5275369, 26.4538126 ], [ 92.5267959, 26.4509845 ], [ 92.525847, 26.4511824 ], [ 92.525912, 26.4515897 ], [ 92.525405, 26.4517294 ] ] ] ] } },
{ "type": "Feature", "properties": { "full_id": "w1359008341", "osm_id": "1359008341", "osm_type": "way", "landuse": "farmland", "water": null, "residential": null, "industrial": null, "resource": null, "trees": null, "produce": null, "natural": null, "name": null, "boundary": null, "type": null }, "geometry": { "type": "MultiPolygon", "coordinates": [ [ [ [ 92.5216891, 26.4521454 ], [ 92.5215603, 26.4512617 ], [ 92.5221826, 26.4512041 ], [ 92.5227649, 26.4509028 ], [ 92.5230195, 26.452837 ], [ 92.5223328, 26.4528178 ], [ 92.5222684, 26.4521262 ], [ 92.5216891, 26.4521454 ] ] ] ] } },
{ "type": "Feature", "properties": { "full_id": "w1359008792", "osm_id": "1359008792", "osm_type": "way", "landuse": "farmland", "water": null, "residential": null, "industrial": null, "resource": null, "trees": null, "produce": null, "natural": null, "name": null, "boundary": null, "type": null }, "geometry": { "type": "MultiPolygon", "coordinates": [ [ [ [ 92.5243052, 26.4550091 ], [ 92.5246303, 26.4566015 ], [ 92.5254527, 26.4564303 ], [ 92.5251467, 26.4547009 ], [ 92.5243052, 26.4550091 ] ] ] ] } },
{ "type": "Feature", "properties": { "full_id": "w1359008793", "osm_id": "1359008793", "osm_type": "way", "landuse": "farmland", "water": null, "residential": null, "industrial": null, "resource": null, "trees": null, "produce": null, "natural": null, "name": null, "boundary": null, "type": null }, "geometry": { "type": "MultiPolygon", "coordinates": [ [ [ [ 92.5255292, 26.4557454 ], [ 92.5252806, 26.4547522 ], [ 92.5260074, 26.4544611 ], [ 92.5262178, 26.4555742 ], [ 92.5264282, 26.4555742 ], [ 92.5265429, 26.4564988 ], [ 92.5259309, 26.4567899 ], [ 92.5254527, 26.4564303 ], [ 92.5255292, 26.4558652 ], [ 92.5255292, 26.4557454 ] ] ] ] } }
]
}
